theme_id,label,summary,section2_text,section8_text,strength_text,caution_text,tags
virgo_6h_stellium_work_service,実務・改善・奉仕の人生テーマ,実務・改善・奉仕を通じて自分の価値を形にしていくことが人生の中心テーマです。,日々の仕事や役割を丁寧に整えながら、役に立つことを通して自己価値を築いていく流れが人生の軸になります。,人生全体を通して、実務力・改善力・献身性を使いながら、自分の価値を社会の中で具体化していくことが大きなテーマになります。,課題を見つけて整え、仕組みに落とし込む力が強みです。,完璧を求めすぎると、義務感が強まり心身の負担が大きくなります。,work;service;improvement;routine;virgo;6house
capricorn_10h_stellium_social_achievement,社会的達成と構築の人生テーマ,現実的な努力を積み重ね社会の中で実績と信頼を築くことが人生テーマです。,責任ある立場の中で成果を積み上げることが自然な流れとなりやすい配置です。,長期的に評価される形を作り上げることが人生の大きな軸になります。,継続力と責任感が非常に強い点が魅力です。,成果に偏りすぎると感情が置き去りになりやすくなります。,career;achievement;authority;capricorn;10house
scorpio_8h_stellium_transformation,深い変容と共有の人生テーマ,深い関係性や共有領域を通じて人生が大きく変容していくテーマです。,表面的ではない関係や出来事に強く引き寄せられ、深い体験を通じて変化していきます。,極端な経験を経て、自分自身を作り変えていくことが人生の軸になります。,集中力と洞察力の深さが強みです。,疑いや執着が強まると人間関係が不安定になります。,transformation;depth;shared;scorpio;8house
libra_7h_relationship_axis,対人関係中心の人生テーマ,人との関わりの中で自分を知り成長していくテーマです。,他者との関係性を通じて、自分の役割や立ち位置が明確になります。,人生の重要な転機は対人関係の中で起こりやすい傾向があります。,バランス感覚と対人調整力が強みです。,相手に合わせすぎると主体性が弱くなります。,relationship;balance;libra;7house
leo_5h_self_expression,自己表現と創造の人生テーマ,自分らしさを表現し創造的に生きることが中心テーマです。,自分の個性や魅力を外に出していくことで人生が活性化します。,楽しむことと表現することが人生全体のエネルギー源になります。,表現力と存在感の強さが魅力です。,評価を求めすぎると不安定になります。,expression;creativity;leo;5house
taurus_2h_value_building,価値構築と安定の人生テーマ,自分の価値や資源を安定的に築くことが人生の軸になります。,現実的な基盤を整えながら、自分の価値を確立していく流れになります。,物質的・精神的な安定を作ることが人生のテーマです。,粘り強さと安定志向が強みです。,変化を避けすぎると成長が停滞します。,value;stability;taurus;2house
gemini_3h_information,情報と学びの人生テーマ,情報・知識・コミュニケーションを通じて世界を広げるテーマです。,学び続けることと発信することが人生の重要な要素になります。,知識を循環させることで人生が発展していきます。,柔軟性と理解力が強みです。,浅く広くになりすぎると軸がぶれます。,learning;communication;gemini;3house
pisces_asc_sensitivity,感受性と共感の人生テーマ,繊細な感受性と共感力を通じて世界と関わるテーマです。,人や空気を自然に感じ取りながら行動する傾向があります。,理屈だけではなく感覚を使って人生を進めていきます。,共感力と直感が強みです。,境界が曖昧になりやすい点に注意が必要です。,sensitivity;empathy;pisces;asc
aries_asc_action,行動力と突破の人生テーマ,自ら動き道を切り開くことが人生のテーマです。,迷うより先に行動することで流れが生まれます。,挑戦することで人生が大きく動いていきます。,決断力と行動力が強みです。,衝動的になりすぎると失敗が増えます。,action;initiative;aries;asc
capricorn_asc_structure,現実構築と責任の人生テーマ,現実を積み上げながら確かな成果を出していくテーマです。,責任ある立場を担うことで成長していきます。,時間をかけて確実に形にする人生になります。,継続力と管理力が強みです。,自分に厳しすぎると余裕を失います。,structure;responsibility;capricorn;asc