planet1,planet2,aspect,Aspect_Angle,Summary
SUN,MOON,conjunction,0,新月生まれの配置です。目指すべき人生の方向性（太陽）と内面的な感情や本音（月）が一体化しており、裏表がなく純粋で強い自己推進力を持ちます。主観的になりやすい面もありますが、自分の信念に素直に従って道を切り開く力に長けています。
SUN,MOON,sextile,60,意志と感情が穏やかに調和し、素直でバランスの取れた人柄を備えています。公の場での振る舞いとプライベートの欲求が無理なく噛み合うため、精神的な安定感があり、周囲との良好な人間関係や協力を自然と引き寄せることができます。
SUN,MOON,square,90,上弦または下弦の月生まれの配置です。社会的な目標（太陽）と個人的な安心感や感情（月）の間で葛藤を抱えやすい傾向があります。内なる矛盾を克服しようとする強い動機が、粘り強い努力や自己成長を促し、独自の人生を力強く切り開く原動力となります。
SUN,MOON,trine,120,内面の欲求と社会的な自己実現が心地よく調和する恵まれた配置です。自己肯定感が高く、精神的に安定しており、無理のない自然体で周囲からの信頼や援助を得られます。穏やかな幸福感と豊かな家庭・人間関係を育む資質を持ちます。
SUN,MOON,quincunx,150,本質的な自己像と内面的な気分のリズムが噛み合いにくく、自己調整にエネルギーを要する傾向があります。周囲への過剰な気遣いから疲れやすい面もありますが、試行錯誤を通じて繊細な適応力と柔軟な人間性を獲得していきます。
SUN,MOON,opposition,180,満月生まれの配置です。人生の目的（太陽）と感情（月）が対向し、他者との関わりを通じて自己を深く理解していく傾向があります。公私のバランスを取ることに常に意識が向きますが、客観性と広い視野を持ち、豊かな表現力を発揮します。
SUN,MERCURY,conjunction,0,知性と自己表現力が直結しており、明晰な思考力と高いコミュニケーション能力を持ちます。自分の考えを言葉にするのが得意で、好奇心旺盛に知識を吸収します。主観的になりやすい点に気をつければ、優れた発信者や企画者として活躍できます。
SUN,MERCURY,sextile,60,機転が利き、知的好奇心と表現力に恵まれています。柔軟な思考で人の意見を受け入れつつ、自分の考えを分かりやすく伝えることができます。情報収集や学習、人との対話を通じて人生のチャンスを軽やかに広げていけます。
SUN,MERCURY,square,90,鋭い批判精神と思考への強いこだわりを持つ傾向があります。自分の意見を急いで主張しすぎて議論になったり、神経質になりやすい面もありますが、その鋭い知性と問題意識を建設的な研究や改善活動に活かすことで高い専門性を発揮します。
SUN,MERCURY,trine,120,明晰な頭脳とスムーズな伝達力を生まれ持ち、知的な活動全般に優れた適性を持ちます。理解力と文章力が高く、自分のアイデアを周囲に自然と浸透させることができます。学習や語学、実務処理においてストレスなく成果を上げられます。
SUN,MERCURY,quincunx,150,自己表現の意図と思考・伝達のスタイルの間にズレを感じやすく、言葉の選び方に慎重になる傾向があります。コミュニケーションにおける細かな自己調整を重ねることで、多角的な視点と洗練された表現技術を身につけていきます。
SUN,MERCURY,opposition,180,他者との対話や議論を通じて自己の思考を鍛え上げていく性質を持ちます。他者の意見に敏感で客観的な視点を持てる反面、議論好きになりやすい傾向もあります。バランスの取れたファシリテーターや交渉役として才能を発揮します。
SUN,VENUS,conjunction,0,生まれながらの魅力、社交性、美意識に恵まれた愛されキャラの配置です。人当たりが柔らかく、親しみやすい雰囲気で周囲を和ませます。芸術やファッションへの関心が高く、美や調和を大切にする人生観を持ちます。
SUN,VENUS,sextile,60,温厚で親しみやすい人柄と、優れた美的センスを備えています。人間関係の調和を自然に保つことができ、周囲からの好意や協力を得やすい徳があります。趣味や社交を楽しみながら心豊かな人生を築きます。
SUN,VENUS,square,90,強い自己愛や贅沢・楽しみへの強い憧れを持つ傾向があります。甘えや浪費、対人関係での依存に注意が必要ですが、人を喜ばせたいという強い情熱が魅力的な自己表現やエンターテインメントの才能へと昇華されます。
SUN,VENUS,trine,120,優雅な気品と豊かな芸術的感性、恵まれた社交運を生まれ持っています。人に対する思いやりと寛容さがあり、穏やかで幸福な人間関係を自然に築けます。美や文化、接客やデザインの分野で優れた才能を発揮します。
SUN,VENUS,quincunx,150,自己の目指す生き方と、他者に好かれたい欲求との間で葛藤を抱えやすい配置です。相手に合わせすぎて疲れやすい面がありますが、試行錯誤を通じて自分らしさと他者への配慮の絶妙なバランスを体得していきます。
SUN,VENUS,opposition,180,他者からの愛情や評価を強く求め、人間関係に深い関心を注ぐ性質を持ちます。見栄や過度な自己演出に気をつければ、人々を引きつける華やかなカリスマ性と優れた対人折衝能力を発揮できます。
SUN,MARS,conjunction,0,強烈な意志力、情熱、行動力を備えた生まれながらのチャレンジャーです。勇気を持って先頭に立ち、障害を突破して目標を達成する推進力に長けています。短気や衝動性を自制し、建設的な目標に注ぐことで大成します。
SUN,MARS,sextile,60,前向きな意欲と健全な行動力が無理なく噛み合っています。決断力があり、思い立ったらすぐに行動へ移せる軽快さを持ちます。フェアな競争心とリーダーシップで周囲を明るく牽引できる人柄です。
SUN,MARS,square,90,激しい情熱と強い闘争心を秘めており、困難に屈しない不屈のエネルギーを持ちます。短気や自己主張の強さから摩擦を生みやすい傾向がありますが、その爆発的な推進力をスポーツや難題の克服に向けることで大きな成功を収めます。
SUN,MARS,trine,120,力強い生命力、勇気、高い実行力をバランスよく備えています。堂々としたリーダーシップを発揮でき、どんな障害も前向きなエネルギーで乗り越えられます。周囲を鼓舞し、目標を確実に達成する頼もしい存在です。
SUN,MARS,quincunx,150,内なる野心や情熱と、実際の行動のペース配分にズレを感じやすい配置です。焦って無理な勝負に出てエネルギーを消耗しがちですが、試行錯誤を通じて持久力と的確なタイミングを見極める知恵を体得していきます。
SUN,MARS,opposition,180,強いライバル心と勝負強さを持ち、他者との競い合いを通じて自己の限界を突破していく性質です。他者からの攻撃に対抗する形で力が出やすいですが、フェアな競争相手や協力関係を築くことで絶大な成果を挙げます。
SUN,JUPITER,conjunction,0,大らかで楽観的な精神、豊かな寛容さ、強い幸運の引き寄せ力を生まれ持っています。高い志と広い視野を持ち、人望を集めながら人生を大きく発展させることができます。誠実さと謙虚さを保つことで名声を確固たるものにします。
SUN,JUPITER,sextile,60,前向きで親しみやすい性格と、健全な道徳観を備えています。周囲からの引き立てや援助を得やすく、学びや旅行、精神的な探求を通じて人生を豊かに広げていけます。着実な成長と調和の取れた幸福を掴む資質です。
SUN,JUPITER,square,90,大きな夢や高い理想を抱く野心家ですが、見通しが甘くなったり手を広げすぎる傾向があります。過剰な自信や浪費に気をつければ、失敗を恐れない大胆な挑戦力によって人並み外れたスケールの大きな事業を成し遂げられます。
SUN,JUPITER,trine,120,最高の幸運と豊かな人格に恵まれた調和的な配置です。自然体でいてもチャンスや良縁に恵まれ、寛大な心で人々を導きます。学術、法律、国際関係、ビジネスなど広い舞台で高い社会的成功と名誉を手にします。
SUN,JUPITER,quincunx,150,高すぎる理想と現実の能力や環境との間でギャップを感じやすい配置です。期待に応えようと無理な約束をしがちですが、現実的な優先順位を整理し、一歩ずつ着実に積み重ねることで着実な自己実現を遂げます。
SUN,JUPITER,opposition,180,スケールの大きな目標と強い自己顕示欲を持ち、世の中に大きな影響を与えたいと願う性質です。大風呂敷を広げすぎず、着実な実務と誠実さを伴わせることで、多くの支持を集める指導者として大成します。
SUN,SATURN,conjunction,0,強い責任感、自制心、堅実な現実感覚を生まれ持っています。若年期には重圧やコンプレックスを感じやすい傾向がありますが、地道な努力を重ねることで晩年に向けて確固たる社会的地位と揺るぎない信頼を築き上げます。
SUN,SATURN,sextile,60,誠実で規律正しい性格と、忍耐強い実行力を備えています。無駄を省き、長期的な視点で物事を着実に積み上げる才能があります。年長者からの引き立てを受けやすく、組織や社会で確実な信用を勝ち取ります。
SUN,SATURN,square,90,厳しい試練や自己否定感に直面しやすい傾向がありますが、それを克服するための不屈の忍耐力を秘めています。困難から逃げずに課題と向き合い続けることで、誰よりも強靭な精神と本物の実力を身につけていきます。
SUN,SATURN,trine,120,卓越した自己統制力と現実的な構成力に恵まれた安定の配置です。常識と秩序を重んじ、着実な努力によって目標を確実に達成します。組織のリーダーや専門家として高い評価と永続的な基盤を築く資質を持ちます。
SUN,SATURN,quincunx,150,人生の目標と課される責任・制約の間でプレッシャーを感じやすい配置です。自己犠牲や無理な我慢に陥らないよう、自分自身の限界を認めながら、現実的なペース配分と責任の引き受け方を学んでいきます。
SUN,SATURN,opposition,180,権威や社会的な枠組みとの対峙を通じて自己を確立していく性質です。他者からの厳しい要求や批判に鍛えられますが、責任を恐れず自立した生き方を貫くことで、確固たる信念を持つ成熟した指導者となります。
SUN,URANUS,conjunction,0,強烈な個性、独創的な発想、自由を愛する改革者精神を持っています。既存の枠組みに縛られることを嫌い、自らのユニークな直感に従って道を切り開きます。先端技術や独自の分野で天才的なひらめきを発揮します。
SUN,URANUS,sextile,60,オープンで進歩的な思考と、柔軟な発想力を備えています。型にはまらない新しいアイデアをスムーズに現実へ取り入れることができ、多様な個性を持つ仲間とのネットワークを通じて人生の可能性を広げます。
SUN,URANUS,square,90,強い反骨精神と突飛な行動力を秘めており、体制への反発や突然の方向転換を起こしやすい傾向があります。周囲との摩擦を生みやすいですが、常識を打ち破る革新的なエネルギーとして活かすことで唯一無二の道を切り開きます。
SUN,URANUS,trine,120,卓越した独創性と自由な精神が調和的に発揮される恵まれた配置です。周囲に爽やかな印象を与えながら、時代の先端を行くプロジェクトやユニークな活動で自然と高い評価を得られます。個性を活かして大いに輝く人生を歩みます。
SUN,URANUS,quincunx,150,独自性を貫きたい欲求と、社会的な適応との間で葛藤を抱えやすい配置です。孤立を恐れず、かつ周囲と無駄に対立しないバランスを模索する中で、独自の視点を社会で役立つ形へと落とし込む高度な工夫を身につけます。
SUN,URANUS,opposition,180,他者との関係において強い独立心と反骨精神を発揮する性質です。束縛を嫌い、突発的な人間関係の刷新を起こしやすいですが、自立した個人同士の自由で刺激的な協力関係を築くことで絶大な影響力を放ちます。
SUN,NEPTUNE,conjunction,0,豊かなイマジネーション、崇高な理想、深い同情心を生まれ持っています。感受性が極めて高く、夢見がちな面や自己犠牲に走りやすい傾向もありますが、芸術、音楽、スピリチュアル、癒やしの分野で非凡な才能を開花させます。
SUN,NEPTUNE,sextile,60,繊細な直感力と優しい思いやりを備えています。人の気持ちを敏感に察知し、自然体で周囲を癒やすことができます。理想を現実の活動へと穏やかに反映させ、文化・芸術や人道的な取り組みで力を発揮します。
SUN,NEPTUNE,square,90,自己像の曖昧さや現実逃避の傾向、他者への過剰な自己犠牲に悩まされやすい配置です。失望や幻滅を経験しやすいですが、自他の境界線を明確にし、地に足のついた生き方を学ぶことで、本物の慈愛と芸術的感性を確立します。
SUN,NEPTUNE,trine,120,純粋な精神性と卓越した芸術的インスピレーションに恵まれた配置です。無条件の優しさと高い理想を持ち、周囲に夢や希望を与えます。直感に従って生きることで自然と守られ、豊かな精神生活を享受します。
SUN,NEPTUNE,quincunx,150,現実の生活・義務と、内なる高い理想や夢との間でバランスを取るのに苦心する配置です。曖昧さに流されず、自分の感覚を丁寧に整理しながら、理想を少しずつ現実的な形へと落とし込んでいく調整力を育てます。
SUN,NEPTUNE,opposition,180,他者への強い同情心や理想の投影を通じて自己を探求していく性質です。騙されたり幻滅したりするリスクもありますが、現実的な客観性を身につけることで、多くの人々を導く深い慈愛と高いカリスマ性を獲得します。
SUN,PLUTO,conjunction,0,圧倒的なカリスマ性、強靭な底力、根本的な再生力を秘めた強烈な生まれです。人生の危機を乗り越えるたびに不死鳥のように蘇り、強大な意志の力で自らの運命と環境を根本から作り変える力を持っています。
SUN,PLUTO,sextile,60,強い精神力と深い洞察力を備えています。物事の本質や人の心理を見抜く力に長け、困難な状況でも動じずに主導権を握ることができます。自制心と集中力を活かして着実に大きな権威や地位を築き上げます。
SUN,PLUTO,square,90,激しい権力欲や極端な自己変容の衝動を秘めており、人生の激変や強いプレッシャーに直面しやすい傾向があります。力による支配を戒め、内なる強大なエネルギーを自己規律と建設的な再生へ昇華させることで無類の強さを手に入れます。
SUN,PLUTO,trine,120,揺るぎない精神力、圧倒的な集中力、天性のリーダーシップに恵まれた最強の配置です。困難な状況を力強く逆転させる底力があり、大きな野心や社会的責任を自然と背負って成し遂げることができます。
SUN,PLUTO,quincunx,150,抑えきれない強い野心や支配欲と、日常の現実との間で葛藤を抱えやすい配置です。極端な行動に走らず、自らのエネルギーを少しずつ建設的な自己変革や実務へと振り向ける粘り強い調整を体得していきます。
SUN,PLUTO,opposition,180,他者からの強い圧力や権力闘争を通じて自己の限界を突破していく宿命的な強さを持つ性質です。対立を恐れず、自らの信念を貫くことで、圧倒的な存在感とカリスマ性を持つ真のリーダーへと成長します。
SUN,ASC,conjunction,0,強い自己主張力、活力、堂々とした存在感を生まれ持っています。初対面でも強烈な印象を与え、自らの個性や意志をストレートに打ち出して道を切り開きます。リーダーとしての風格と生命力に満ち溢れた人柄です。
SUN,ASC,sextile,60,明るく前向きな人柄と、バランスの取れた自己表現力を備えています。周囲に対して自然体で自己アピールができ、好意的な第一印象を与えます。社会的なチャンスや人との協力をスムーズに引き寄せます。
SUN,ASC,square,90,自己の内なる意志と、周囲から見られる第一印象や振る舞いとの間にギャップが生じやすい配置です。自己表現での摩擦を経験しやすいですが、意識的なセルフコントロールを磨くことで強い個性を確立します。
SUN,ASC,trine,120,生まれながらの自信と魅力が自然に溢れ出る調和的な配置です。周囲からの高い評価や協力を無理なく得られ、自分らしさを存分に発揮しながら人生をスムーズに前進させることができます。
SUN,ASC,quincunx,150,周囲への見せ方や立ち振る舞いに対して過剰に気を遣い、違和感を覚えやすい傾向があります。試行錯誤を通じて、周囲の期待に振り回されない自然体の自分らしさを表現する工夫を学んでいきます。
SUN,ASC,opposition,180,パートナーシップや他者との関わりを通じて自己の存在価値を確立していく性質です。他者の影響を強く受けやすい反面、強力な協力者や伴侶と出会うことで人生が大きく飛躍します。
SUN,MC,conjunction,0,強い野心と高い社会的自己実現力を生まれ持っています。キャリアや公の場での成功を強く求め、リーダーシップを発揮して高い地位や名声を獲得する宿命を持ちます。社会的な責任を堂々と果たすことで大成します。
SUN,MC,sextile,60,社会的な成功への意欲と現実的な行動力が調和しています。目上の人からの引き立てや援助を得やすく、自らのキャリアをスムーズに発展させることができます。誠実な仕事ぶりが着実な評価につながります。
SUN,MC,square,90,家庭やプライベートと、仕事や社会的な野心との間で葛藤を抱えやすい配置です。プレッシャーを感じやすいですが、両者のバランスを模索し続けることで、独自の強いキャリアと人間性を確立していきます。
SUN,MC,trine,120,社会的な名声やキャリアの成功に恵まれた調和的な配置です。天性の風格とリーダーシップがあり、公の舞台で自然と高い評価と支持を集めます。自らの天職を見出して輝かしい実績を残します。
SUN,MC,quincunx,150,社会的な役割や期待と、自分本来の生き方との間に違和感を覚えやすい配置です。無理に周囲の期待に応えようとせず、自分らしい職業観や社会的立場を少しずつ模索・調整していく柔軟性が鍵となります。
SUN,MC,opposition,180,家庭や心の拠り所、自らのルーツを人生の基盤とする性質です。内面的な精神の安定やプライベートの充実を最優先にすることで、結果として社会的な活動にも強い支えと安心感がもたらされます。
MOON,MERCURY,conjunction,0,豊かな感受性と機敏な知性が一体化しています。人の気持ちを敏感に察知し、共感力に富んだ温かい言葉で表現する才能を持ちます。記憶力や観察力が高く、日常の出来事を生き生きと語ることができます。
MOON,MERCURY,sextile,60,感情と思考のバランスが取れており、素直で親しみやすいコミュニケーション能力を備えています。細やかな気配りができ、相談役や聞き上手として周囲に安心感を与えます。実務処理や情報収集も軽快に進めます。
MOON,MERCURY,square,90,気分の浮き沈みが思考や発言に影響しやすい傾向があります。些細なことに過敏になりやすい面もありますが、感情の機微を鋭く捉える繊細な感性を、執筆や心理分析などの専門的な表現に活かすことで強みに変えられます。
MOON,MERCURY,trine,120,明晰な知性と豊かな情緒が美しく調和した恵まれた配置です。理解力が高く、相手の心にスッと届く優しい表現力を持っています。教育、カウンセリング、文学などの分野で高い能力を発揮します。
MOON,MERCURY,quincunx,150,感情の機微を論理的に説明することに違和感やもどかしさを感じやすい配置です。直感と理屈のバランスを模索する中で、言葉にしにくい感情を丁寧に言語化する独自の繊細な対話術を身につけていきます。
MOON,MERCURY,opposition,180,感情と論理の葛藤を抱えやすく、気持ちと言葉が裏腹になりがちな傾向があります。他者との対話を通じて自分の感情を客観的に見つめ直すことで、人々の多様な感情と意見を調停する優れたファシリテーターになれます。
MOON,VENUS,conjunction,0,愛らしさ、優しさ、優れた美意識と社交性を生まれ持っています。人に対する愛情が深く、心地よい空間や人間関係を育む天賦の才があります。芸術、料理、インテリアなど暮らしを彩る分野で素晴らしい才能を発揮します。
MOON,VENUS,sextile,60,穏やかで人当たりの良い人柄と、洗練された美的センスを備えています。周囲との調和を大切にし、誰からも愛される安心感を与えます。趣味や家庭生活を楽しみながら、心満たされる温かい絆を育みます。
MOON,VENUS,square,90,愛情への強い欲求や贅沢・甘えの傾向を秘めています。感情に流されて浪費したり、対人関係で過剰な依存をしがちですが、人を喜ばせたい純粋なサービス精神を活かすことで魅力的な人気者として輝きます。
MOON,VENUS,trine,120,豊かな愛情と優雅な魅力に恵まれた幸運の配置です。情緒が安定しており、周囲に安心感と喜びをもたらす天性の愛され力を持っています。芸術や美、豊かな家庭環境を育み、穏やかな幸福を享受します。
MOON,VENUS,quincunx,150,自分の感情的な心地よさと、他者に合わせる社交性との間で葛藤を抱えやすい配置です。気遣いすぎて疲弊しないよう、自分自身の本音の安心感を優先しながら、無理のない対人距離を築く知恵を体得していきます。
MOON,VENUS,opposition,180,強い愛情欲求を持ち、他者との親密な関係を通じて自己の充足を求める性質です。見栄や甘えを戒め、自立した自己愛を確立することで、多くの人々に温かい無条件の愛を届ける存在となります。
MOON,MARS,conjunction,0,激しい感情のエネルギー、情熱、率直な行動力を生まれ持っています。感受性が強く感情がダイレクトに行動へと直結します。短気や感情の爆発をコントロールし、目標に向けた熱い意欲として活かすことで強大な推進力を発揮します。
MOON,MARS,sextile,60,素直な情熱と前向きな行動力を備えています。感情に裏表がなく、思ったことを軽快に行動へと移せます。周囲を明るく励ますバイタリティがあり、家庭や身近な環境を自らリードして活性化させます。
MOON,MARS,square,90,激しい感情の起伏や衝動性を秘めており、短気やフラストレーションを抱えやすい傾向があります。内なる怒りや焦りをコントロールし、その強いエネルギーをスポーツや困難な課題への挑戦に向けることで並外れた行動力を発揮します。
MOON,MARS,trine,120,健全な情熱と力強い生命力に恵まれた調和的な配置です。率直で勇気があり、感情を前向きな行動へとスムーズに変換できます。逆境に強く、周囲を引っ張る頼もしいバイタリティで目標を達成します。
MOON,MARS,quincunx,150,感情の欲求と行動のタイミングにズレを感じやすく、苛立ちを内に溜め込みやすい配置です。無理に感情を抑え込まず、適度な運動やリフレッシュを取り入れながら、感情とエネルギーのスムーズな発散方法を学んでいきます。
MOON,MARS,opposition,180,他者との感情的な衝突や競い合いを通じて自己を鍛え上げていく性質です。他者の言動に過敏に反応しがちですが、フェアなライバル関係や情熱的なパートナーシップを築くことで絶大な推進力を得られます。
MOON,JUPITER,conjunction,0,大らかで寛大な心、豊かな情緒、強い幸福感を生まれ持っています。人に対する親切心と慈悲の心があり、誰からも愛される人柄です。楽観的な人生観と豊かな精神生活を送り、自然と多くの良縁に恵まれます。
MOON,JUPITER,sextile,60,親しみやすく温かい人柄と、健全な良識を備えています。困っている人を放っておけない優しさがあり、周囲からの信頼と支援を集めます。家庭環境や人間関係を円満に保ちながら、豊かな幸福を築きます。
MOON,JUPITER,square,90,感情的な寛大さを持つ一方で、気分の緩みや過剰な自己甘愉、浪費に走りやすい傾向があります。感情の節度を意識し、大風呂敷を広げない堅実さを身につけることで、誰からも好かれるスケールの大きな人気者になります。
MOON,JUPITER,trine,120,至高の幸福感と豊かな精神性に恵まれた最高の配置です。穏やかで慈愛に満ち、自然体でいても幸運や支援を引き寄せます。豊かな家庭、温かい人間関係、精神的な繁栄を享受する恵まれた人生を歩みます。
MOON,JUPITER,quincunx,150,過剰な善意や期待に応えようとする気持ちが、自己の精神的な負担となりやすい配置です。自分を犠牲にしない適切な境界線を学び、身の丈に合った温かい支援を心がけることで真の精神的安定を得ます。
MOON,JUPITER,opposition,180,強い感情的な理想と大げさな表現力を持ち、他者に大きな影響を与えたいと願う性質です。自己正当化や過度の期待を戒め、謙虚な誠実さを保つことで、多くの人々に夢と安心を与える指導者となります。
MOON,SATURN,conjunction,0,感情の自制心、忍耐強さ、強い責任感を生まれ持っています。幼少期に精神的な孤独や厳しさを経験しやすい傾向がありますが、感情に流されない堅実な情緒と自立心を培い、晩年に向けて揺るぎない安心感を確立します。
MOON,SATURN,sextile,60,落ち着いた情緒と確実な生活管理能力を備えています。感情が安定しており、地道な努力や家庭生活の基盤作りを着実に進めることができます。誠実で頼りがいのある人柄として周囲から厚い信頼を得ます。
MOON,SATURN,square,90,不安感や自己否定感、感情を抑圧しやすい傾向を秘めています。心の壁を感じやすいですが、時間をかけて自らの脆さを受け入れ、地道に自己肯定感を育てていくことで、誰よりも深い包容力と忍耐力を持つ人格へと成長します。
MOON,SATURN,trine,120,情緒の安定性と優れた常識感覚に恵まれた調和的な配置です。感情のコントロールが巧みで、周囲に安心感を与える落ち着いた存在です。責任ある立場を無理なくこなし、安定した家庭と堅固な生活基盤を築きます。
MOON,SATURN,quincunx,150,感情の安心感と課せられた義務の間でストレスを感じやすい配置です。自己犠牲や過度の我慢を避け、自分を労るリフレッシュの時間を大切にしながら、感情と義務の健全なバランスを学んでいきます。
MOON,SATURN,opposition,180,他者からの厳しさや冷たさを通じて自己の情緒を鍛え上げていく性質です。孤独を恐れず自立した精神を養うことで、感情に振り回されない冷静な判断力と深い人間的な深みを獲得します。
MOON,URANUS,conjunction,0,独創的な感性、直感力、自由を愛する自立心を生まれ持っています。感情が型破りで突発的な変化を好む傾向がありますが、独自のユニークなひらめきと進歩的なライフスタイルで人々を惹きつけます。
MOON,URANUS,sextile,60,爽やかで柔軟な情緒と、オープンな感性を備えています。古い常識に囚われず、新しいアイデアや多様な人との交流を素直に楽しめます。生活の中に新鮮な工夫を取り入れ、軽やかに生きる資質を持ちます。
MOON,URANUS,square,90,情緒の不安定さや反逆心、突発的な気分転換を好む傾向を秘めています。身近な関係で距離を置きがちですが、その独立心と独創的な感性をユニークな創作や自由な活動に活かすことで個性を発揮します。
MOON,URANUS,trine,120,豊かな直感力と自由で独立した感性に恵まれた好配置です。周囲の感情に縛られず爽やかに自分らしく生きることができ、画期的なアイデアや進歩的なライフスタイルで自然と高い評価を得られます。
MOON,URANUS,quincunx,150,安心したい気持ちと自由でいたい欲求の間でアンバランスさを感じやすい配置です。試行錯誤を通じて、安心できる生活基盤を守りつつ適度な刺激を取り入れる独自のライフスタイルを確立していきます。
MOON,URANUS,opposition,180,他者との親密な関係と個人の自立性の間で葛藤を抱えやすい性質です。突然の距離感の変化を起こしがちですが、お互いの自由を尊重し合える進歩的な人間関係を築くことで真の安定を得られます。
MOON,NEPTUNE,conjunction,0,極めて繊細な感受性、豊かな想像力、深い共感力を生まれ持っています。境界線が曖昧で影響を受けやすい傾向がありますが、芸術、音楽、癒やし、スピリチュアルな分野で非凡な才能を発揮します。
MOON,NEPTUNE,sextile,60,優しい思いやりと直感力を備えています。人の痛みに寄り添い、自然体で周囲に安らぎを与えることができます。芸術的な感性を日常の暮らしや創作に活かし、心豊かな生活を築きます。
MOON,NEPTUNE,square,90,過剰な感受性や現実逃避、自己欺瞞に陥りやすい傾向を秘めています。傷つきやすさを防ぐために自他の境界線を明確にし、現実的な生活基盤を大切にすることで、本物の慈愛と芸術的才能を開花させます。
MOON,NEPTUNE,trine,120,至高の情緒と豊かなインスピレーションに恵まれた調和的な配置です。純粋な優しさと直感力があり、芸術や人助けを通じて多くの人々に深い癒やしと夢を届ける資質を持ちます。
MOON,NEPTUNE,quincunx,150,日々の生活の現実と、内なる夢や理想の感情との間で違和感を抱えやすい配置です。感覚を大切にしながら、少しずつ現実的な習慣へと落とし込んでいく丁寧なセルフケアを学んでいきます。
MOON,NEPTUNE,opposition,180,他者への過剰な期待や自己犠牲的な献身を通じて情緒を学んでいく性質です。依存関係に気をつければ、人々の苦しみを救う深い慈悲と高い精神性を備えたカウンセラーやアーティストになれます。
MOON,PLUTO,conjunction,0,強烈な感情の深さ、不屈の精神的スタミナ、並外れた自己再生力を生まれ持っています。内なる激しい情念を自己浄化し、精神的な脱皮を繰り返すことで、圧倒的な包容力と洞察力を手に入れます。
MOON,PLUTO,sextile,60,強い精神力と深い洞察力を備えています。物事の本質や人の本音を直感的に見抜く力があり、感情の回復力も抜群です。困難な状況でも動じず、大切な人を力強く守る頼もしさを持ちます。
MOON,PLUTO,square,90,激しい感情の葛藤や執着心、コントロール欲求を秘めています。感情的な危機を経験しやすい傾向がありますが、自らの内なる恐れを手放し、精神的な自己変革を成し遂げることで、底知れぬ強さと深い癒やしの力を獲得します。
MOON,PLUTO,trine,120,卓越した精神的スタミナと深い情愛に恵まれた最強の配置です。どんな心の傷も乗り越える驚異的な再生力があり、誠実で深い人間関係を築きます。心理的な探求や人の心を救う活動で非凡な才能を発揮します。
MOON,PLUTO,quincunx,150,激しい感情の欲求と日々の生活環境との間で緊張感を抱えやすい配置です。極端な思い込みを避け、感情を少しずつ安全な形で解放・浄化していくセルフケアの知恵を身につけていきます。
MOON,PLUTO,opposition,180,他者との感情的な支配・被支配の葛藤を通じて自己を成長させていく性質です。相手を意のままに操ろうとする執着を手放すことで、深い絆を結び、人々の心を根本から変容させる強い影響力を持ちます。
MOON,ASC,conjunction,0,親しみやすさ、柔らかな表情、豊かな感受性が前面に表れる生まれです。感情が表情や雰囲気にストレートに表れ、周囲に安心感と温かさを与えます。人々の気持ちを惹きつける天性の人気運を持ちます。
MOON,ASC,sextile,60,穏やかで気配りのできる人柄と、素直な感情表現力を備えています。初対面でも相手をリラックスさせ、自然体で良好な人間関係を築けます。周囲の協力を得て生活を円満に整える資質があります。
MOON,ASC,square,90,内面の感情と、周囲に見せる印象との間にギャップを感じやすい配置です。気分のムラが表に出て誤解されやすい面もありますが、意識的なセルフコントロールを身につけることで豊かな人間味と個性を確立します。
MOON,ASC,trine,120,生まれながらの愛嬌と優しさが自然と人を惹きつける調和的な配置です。周囲からの好意や支援を無理なく受け取れ、穏やかで幸福な生活環境を自然に整えることができます。
MOON,ASC,quincunx,150,周囲への気遣いや見られ方に過敏になり、自分の感情を素直に出せないもどかしさを抱えやすい配置です。他人の期待に応えすぎず、自然体の自分を表現する適度な距離感を学んでいきます。
MOON,ASC,opposition,180,他者の感情やニーズに非常に敏感で、親密な関係を通じて自己の安心感を求める性質です。相手に依存しすぎない自立心を保つことで、温かく支え合える理想的なパートナーシップを築きます。
MOON,MC,conjunction,0,大衆の感情を掴む才能と、強い人気運を生まれ持っています。人々のニーズを敏感に察知し、共感を集める職業や公の活動で成功を収めます。親しみやすい人柄が社会的な地位や名声を引き寄せます。
MOON,MC,sextile,60,周囲の気持ちを汲み取る細やかな気配りと、良好な社会適応力を備えています。職場の人間関係を円満に保ち、上司や大衆からの支持を得てキャリアを着実に発展させることができます。
MOON,MC,square,90,家庭やプライベートの感情と、仕事上の責任との間で板挟みになりやすい配置です。情緒の揺らぎをコントロールし、公私のバランスを模索することで、人情味あふれる独自のキャリアを築きます。
MOON,MC,trine,120,大衆からの人気と社会的な成功に恵まれた調和的な配置です。温かい人柄が自然と人望を集め、接客、福祉、教育、飲食、芸術などの分野で高い実績と名誉を獲得します。
MOON,MC,quincunx,150,社会的な役割に対する感情的な違和感や疲れを感じやすい配置です。無理に期待に応えようとせず、自分自身の心が安らぐ働き方や生活リズムを丁寧に調整していくことが大切です。
MOON,MC,opposition,180,家庭環境や自らのルーツ、内面的な精神の拠り所を深く大切にする性質です。私生活の充実と心の平安を最優先にすることで、揺るぎない人生の基盤と安心感を確立します。
MERCURY,VENUS,conjunction,0,洗練された言語感覚、美しい表現力、高い社交性を生まれ持っています。言葉遣いが優雅で機知に富み、人を楽しませる会話術に長けています。文筆、デザイン、広報などの分野で才能を開花させます。
MERCURY,VENUS,sextile,60,親しみやすく魅力的なコミュニケーション能力と、優れた美的センスを備えています。人間関係の橋渡し役として重宝され、趣味や創作、対話を通じて豊かな人間関係を広げていけます。
MERCURY,VENUS,square,90,人を楽しませたいサービス精神を持つ反面、お世辞や甘え、思考の散漫さに流されやすい傾向があります。約束や実務を正確にこなす規律を身につけることで、魅力的な人気者として信頼されます。
MERCURY,VENUS,trine,120,卓越した文学的・芸術的センスと、心地よい会話力に恵まれた調和的な配置です。人に好かれる優雅な表現ができ、デザイン、交渉、執筆などのあらゆる表現活動で素晴らしい成果を上げられます。
MERCURY,VENUS,quincunx,150,思考や表現の正確さと、愛想の良い社交性との間でバランスを取るのに苦心しやすい配置です。言葉の選び方に悩みやすいですが、相手への気配りと論理性を両立させる洗練された対話技術を育てていきます。
MERCURY,VENUS,opposition,180,他者との会話や議論を通じて自己のセンスを磨いていく性質です。八方美人になりやすい傾向を戒め、自らの美意識と意見を誠実に伝えることで、誰からも愛される魅力的な交渉人として活躍します。
MERCURY,MARS,conjunction,0,抜群の頭の回転、鋭い知性、力強い発信力を生まれ持っています。議論に強く、決断力と即応性に長けています。批判的な言葉遣いや早とちりに気をつければ、優れた論客、ジャーナリスト、技術者として活躍します。
MERCURY,MARS,sextile,60,思考と行動が軽快に連動し、機敏な実務処理能力を備えています。率直でわかりやすい物言いが好感を持たれ、困難なタスクもスピーディに突破できます。知的な挑戦に積極的に挑む頼もしい人柄です。
MERCURY,MARS,square,90,鋭すぎる批判精神や短気、議論好きの傾向を秘めています。言葉で人を傷つけないよう配慮が必要ですが、その妥協のない鋭利な知性を研究、調査、分析、改善活動に向けることで圧倒的な専門性を確立します。
MERCURY,MARS,trine,120,明晰な頭脳と卓越した実行力が見事に調和した好配置です。説得力のある論理的な語り口で人を動かすことができ、企画の立案から実行までスムーズに成し遂げます。実務や学術において高い成果を上げます。
MERCURY,MARS,quincunx,150,焦って判断を下そうとしてケアレスミスを起こしやすい配置です。頭の回転の速さに実務のペースが追いつかないズレを経験しますが、確認作業を徹底し、落ち着いて手順を踏む知恵を体得していきます。
MERCURY,MARS,opposition,180,他者との鋭い議論や知的な競争を通じて思考を鍛え上げていく性質です。論争好きになりがちですが、感情的な反論を抑え、客観的な論理を武器にすることで、優れたディベーターや法務の専門家として大成します。
MERCURY,JUPITER,conjunction,0,旺盛な知的好奇心、広い視野、豊かな教養を生まれ持っています。楽観的で大らかな思考を持ち、学問、教育、出版、国際交流などの分野で才能を発揮します。細部の確認を怠らなければ大きな知的分野で成功を収めます。
MERCURY,JUPITER,sextile,60,柔軟な思考力と高い学習能力を備えています。人との対話から多くの知見を吸収し、物事を多角的に捉えることができます。親切でわかりやすい語り口が人を惹きつけ、知的なチャンスを広げていきます。
MERCURY,JUPITER,square,90,壮大な構想や豊かな知性を持つ一方で、大雑把さや誇大表現、見通しの甘さに陥りやすい傾向があります。細部の事実確認と地道な実務を大切にすることで、その並外れた発想力を大規模な事業や学術の成功へと昇華させます。
MERCURY,JUPITER,trine,120,卓越した知性と高い教養、広い視野に恵まれた調和的な配置です。難解な理論も容易に理解・伝達でき、教育、法、学問、国際的な分野で自然と高い評価を得られます。知的な豊かさと良縁を享受します。
MERCURY,JUPITER,quincunx,150,大きな理想を語る思考と、日々の実務処理や細かな手続きとの間でギャップを感じやすい配置です。焦って手を広げすぎず、足元の正確な確認作業を習慣化することで着実な知的能力を発揮します。
MERCURY,JUPITER,opposition,180,他者との対話を通じて知識を拡大していく性質ですが、議論での大風呂敷や独善的な主張に注意が必要です。謙虚に他者の意見を受け入れ、現実的な根拠を重んじることで、人々に慕われる優れた指導者となります。
MERCURY,SATURN,conjunction,0,深い集中力、論理的思考力、徹底した現実感覚を生まれ持っています。慎重で正確な判断を下せ、緻密な研究や専門的な実務で卓越した能力を発揮します。悲観主義を克服することで揺るぎない信頼を築きます。
MERCURY,SATURN,sextile,60,規律正しい思考力と実直な学習能力を備えています。物事を秩序立てて整理・構成するのが得意で、地道な努力を確実に成果へと結びつけられます。責任ある実務や専門分野で高い信頼を得ます。
MERCURY,SATURN,square,90,思考の硬直化や強い自己批判、悲観的な考えに囚われやすい傾向を秘めています。しかし、その徹底した批判精神と粘り強さを学問や改善業務に向けることで、誰よりも厳密で正確な専門知識を確立します。
MERCURY,SATURN,trine,120,卓越した論理的構成力と深い知恵に恵まれた好配置です。感情に流されず冷静沈着な判断ができ、緻密な計画や高度な専門職において確固たる実績を残します。知的な信頼性が非常に高い人柄です。
MERCURY,SATURN,quincunx,150,自由な発想と現実的な規律や制約との間で思考のストレスを抱えやすい配置です。柔軟性を失わず、ルールを活かしながら効率的に作業を進める独自の段取り術を体得していきます。
MERCURY,SATURN,opposition,180,他者からの厳しい批判や反論を通じて知性を鍛え上げていく性質です。頑なな意見の対立を避け、客観的な事実と論理を丁寧に積み上げることで、優れた論理学者や法務のスペシャリストとして大成します。
MERCURY,URANUS,conjunction,0,天才的なひらめき、独創的な発想力、進歩的な知性を生まれ持っています。常識の枠を超えた画期的なアイデアを次々と生み出し、IT、科学、占星術、発明などの分野で卓越した才能を発揮します。
MERCURY,URANUS,sextile,60,機転が利き、新しい情報や技術を素早く吸収する鋭い知性を備えています。オリジナリティのある発言が好感を持たれ、ユニークな人脈を通じて知的な可能性を広げていけます。
MERCURY,URANUS,square,90,思考が突飛になりやすく、変わり者としての反発や神経質な興奮を抱えやすい傾向があります。早とちりや不用意な発言を自制し、その鋭利なひらめきを革新的な研究や創作に注ぐことで独自の大成を遂げます。
MERCURY,URANUS,trine,120,優れた直感力と高度な知性が無理なく融合した調和的な配置です。複雑な問題にも斬新な解決策を即座に見出すことができ、最先端の技術や自由な知的探求で高い評価を得られます。
MERCURY,URANUS,quincunx,150,独自のこだわりと思考スタイルが、周囲の常識や現場の手順と噛み合わずもどかしさを感じやすい配置です。自分のアイデアを分かりやすく翻訳し、周囲に適応させる工夫を学んでいきます。
MERCURY,URANUS,opposition,180,他者との刺激的な対話や論争を通じて独自の知性を磨き上げていく性質です。極端な反論や偏屈さを戒め、他者の視点を取り入れることで、時代を先取りする鋭い批評家や改革者となります。
MERCURY,NEPTUNE,conjunction,0,豊かな詩的感性、直感的な理解力、繊細な想像力を生まれ持っています。論理的な実務には曖昧さが出やすいですが、文学、アート、音楽、スピリチュアルな分野で非凡な才能を開花させます。
MERCURY,NEPTUNE,sextile,60,思いやりのある言葉遣いと、豊かなイマジネーションを備えています。人の心の機微を察した優しいコミュニケーションが得意で、芸術やカウンセリングの分野で力を発揮します。
MERCURY,NEPTUNE,square,90,思考の混乱や現実逃避、曖昧なコミュニケーションに悩まされやすい傾向を秘めています。事実確認と論理的な整理を意識することで、その豊かなイマジネーションを本物の芸術作品や癒やしの言葉へと昇華させます。
MERCURY,NEPTUNE,trine,120,至高のインスピレーションと言語感覚に恵まれた調和的な配置です。言葉に深い精神性と優しさが宿り、人々の心を打つ文章や芸術表現で自然と高い評価を獲得します。
MERCURY,NEPTUNE,quincunx,150,論理的な実務と思想・直感的なイメージの間でストレスを感じやすい配置です。感覚だけに頼らず、正確な手続きや確認を怠らない習慣を身につけることで、実用性と芸術性を両立させます。
MERCURY,NEPTUNE,opposition,180,他者とのコミュニケーションで誤解や過剰な期待を抱きやすい性質です。曖昧さを排除し、客観的な事実に基づいた誠実な対話を心がけることで、深い共感力を持つ優れたカウンセラーとなります。
MERCURY,PLUTO,conjunction,0,物事の核心を抉り出す圧倒的な洞察力、調査能力、強烈な説得力を生まれ持っています。秘密の解明や心理分析、専門的な研究に卓越した才能を発揮します。言葉に宿る強大な力を正しく行使することで大成します。
MERCURY,PLUTO,sextile,60,深い集中力と探求心を備えています。物事の本質を的確に見抜き、説得力ある論理で人を納得させることができます。調査、研究、心理学、ビジネス交渉で高い手腕を発揮します。
MERCURY,PLUTO,square,90,強迫観念的な思考や猜疑心、言葉による激しい支配欲を秘めています。批判的な言葉遣いを戒め、その強烈な集中力を難関な研究や課題の徹底究明に注ぐことで、唯一無二の専門性を確立します。
MERCURY,PLUTO,trine,120,揺るぎない知性と圧倒的な説得力に恵まれた最強の配置です。深層心理や真理を解き明かす知恵があり、言葉を通じて他者に絶大な影響力を与えます。研究者、法曹、指導者として高い地位を築きます。
MERCURY,PLUTO,quincunx,150,徹底的に突き詰めたい欲求と日常の妥協との間で思考の疲労を抱えやすい配置です。完璧主義を緩め、ほどほどの着地点を見出す柔軟な思考法を体得していきます。
MERCURY,PLUTO,opposition,180,他者との激しい議論や心理戦を通じて知性を鍛え上げていく性質です。論破欲求を抑え、深い洞察力を相手の理解と問題解決に向けることで、卓越した調査員や心理専門家として活躍します。
MERCURY,ASC,conjunction,0,明晰な頭脳、機転の利く会話術、若々しい知的好奇心が前面に表れる生まれです。観察力が高く、物事を素早く理解して的確に発信できます。情報通で軽快なメッセンジャーとして人々に愛されます。
MERCURY,ASC,sextile,60,親しみやすく軽快なコミュニケーション能力と、機敏な知性を備えています。人との会話からスムーズに有益な情報を引き出し、良好な人間関係を広げていくことができます。
MERCURY,ASC,square,90,思考と第一印象の振る舞いとの間にギャップを感じやすい配置です。言葉足らずや不用意な発言で誤解を受けやすい面もありますが、意識的な推敲と丁寧な対話を心がけることで独自の鋭い知性を確立します。
MERCURY,ASC,trine,120,生まれながらの明晰な知性と流暢な会話力に恵まれた調和的な配置です。自分の考えを自然体で分かりやすく伝えることができ、教育、メディア、商談などで高い評価を得られます。
MERCURY,ASC,quincunx,150,自分の思考スタイルと周囲から求められるコミュニケーションとの間で違和感を覚えやすい配置です。試行錯誤を通じて、相手の理解度に応じた柔軟な説明能力を身につけていきます。
MERCURY,ASC,opposition,180,他者との知的な対話や相談事を通じて自己の思考を深めていく性質です。良き相談相手や知的なパートナーに恵まれることで、自らの知的能力を最大限に発揮できます。
MERCURY,MC,conjunction,0,高い知的能力、情報発信力、企画力を武器にキャリアを切り開く生まれです。文筆、マスコミ、教育、通信、商業などの専門職で社会的な成功と名声を獲得する宿命を持ちます。
MERCURY,MC,sextile,60,実践的な知性と柔軟な実務能力を備えています。時代のニーズを捉えた企画や提案が上司や社会から評価され、自らのキャリアを着実にステップアップさせていくことができます。
MERCURY,MC,square,90,個人的な知的好奇心と社会的なキャリアの責任との間で葛藤を抱えやすい配置です。関心が散漫になりやすい傾向を克服し、一つの専門分野に集中することで確固たる地位を築きます。
MERCURY,MC,trine,120,知的な才能と社会的な成功に恵まれた調和的な配置です。優れた企画力と伝達力が高く評価され、専門的な職業や管理職においてスムーズに高い実績と名声を残します。
MERCURY,MC,quincunx,150,自らの知的なこだわりと、社会から求められる役割との間にギャップを感じやすい配置です。専門知識を実務の現場で役立つ形へと翻訳・調整する柔軟性を培っていきます。
MERCURY,MC,opposition,180,知的な探求や研究をプライベートな領域で深め、精神的な基盤とする性質です。家庭や安心できる環境で知識を蓄えることが、結果として社会的な活動を支える確かな土台となります。
VENUS,MARS,conjunction,0,情熱的な魅力、強い性的アピール力、華やかな自己表現力を生まれ持っています。恋愛や芸術、勝負事に対して強い情熱を注ぎ、ドラマチックな人生を好みます。情熱を前向きな創作や活動に向けることで大いに輝きます。
VENUS,MARS,sextile,60,魅力と行動力がバランスよく調和し、親しみやすく魅力的な人柄を備えています。異性との関係や社交が円滑で、自然体で人を惹きつけます。趣味やアートをアクティブに楽しむ資質を持ちます。
VENUS,MARS,square,90,激しい情熱と強い愛情欲求を秘めており、恋愛や対人関係での衝動的な衝突やすれ違いを経験しやすい傾向があります。相手への思いやりと自制心を磨くことで、情熱的な人間関係と豊かな創造力を手に入れます。
VENUS,MARS,trine,120,愛と情熱がスムーズに共鳴する調和的な配置です。天性の魅力と社交性があり、恋愛運や人気運に恵まれます。芸術、ファッション、エンターテインメントの分野で優れた才能を発揮します。
VENUS,MARS,quincunx,150,愛情表現のスタイルと行動のペースとの間にズレを感じやすい配置です。相手に合わせすぎて不満を溜めないよう、自らの欲望と他者への配慮を上手に調整する知恵を身につけていきます。
VENUS,MARS,opposition,180,他者との強い惹かれ合いや衝突を通じて自らの愛と情熱を鍛えていく性質です。激しい愛憎劇に注意が必要ですが、お互いを高め合える情熱的なパートナーシップを築くことで人生を充実させます。
VENUS,JUPITER,conjunction,0,最高の幸運、優雅な美意識、寛大な社交性を生まれ持っています。人に対する愛情が深く、自然と好意や富、良縁を引き寄せます。豊かな文化・芸術に親しみ、幸福感に満ちた人生を享受します。
VENUS,JUPITER,sextile,60,親切で温かい人柄と、健全な美意識を備えています。周囲との調和を保ちながら楽しい交流を広げることができ、人気運や金運に恵まれます。素直で前向きな姿勢がさらなる福を呼びます。
VENUS,JUPITER,square,90,贅沢や自己甘愉、浪費に走りやすい傾向を秘めています。気分の緩みや安請け合いを自制し、節度ある楽しみ方を身につけることで、誰からも愛されるスケールの大きな人気者として大成します。
VENUS,JUPITER,trine,120,至高の美と豊かさに恵まれた大吉の配置です。自然体でいてもチャンスや富、素晴らしい良縁に恵まれ、寛大な心で周囲に幸せをもたらします。芸術、社交、金銭面において最高の恩恵を享受します。
VENUS,JUPITER,quincunx,150,理想の美や贅沢と、現実的な経済力や生活水準との間にギャップを感じやすい配置です。見栄を張らず、等身大の自分に合った心地よい楽しみ方を見出すことで真の豊かさを実感します。
VENUS,JUPITER,opposition,180,強い社交欲求と贅沢への憧れを持ち、他者との華やかな交流を通じて自己を満たそうとする性質です。過剰な自己顕示を控え、誠実な愛情表現を心がけることで、多くの人々から愛される存在となります。
VENUS,SATURN,conjunction,0,誠実で真面目な愛情観、堅実な金銭感覚、控えめな美意識を生まれ持っています。愛情表現に臆病になりやすい傾向がありますが、時間をかけて揺るぎない信頼と長期的な愛の絆を築き上げます。
VENUS,SATURN,sextile,60,落ち着いた品格と、堅実な対人関係の構築能力を備えています。目上の人からの信頼が厚く、長く続く友情や誠実なパートナーシップを育みます。地道な蓄財や確実な人間関係作りに長けています。
VENUS,SATURN,square,90,愛されることへの不安や自己評価の低さ、対人関係での緊張感を抱えやすい配置です。孤独を感じやすいですが、自分を丁寧に愛し、誠実な努力を重ねることで、誰よりも深い真実の愛を育む人格へと成長します。
VENUS,SATURN,trine,120,深い信頼性と安定した愛情に恵まれた調和的な配置です。誠実で上品な立ち振る舞いが高く評価され、生涯にわたる絆や経済的な安定を自然と手に入れます。派手さよりも本質的な価値を大切にします。
VENUS,SATURN,quincunx,150,楽しみたい気持ちと義務感や罪悪感との間で葛藤を抱えやすい配置です。我慢しすぎず、自分への適度なご褒美と現実的な責任のバランスを上手に取る知恵を身につけていきます。
VENUS,SATURN,opposition,180,他者からの厳しい評価や愛情面での試練を通じて人間関係を学んでいく性質です。冷たさや拒絶を恐れず自立した愛を育むことで、揺るぎない絆と確固たる社会的信用を確立します。
VENUS,URANUS,conjunction,0,独創的な美意識、電撃的な恋愛観、自由を愛する社交性を生まれ持っています。型にはまらないユニークな魅力で人々を惹きつけ、ファッション、アート、先端デザインの分野で個性を発揮します。
VENUS,URANUS,sextile,60,新鮮で魅力的なセンスと、オープンな対人関係を備えています。個性的で多様な友人関係を自然と広げることができ、自由で風通しの良い心地よい人間関係を楽しみます。
VENUS,URANUS,square,90,突発的な一目惚れや自由への強い執着、移り気な恋愛観を持ちやすい傾向があります。束縛を嫌い関係を急変させがちですが、その刺激的で型破りな魅力を独自のアートや自由な創作活動に活かすことで大いに輝きます。
VENUS,URANUS,trine,120,洗練された独創性と爽やかな魅力に恵まれた調和的な配置です。流行に左右されないユニークな美意識を持ち、自由で刺激的な人間関係を自然体で楽しむことができます。芸術やデザインで高い才能を発揮します。
VENUS,URANUS,quincunx,150,独自性を貫きたい美意識と、周囲に合わせる社交性との間でぎこちなさを感じやすい配置です。突飛なアピールを避け、自分の個性を洗練された形で表現するバランス感覚を体得していきます。
VENUS,URANUS,opposition,180,他者との関係において強い自立性と刺激を求める性質です。急激な距離感の変化に注意が必要ですが、お互いの個性を最大限に尊重し合える進歩的なパートナーシップを築くことで人生が充実します。
VENUS,NEPTUNE,conjunction,0,崇高な美意識、ロマンチックな夢想力、無条件の愛情を生まれ持っています。現実離れした理想に流されやすい面もありますが、芸術、音楽、ファッション、癒やしの分野で極めて高い創造性を発揮します。
VENUS,NEPTUNE,sextile,60,優しい思いやりと繊細な美の感性を備えています。人の心を和ませる温かい魅力があり、芸術的な趣味やボランティア活動を通じて心豊かな人間関係を育みます。
VENUS,NEPTUNE,square,90,恋愛や金銭面での妄想、自己犠牲、騙されやすさに悩まされやすい配置です。現実的な事実を見極める目を養うことで、その豊かな感受性を純粋な芸術表現や人道的な奉仕活動へと見事に昇華させます。
VENUS,NEPTUNE,trine,120,至高のロマンスと洗練された芸術的才能に恵まれた調和的な配置です。純粋な愛情と深い慈悲の心を持ち、人々を魅了する美しい世界観を創作や暮らしの中で具現化します。
VENUS,NEPTUNE,quincunx,150,理想の愛や美への憧れと、現実の人間関係の泥臭さとの間で失望を感じやすい配置です。等身大の相手と自分を受け入れ、無理のない現実的な優しさを育む知恵を学んでいきます。
VENUS,NEPTUNE,opposition,180,他者への過剰な理想の投影や失望を通じて愛の真実を学んでいく性質です。被害者意識を戒め、現実的な境界線を保つことで、人々を包み込む深い無条件の愛を体現します。
VENUS,PLUTO,conjunction,0,宿命的で激しい情熱、圧倒的な魅力、深い愛憎のドラマを秘めた強烈な生まれです。執着や嫉妬をコントロールし、魂レベルの深い絆を育むことで、人の心を根本から揺さぶる強大なカリスマ性を放ちます。
VENUS,PLUTO,sextile,60,深い愛情と揺るぎない絆をじっくり育む力を備えています。人の心理や欲望を敏感に見抜く力があり、経済的な管理や魅力的な自己演出において卓越した手腕を発揮します。
VENUS,PLUTO,square,90,激しい愛憎の葛藤、独占欲、金銭や恋愛における極端な危機を経験しやすい傾向があります。力による支配を手放し、内なる浄化を果たすことで、誰よりも深く力強い真実の愛を手に入れます。
VENUS,PLUTO,trine,120,圧倒的な美と魅力、生涯続く深い絆に恵まれた最高の好配置です。人の心を惹きつけて離さないカリスマ性があり、恋愛、芸術、経済面において絶大な成功と豊かさを享受します。
VENUS,PLUTO,quincunx,150,激しい情念や強い欲望と、日常の穏やかな人間関係との間で葛藤を抱えやすい配置です。極端な思い込みを避け、自らの情熱を少しずつ健全な自己表現へと昇華させていきます。
VENUS,PLUTO,opposition,180,他者との宿命的な関係や激しい権力闘争を通じて愛の真髄を学んでいく性質です。相手をコントロールしようとする衝動を克服することで、魂を高め合う真実のパートナーシップを築きます。
VENUS,ASC,conjunction,0,華やかな美貌、親しみやすい愛嬌、優れた社交性を生まれ持っています。初対面でも好印象を与え、自然体で周囲から愛されます。ファッション、美容、接客、芸術などで抜群の才能を発揮します。
VENUS,ASC,sextile,60,上品で洗練された物腰と、調和の取れた対人関係能力を備えています。周囲に安心感と心地よさを与え、良好な協力関係や社交のチャンスをスムーズに引き寄せます。
VENUS,ASC,square,90,自己の美意識や愛情表現と、周囲に見せる印象との間にギャップを感じやすい配置です。見栄や過度なお世辞を控え、自分らしい自然体の魅力を磨くことで独自の人気を確立します。
VENUS,ASC,trine,120,生まれながらの気品と魅力に恵まれた調和的な配置です。誰からも好意的に受け入れられ、穏やかで幸福な人間関係や豊かな生活環境を自然と築き上げることができます。
VENUS,ASC,quincunx,150,周囲への気配りや見せ方に過剰に気を遣い、気疲れしやすい配置です。無理な自己犠牲や愛想笑いを避け、自然体の自分を愛する知恵を身につけていきます。
VENUS,ASC,opposition,180,他者との親密なパートナーシップや愛情関係を通じて自己の幸福を追求する性質です。良き伴侶やビジネスパートナーに恵まれることで人生が大きく好転します。
VENUS,MC,conjunction,0,華やかな人気運、洗練された美意識、強い社交性を武器にキャリアを築く生まれです。芸術、デザイン、ファッション、エンタメ、接客などの分野で高い社会的地位と名声を獲得します。
VENUS,MC,sextile,60,穏やかで人当たりの良い人柄と、優れた美的センスを備えています。周囲からの支援や引き立てを受けやすく、自らのキャリアをスムーズに発展させることができます。
VENUS,MC,square,90,プライベートな楽しみや恋愛と、社会的な責任との間で葛藤を抱えやすい配置です。遊びや贅沢に流されず、美意識や社交性を仕事に活かすことで独自の成功を掴みます。
VENUS,MC,trine,120,社会的な人気とキャリアの成功に恵まれた調和的な配置です。優雅な立ち振る舞いが高く評価され、公の舞台で自然と多くの支持と名誉を集めます。
VENUS,MC,quincunx,150,社会的な役割と個人的な美意識との間に違和感を覚えやすい配置です。自らのセンスを社会のニーズに適合させる柔軟な調整力を身につけていきます。
VENUS,MC,opposition,180,家庭の温かさやプライベートの美しさを人生の最優先事項とする性質です。心の安らぐ生活環境を整えることが、結果として社会的な安定を支える強い基盤となります。
MARS,JUPITER,conjunction,0,無限のエネルギー、冒険心、圧倒的な行動力を生まれ持っています。高い志に向かって果敢に挑戦でき、スポーツ、ビジネス、勝負事で大きな勝利と成功を収める資質を持ちます。
MARS,JUPITER,sextile,60,前向きな意欲と健全な自信を備えています。周囲からの応援を得やすく、新しいプロジェクトやスポーツでスムーズに成果を上げられます。積極的な行動がチャンスを拡大します。
MARS,JUPITER,square,90,大きな野心と強い行動力を持つ一方で、過剰な自信や無謀な勝負に走りやすい傾向があります。計画性と自制心を身につけることで、その爆発的な推進力を大規模な事業やスポーツの偉業へと昇華させます。
MARS,JUPITER,trine,120,卓越した勇気、行動力、幸運な勝負強さに恵まれた最高の配置です。どんな挑戦も前向きにやり遂げ、リーダーシップを発揮して大きな成功と名声を獲得します。
MARS,JUPITER,quincunx,150,意欲の大きさと現実の体力・リソースとの間でギャップを感じやすい配置です。焦って手を広げすぎず、着実な優先順位をつけて一歩ずつ進める知恵を体得していきます。
MARS,JUPITER,opposition,180,他者との競争や果敢な挑戦を通じて自己を鍛え上げていく性質です。傲慢さを戒め、フェアプレーの精神を貫くことで、多くの人々を率いる偉大なチャレンジャーとなります。
MARS,SATURN,conjunction,0,不屈の忍耐力、強靭な自己統制力、鉄のような意志を生まれ持っています。若年期のフラストレーションを克服し、地道な鍛錬を重ねることで、難攻不落の実績と専門性を築き上げます。
MARS,SATURN,sextile,60,冷静な判断力と粘り強い実行力を備えています。エネルギーを無駄遣いせず、長期的な目標に向けて着実に努力を積み上げられる頼もしい人柄です。
MARS,SATURN,square,90,激しい怒りやフラストレーション、行動の制約に悩まされやすい傾向があります。困難から逃げずに忍耐強く課題と向き合い続けることで、誰よりも強靭な精神力と本物の実力を獲得します。
MARS,SATURN,trine,120,卓越した自制心と抜群の実行力が見事に調和した好配置です。どんな困難な任務も冷静沈着にやり遂げ、プロフェッショナルとして高い地位と信頼を確立します。
MARS,SATURN,quincunx,150,行動したい衝動と課された義務や制約との間でストレスを抱えやすい配置です。無理な力任せを避け、効率的なペース配分と身体のケアを学んでいきます。
MARS,SATURN,opposition,180,他者からの厳しい制約や敵対関係を通じて自らの意志を鍛え上げていく性質です。正面衝突を避け、戦略的な粘り強さを発揮することで、あらゆる逆境を乗り越える強い指導者となります。
MARS,URANUS,conjunction,0,電撃的な決断力、独創的な行動力、強い反骨精神を生まれ持っています。前例のない道へ果敢に飛び込む勇気があり、最先端の技術、発明、改革的な分野で目覚ましい突破力を発揮します。
MARS,URANUS,sextile,60,機転の利いた行動力と柔軟な対応力を備えています。独創的なアイデアを素早く実行に移すことができ、新しいツールや手法を取り入れながら効率的に成果を上げられます。
MARS,URANUS,square,90,極端な反抗心や短気、突発的な行動を起こしやすい傾向を秘めています。無謀な暴走を自制し、その鋭い現状打破のエネルギーを革新的な技術開発や社会改革に注ぐことで独自の大成を遂げます。
MARS,URANUS,trine,120,卓越した改革力と自由な行動力が見事に調和した好配置です。周囲を驚かせる斬新なアプローチで障害を突破し、時代の先端を行くプロジェクトで大いに活躍します。
MARS,URANUS,quincunx,150,独自のやり方を貫きたい衝動と、周囲のペースや環境との間で摩擦を感じやすい配置です。スタンドプレーを避け、周囲との連携を図る細やかな調整力を体得していきます。
MARS,URANUS,opposition,180,他者からの束縛に対する強い反発を通じて自己の独立心を確立していく性質です。突発的な衝突を避け、お互いの自由を尊重する関係を築くことで、強力な変革のリーダーとなります。
MARS,NEPTUNE,conjunction,0,崇高な理想、強い直感力、芸術的な情熱を生まれ持っています。現実的な方向感覚を見失いやすい面もありますが、ダンス、演劇、音楽、人道支援などの分野で非凡な才能を開花させます。
MARS,NEPTUNE,sextile,60,繊細な思いやりと直感的な行動力を備えています。人のために尽くす活動や芸術的な表現でスムーズに力を発揮し、周囲に温かいインスピレーションを与えます。
MARS,NEPTUNE,square,90,意欲の減退や現実逃避、曖昧な動機によるトラブルに悩まされやすい配置です。明確な目標設定と自己規律を意識することで、その高い理想を本物の芸術作品や慈善活動へと昇華させます。
MARS,NEPTUNE,trine,120,崇高な理想と献身的な行動力が見事に調和した好配置です。直感を信じて行動することで道が開け、芸術、スピリチュアル、福祉の分野で素晴らしい業績を残します。
MARS,NEPTUNE,quincunx,150,行動への意欲と漠然とした倦怠感の間でエネルギーの調整に苦心しやすい配置です。無理に気合で押し通さず、心身の休養を取りながらペースを整える知恵を学んでいきます。
MARS,NEPTUNE,opposition,180,他者への失望や欺瞞、エネルギーの消耗を通じて行動の純度を鍛えていく性質です。不透明な争いを避け、自己の誠実さを貫くことで、多くの人を癒やす真の勇者となります。
MARS,PLUTO,conjunction,0,凄まじい底力、不屈の闘志、破壊と再生のエネルギーを生まれ持っています。不可能を可能にする圧倒的な突破力があり、危機的状況で真価を発揮して人生を根本から勝利へ導きます。
MARS,PLUTO,sextile,60,強靭なスタミナと鋭い勝負勘を備えています。困難な障害にも怯まず、急所を突いて確実に状況を打開できます。自制心と集中力を活かして主導権を握る頼もしい人柄です。
MARS,PLUTO,square,90,激しい怒りや権力闘争、極端な行動に走りやすい傾向を秘めています。力による支配を戒め、その強大なエネルギーを自己鍛錬や難関突破に向けることで無類の強さを誇る指導者となります。
MARS,PLUTO,trine,120,無尽蔵のエネルギーと卓越したリーダーシップに恵まれた最強の配置です。どんな障害も粉砕して勝利を掴み取れ、周囲に強い影響力を与えて大きな事業を成し遂げます。
MARS,PLUTO,quincunx,150,強大な野心や衝動と、日常の制約との間で強い葛藤を感じやすい配置です。焦って暴発せず、エネルギーを地道な訓練や実務へと少しずつ振り向ける粘り強い調整力を身につけます。
MARS,PLUTO,opposition,180,他者との激しい権力争いや圧倒的な圧力との対峙を通じて自己を鍛え上げていく性質です。無謀な正面衝突を避け、戦略的な底力を発揮することで、絶対的な勝負強さを獲得します。
MARS,ASC,conjunction,0,溢れるバイタリティ、強い闘争心、ダイレクトな行動力が前面に表れる生まれです。恐れを知らず先頭に立って行動し、強いリーダーシップで自らの道を力強く切り開きます。
MARS,ASC,sextile,60,爽やかな情熱と決断力を備えています。率直で裏表のない態度が周囲に好感を与え、スポーツや仕事の現場で軽快にリーダーシップを発揮することができます。
MARS,ASC,square,90,強い自己主張力や攻撃的な態度が前面に出やすく、対人摩擦を経験しやすい配置です。衝動的な言動をコントロールし、エネルギーを前向きな目標達成に向けることで強い個性を確立します。
MARS,ASC,trine,120,生まれながらの勇気と高い行動力に恵まれた調和的な配置です。堂々とした風格で周囲を引っ張り、障害を恐れずに自分の道をスムーズに切り開くことができます。
MARS,ASC,quincunx,150,行動のタイミングや自己主張の強さに違和感を覚えやすい配置です。力任せを避け、周囲の状況に応じた柔軟なアプローチを学んでいきます。
MARS,ASC,opposition,180,他者とのライバル関係や競い合いを通じて自己の行動力を鍛え上げていく性質です。良きライバルや情熱的なパートナーと出会うことで大きな推進力を得ます。
MARS,MC,conjunction,0,強烈な野心、競争力、実行力を武器にキャリアを切り開く生まれです。リーダーシップを発揮し、勝負の世界や困難な事業で高い社会的成功と地位を勝ち取ります。
MARS,MC,sextile,60,前向きな意欲と実践的な行動力を備えています。自ら率先して仕事に取り組み、迅速な決断と行動によってキャリアを着実にステップアップさせていけます。
MARS,MC,square,90,社会的な野心と個人的な感情・家庭との間で摩擦を抱えやすい配置です。職場での対立を避け、エネルギーを建設的な成果に向けることで強い実績を築きます。
MARS,MC,trine,120,卓越した実行力と社会的な成功に恵まれた調和的な配置です。天性のリーダーシップが高く評価され、公の舞台で力強く結果を残して高い地位と名誉を獲得します。
MARS,MC,quincunx,150,仕事の進め方や社会的な役割に対して焦りや違和感を抱えやすい配置です。性急な成果を求めず、地道にスキルと経験を積み上げる知恵を身につけていきます。
MARS,MC,opposition,180,家庭やプライベートの領域で強いエネルギーを発揮する性質です。自らの基盤や身近な環境を自らの手で守り抜くことが、結果として社会的な活動を支える原動力となります。
JUPITER,SATURN,conjunction,0,拡大と規律が統合された強い社会的使命感を生まれ持っています。現実的な目標に向けて着実に努力を積み重ね、長期的な成功と確固たる社会的基盤を築き上げる大器晩成の資質を持ちます。
JUPITER,SATURN,sextile,60,健全な判断力と着実な実行力を備えています。理想と現実のバランスが巧みで、無理のない拡大と堅実な管理を両立させ、社会的な信頼を着実に獲得していきます。
JUPITER,SATURN,square,90,楽観と悲観、拡大欲求と現実の制約との間で強い葛藤を抱えやすい配置です。試行錯誤を通じて本物の忍耐力と現実的な経営感覚を身につけ、独自の確固たる基盤を築き上げます。
JUPITER,SATURN,trine,120,卓越した統率力と高い道徳観に恵まれた調和的な配置です。社会的な大事業や組織運営において無理なく大成功を収め、永続的な繁栄と高い信頼を自然と確立します。
JUPITER,SATURN,quincunx,150,理想のビジョンと現場の運用ルールとの間で板挟みになりやすい配置です。制度や段取りを細かく見直し、双方が納得できる現実的な妥協点を探る柔軟な調整力を育てていきます。
JUPITER,SATURN,opposition,180,社会的な枠組みや世代間の対立を通じて自己の信念を鍛え上げていく性質です。制約を恐れず現実的な責任を果たすことで、時代を超えて信頼される成熟した指導者となります。
JUPITER,URANUS,conjunction,0,画期的な独創性、自由を愛する精神、電撃的な幸運を生まれ持っています。常識の枠を打ち破る大発明やユニークな事業を展開し、時代の先端を行く分野で大成功を収めます。
JUPITER,URANUS,sextile,60,進歩的な視野とオープンな知性を備えています。革新的なアイデアをスムーズに現実へ取り入れることができ、多様な人脈や先端技術を通じて幸運なチャンスを広げていけます。
JUPITER,URANUS,square,90,急進的な改革欲求や突飛な賭けに走りやすい傾向を秘めています。衝動的な方針転換を自制し、その天才的なひらめきを段階的なイノベーションに注ぐことで人並み外れた偉業を成し遂げます。
JUPITER,URANUS,trine,120,卓越した独創性と自由な幸運に恵まれた最高の配置です。時代の先を行くユニークな活動が広く社会に受け入れられ、画期的なイノベーションを通じて大いなる繁栄を享受します。
JUPITER,URANUS,quincunx,150,革新的な理想と既存の社会通念との間で摩擦を感じやすい配置です。独走を避け、新しい技術やアイデアを社会で実用化するための丁寧な説明と制度設計の知恵を身につけていきます。
JUPITER,URANUS,opposition,180,体制と変革の狭間で自己の自由な理念を追求していく性質です。極端な反逆を戒め、対話を通じて新しい秩序を築くことで、時代を切り開く先駆者となります。
JUPITER,NEPTUNE,conjunction,0,崇高な精神性、豊かなイマジネーション、深い慈悲の心を生まれ持っています。人道支援、哲学、スピリチュアル、芸術の分野で非凡な才能を発揮し、人々に夢と希望を与えます。
JUPITER,NEPTUNE,sextile,60,優しい思いやりと高い精神的理想を備えています。直感的なインスピレーションを活かして文化活動や福祉活動に貢献し、心温まる支援の輪を広げていけます。
JUPITER,NEPTUNE,square,90,過剰な理想主義や甘い見通し、自己欺瞞に陥りやすい傾向があります。現実的な検証と自己管理を意識することで、その崇高な理想を本物の慈善活動や芸術作品へと結実させます。
JUPITER,NEPTUNE,trine,120,至高の精神性と奇跡的な幸運に恵まれた大吉の配置です。豊かな慈愛と直感力を持ち、芸術、学問、人道支援を通じて多くの人々に深い幸福と癒やしをもたらします。
JUPITER,NEPTUNE,quincunx,150,崇高な理想と泥臭い現実の政策との間で葛藤を抱えやすい配置です。理想論だけで終わらせず、現実的な制度設計へと落とし込む地道な工夫を学んでいきます。
JUPITER,NEPTUNE,opposition,180,他者への過剰な期待や精神的な幻惑を通じて自らの信仰や哲学を鍛えていく性質です。客観的な理性を重んじることで、人々に真の精神的救済を届ける指導者となります。
JUPITER,PLUTO,conjunction,0,莫大な富、強大な権力、圧倒的な社会的大成功を生み出す最強の野心を生まれ持っています。不可能を可能にする不屈の推進力があり、巨万の富や大事業を成し遂げる宿命を持ちます。
JUPITER,PLUTO,sextile,60,強靭な回復力と卓越した組織再生力を備えています。社会の深層ニーズを捉えた大規模な戦略を展開し、確固たる信念を持って大きな権威と成功を勝ち取ります。
JUPITER,PLUTO,square,90,激しい権力欲や金銭欲、極端な野心に駆られやすい傾向を秘めています。強引な拡大策を戒め、高い倫理観と社会的使命感を持つことで、歴史に残るような偉大な事業を成し遂げます。
JUPITER,PLUTO,trine,120,究極の成功運と絶大な指導力に恵まれた最強の配置です。卓越した洞察力と強大な意志力があり、巨万の富や社会的地位を獲得して時代を大きく牽引する資質を持ちます。
JUPITER,PLUTO,quincunx,150,巨大な野心と現実の法制度や社会規範との間で葛藤を抱えやすい配置です。影響力を正しく行使するため、制度やルールとの丁寧な擦り合わせを体得していきます。
JUPITER,PLUTO,opposition,180,社会的な権力闘争や巨大な力との対峙を通じて自らの信念を鍛え上げていく性質です。公正さと透明性を貫くことで、圧倒的な人望を集める真のリーダーとなります。
JUPITER,ASC,conjunction,0,堂々とした風格、大らかな人柄、強い幸運のオーラが前面に表れる生まれです。初対面でも安心感と信頼を与え、自然体で多くのチャンスや人望を引き寄せます。
JUPITER,ASC,sextile,60,前向きで親しみやすい性格と、健全な良識を備えています。周囲との調和を保ちながら交友関係を広げ、多くの支援を得て人生をスムーズに発展させることができます。
JUPITER,ASC,square,90,自己顕示欲の強さや大風呂敷を広げがちな傾向に注意が必要な配置です。謙虚さと地道な実務を身につけることで、誰からも慕われるスケールの大きな人気者になります。
JUPITER,ASC,trine,120,生まれながらの強運と豊かな人格に恵まれた調和的な配置です。自然体でいても周囲から愛され、豊かなチャンスや支援を引き寄せて幸福な人生を歩みます。
JUPITER,ASC,quincunx,150,周囲への過剰な善意や期待に応えようとして疲れやすい配置です。自分自身のキャパシティを理解し、無理のない等身大の親切を心がける知恵を学んでいきます。
JUPITER,ASC,opposition,180,他者との関わりや良きパートナーシップを通じて人生を大きく発展させていく性質です。素晴らしい伴侶や協力者と出会うことで、自らの可能性を無限に広げられます。
JUPITER,MC,conjunction,0,最高の幸運、強い指導力、社会的な大発展を武器にキャリアを切り開く生まれです。学術、法、国際、ビジネスなどの分野で高い地位と名声を獲得する宿命を持ちます。
JUPITER,MC,sextile,60,前向きな意欲と社会的な良識を備えています。目上の人からの引き立てや援助を得やすく、自らのキャリアをスムーズかつ大規模に発展させていくことができます。
JUPITER,MC,square,90,社会的な野心と個人的な価値観との間で葛藤を抱えやすい配置です。大風呂敷を広げすぎず、誠実な実績を積み重ねることで確固たる名声と信頼を築きます。
JUPITER,MC,trine,120,社会的な大成功と名誉に恵まれた調和的な配置です。天性の風格とリーダーシップが高く評価され、公の舞台で自然と多くの支持を集めて大成します。
JUPITER,MC,quincunx,150,社会的な期待と自分自身の理想との間にギャップを感じやすい配置です。身の丈に合った着実なキャリア形成を意識することで、真の社会的成功を掴みます。
JUPITER,MC,opposition,180,精神的な充足感や家庭の幸福を人生の基盤とする性質です。豊かな内面と安心できる環境を整えることが、社会的な活動を支える確固たる土台となります。
SATURN,URANUS,conjunction,0,伝統と革新、秩序と自由を調和させる稀有な能力を生まれ持っています。古い社会システムを新しい技術や発想で再構築し、持続可能な改革を成し遂げる力を持ちます。
SATURN,URANUS,sextile,60,現実的な管理能力と先進的な発想力を備えています。組織の近代化や新しい技術の導入をスムーズに進め、着実な実績と信頼を築くことができます。
SATURN,URANUS,square,90,体制への反発心と規律へのこだわりとの間で激しい葛藤を抱えやすい配置です。古い常識に縛られず、かといって暴走せず、現実的な妥協点を見出すことで独自の改革を成し遂げます。
SATURN,URANUS,trine,120,伝統的な信頼性と先進的なイノベーションが完璧に調和した好配置です。長期的な計画に基づいた構造改革を成功させ、新しい社会規範を確立する資質を持ちます。
SATURN,URANUS,quincunx,150,社会の古いルールと自らの改革的なアイデアとの間で摩擦を感じやすい配置です。性急な変革を避け、現場の理解を得ながら少しずつシステムを改善していく調整力を養います。
SATURN,URANUS,opposition,180,権威主義と自由主義の激しい対立を通じて社会的な自立心を確立していく性質です。双方の立場を理解し、対立を超えた新たな制度改革を主導する指導者となります。
SATURN,NEPTUNE,conjunction,0,夢や理想を現実の形に落とし込む強い意志と、深い精神性を生まれ持っています。福祉、芸術、スピリチュアルな理想を社会的な制度や作品として具現化する稀有な才能を持ちます。
SATURN,NEPTUNE,sextile,60,人道的な理想と現実的な実行力を備えています。静かな忍耐と思いやりによって社会的な弱者を支える制度や活動を構築し、確かな信頼と安心感を築きます。
SATURN,NEPTUNE,square,90,現実への不安感や自己欺瞞、理想と現実のギャップに悩まされやすい配置です。甘い現実逃避を戒め、事実を直視して地道な努力を重ねることで本物の精神的安定を手に入れます。
SATURN,NEPTUNE,trine,120,高い倫理観と卓越した現実構成力に恵まれた調和的な配置です。精神的な教えや芸術的なビジョンを社会的に通用する確固たる形へと見事に具現化します。
SATURN,NEPTUNE,quincunx,150,現実的な義務と内なる精神的理想との間で板挟みになりやすい配置です。自己犠牲を避け、できることから少しずつ理想を形にしていく柔軟なバランス感覚を学んでいきます。
SATURN,NEPTUNE,opposition,180,現実主義と理想主義の対立を通じて精神的な成熟を遂げていく性質です。虚飾を捨て、真実に基づいた体制を築くことで、多くの人々に真の安心感をもたらします。
SATURN,PLUTO,conjunction,0,凄まじい自己規律、不屈の忍耐力、極限の構造改革力を生まれ持っています。過酷な試練を乗り越えるたびに強大になり、社会的な基盤や体制を根本から作り直す力を持ちます。
SATURN,PLUTO,sextile,60,強靭な意志力と深い洞察力を備えています。どんな困難な組織改革や構造改革も着実に成し遂げることができ、危機的な状況で揺るぎないリーダーシップを発揮します。
SATURN,PLUTO,square,90,過酷な試練や厳しい権力闘争、社会的な激変に直面しやすい傾向があります。強権的な支配を戒め、痛みを伴う改革を受け入れることで、誰よりも強靭な精神と揺るぎない実力を確立します。
SATURN,PLUTO,trine,120,不屈の精神力と卓越した統率力に恵まれた最強の建設配置です。困難を乗り越えて築かれた体制は永続的な繁栄を支え、歴史に残るような大改革を成し遂げる資質を持ちます。
SATURN,PLUTO,quincunx,150,現実の制約と不可抗力的な変革の圧力との間で強い軋轢を感じやすい配置です。力づくの抑圧を避け、摩擦を最小限に抑える現実的な適応策を学んでいきます。
SATURN,PLUTO,opposition,180,社会構造の崩壊や強大な権力との正面対峙を通じて自己の責任感を鍛え上げていく性質です。倫理観を堅持して粘り強く対峙することで、真の指導者として大成します。
SATURN,ASC,conjunction,0,重厚な風格、真面目な人柄、強い責任感が前面に表れる生まれです。若年期には内向的になりやすいですが、地道な努力を重ねて晩年に向けて高い社会的信頼と威厳を獲得します。
SATURN,ASC,sextile,60,誠実で落ち着いた物腰と、確実な実務能力を備えています。周囲に対して安定感と信頼感を与え、着実に人間関係や社会的信用を積み上げていくことができます。
SATURN,ASC,square,90,自己表現に対する強い抑制心やコンプレックスを抱えやすい配置です。自己否定を克服し、時間をかけて本物の実力と自信を培うことで、誰からも尊敬される人格を確立します。
SATURN,ASC,trine,120,生まれながらの品格と高い自制心に恵まれた調和的な配置です。常識的で頼りがいのある人柄が高く評価され、組織や社会で自然と確固たる地位と名誉を築きます。
SATURN,ASC,quincunx,150,周囲からの期待や責任と、自分本来の感情との間で窮屈さを感じやすい配置です。無理な我慢を避け、自分を認める柔軟なセルフケアを身につけていきます。
SATURN,ASC,opposition,180,他者との関係において強い責任感と試練を経験する性質です。誠実で長期的なパートナーシップを築くことで、お互いを高め合える確固たる絆と社会的信用を確立します。
SATURN,MC,conjunction,0,強固な責任感、高い野心、不屈の忍耐力を武器にキャリアを築く生まれです。若年期の苦労を乗り越え、地道な努力によって社会的な大成功と揺るぎない権威を獲得します。
SATURN,MC,sextile,60,堅実な実務能力と誠実な職業倫理を備えています。目上の人からの信頼が厚く、着実に実績を積み上げることで社会的な地位と名声を確立していきます。
SATURN,MC,square,90,家庭環境の重圧や仕事上の厳しい試練に直面しやすい配置です。困難から逃げずに責任を果たし続けることで、独自の確固たる地位と人間性を築き上げます。
SATURN,MC,trine,120,社会的な成功と高い評価に恵まれた調和的な配置です。卓越した管理能力と責任感が高く評価され、公の舞台で自然と確固たる地位と永続的な名声を手に入れます。
SATURN,MC,quincunx,150,社会的な責任と自分本来の生き方との間で窮屈さを感じやすい配置です。無理な義務感に縛られず、自分らしいペースでキャリアを育てる知恵を身につけていきます。
SATURN,MC,opposition,180,家庭の基盤や心の安らぎを人生の最優先事項とする性質です。自らの足元やルーツを固めることが、結果として社会的な活動を支える確固たる土台となります。
URANUS,NEPTUNE,conjunction,0,時代精神の変革期に生まれ、革新的なテクノロジーとスピリチュアルな感性が融合した独自の直感力を持ちます。新たな芸術や精神文明を切り開く先駆的な資質を持ちます。
URANUS,NEPTUNE,sextile,60,進歩的な技術と人道的な理想が調和した世代的な恩恵を備えています。独創的な発想を社会貢献や文化活動へとスムーズに活かすことができます。
URANUS,NEPTUNE,square,90,急進的な改革欲求と集団的な幻想との間で葛藤を抱えやすい世代的な配置です。客観的な理性を重んじることで、時代の混乱を乗り越えて新しい価値観を確立します。
URANUS,NEPTUNE,trine,120,科学技術と精神文化の調和的な融合を体現する世代的な配置です。豊かなイマジネーションを具現化し、希望に満ちた未来社会への道筋を照らす才能を持ちます。
URANUS,NEPTUNE,quincunx,150,急速な技術革新と精神的な受容力との間でギャップを感じやすい世代的配置です。変化に戸惑う人々への配慮と、倫理的な基準の整備を学ぶ知恵を身につけていきます。
URANUS,NEPTUNE,opposition,180,科学的合理主義と精神主義の対立を通じて時代を切り開く世代的な性質です。包括的な視野を持ち、対立を超えた新たな文明の価値観を打ち立てます。
URANUS,PLUTO,conjunction,0,歴史的な社会大激変期に生まれ、爆発的な改革力と再生のエネルギーを持ちます。古い体制を完全に打破し、新たな文明の土台を築く強い意志力を持ちます。
URANUS,PLUTO,sextile,60,破壊と再生、革新のエネルギーが建設的に調和した世代的配置です。社会構造の健全な近代化を力強く推進する推進力を備えています。
URANUS,PLUTO,square,90,急進的な変革欲求と強権的な支配体制の激突を経験する世代的配置です。理不尽な圧力に屈せず、確固たる信念を持って自らの自由と正義を守り抜きます。
URANUS,PLUTO,trine,120,不屈の再生力と画期的なイノベーションが融合した最強の世代的配置です。社会や文明を進化させ、力強い新たな時代を切り開く資質を持ちます。
URANUS,PLUTO,quincunx,150,社会の大変革と個別の制度運用との間で摩擦を感じやすい世代的配置です。急激な変化に対応するための粘り強い微調整と制度設計を体得していきます。
URANUS,PLUTO,opposition,180,権威主義と自由への渇望が真っ向から対立する激動の世代に生まれ、真の民主的改革を目指して闘う強い意志力を備えています。
URANUS,ASC,conjunction,0,強烈な個性、独特のオーラ、自由奔放な自立心を前面に放つ生まれです。初対面でも鮮烈な印象を与え、既存の型にはまらない独自のスタイルで道を切り開きます。
URANUS,ASC,sextile,60,爽やかで進歩的な人柄と、柔軟な発想力を備えています。多様な個性を持つ人々とのネットワークを広げ、自由で刺激的な人間関係を楽しむことができます。
URANUS,ASC,square,90,強い反骨精神や突飛な振る舞いが前面に出やすく、対人摩擦を経験しやすい配置です。変わり者扱いを恐れず、その独創的な個性を建設的な表現に向けることで唯一無二の存在感を放ちます。
URANUS,ASC,trine,120,生まれながらの独創性と爽やかな魅力に恵まれた調和的な配置です。型破りなスタイルが周囲から好意的に受け入れられ、自由で刺激的な人間関係を自然体で築くことができます。
URANUS,ASC,quincunx,150,独自性を貫きたい欲求と周囲の社会通念との間でぎこちなさを感じやすい配置です。突飛さを抑え、自分の個性を洗練された形で周囲に適応させる工夫を学んでいきます。
URANUS,ASC,opposition,180,他者との関係において強い自立性と刺激を求める性質です。束縛を嫌いますが、お互いの個性を最大限に尊重し合える進歩的なパートナーシップを築くことで人生が大きく飛躍します。
URANUS,MC,conjunction,0,画期的な独創性、先端技術への適性、強い改革精神を武器にキャリアを切り開く生まれです。IT、科学、占星術、独立起業などの分野で社会的なブレイクスルーを達成します。
URANUS,MC,sextile,60,進歩的な視野と柔軟な実務能力を備えています。斬新なアイデアや最新ツールの導入によって、自らのキャリアを着実にステップアップさせていくことができます。
URANUS,MC,square,90,伝統的な職場環境や組織のルールへの反発心を抱えやすい配置です。突発的な転職や方針転換を避け、独自の専門技術を磨いて独立した立場を築くことで成功を掴みます。
URANUS,MC,trine,120,卓越した改革力と社会的な成功に恵まれた調和的な配置です。時代の先を行くユニークな活動が高く評価され、公の舞台で自然と高い地位と名声を手に入れます。
URANUS,MC,quincunx,150,自らの独創的な発想と社会的な評価との間にギャップを感じやすい配置です。アイデアを現実のビジネスとして成立させるための実用化の工夫を体得していきます。
URANUS,MC,opposition,180,型破りな生活様式やプライベートの自由を人生の基盤とする性質です。束縛のない安心できる拠点を築くことが、結果として社会的な活動を支える確固たる土台となります。
NEPTUNE,PLUTO,conjunction,0,約500年周期の歴史的な精神文明の再生期に生まれ、人類の集合的無意識を揺るがす深い霊的変容のエネルギーを持ちます。新たな芸術や精神文化の扉を開く資質を持ちます。
NEPTUNE,PLUTO,sextile,60,人類の意識の進化と文化・心理学の発展を支える調和的な世代的背景を持ちます。深い精神的洞察力と人道的な理想を備え、時代の変容に寄り添う生き方をします。
NEPTUNE,PLUTO,square,90,集団的な狂気や精神的混乱の時代に生まれ、自らの確固たる理性と倫理観を持って真実を見極めようとする強い精神力を持ちます。
NEPTUNE,PLUTO,trine,120,崇高な精神性と強大な再生力が共鳴する黄金時代の世代的配置です。芸術、宗教、科学の真の調和を追求し、世界的な癒やしと進化を支える才能を持ちます。
NEPTUNE,PLUTO,quincunx,150,精神的な理想と現実社会の権力構造との間で深い矛盾を感じやすい世代的配置です。地道な自己浄化と意識変革を重ねていきます。
NEPTUNE,PLUTO,opposition,180,人類の精神的価値観を巡る極限の対立の時代に生まれ、真の魂の自立と普遍的な愛の探求に挑む強い運命を持ちます。
NEPTUNE,ASC,conjunction,0,神秘的なオーラ、夢見がちな美しさ、極めて繊細な感受性が前面に表れる生まれです。人を惹きつける不思議な魅力があり、芸術、音楽、スピリチュアルな分野で才能を開花させます。
NEPTUNE,ASC,sextile,60,優しい雰囲気と思いやりを備えています。人の気持ちを自然に察知し、周囲に安らぎを与える温かい人柄として愛されます。芸術的な感性をスムーズに発揮できます。
NEPTUNE,ASC,square,90,自己像の曖昧さや他者への過剰な自己犠牲に悩まされやすい配置です。自他の境界線を明確にし、地に足のついた自己を確立することで、深い慈愛と芸術的才能を発揮します。
NEPTUNE,ASC,trine,120,生まれながらの気品と豊かなインスピレーションに恵まれた調和的な配置です。純粋な優しさと直感力が高く評価され、芸術や癒やしの分野で自然と多くの人々を魅了します。
NEPTUNE,ASC,quincunx,150,周囲への過剰な同情心や自己犠牲によってエネルギーを消耗しやすい配置です。自他の境界線を守り、自分自身を大切にする健全な優しさを学んでいきます。
NEPTUNE,ASC,opposition,180,他者への理想の投影や依存関係を通じて人間関係の真髄を学んでいく性質です。客観的な現実感覚を保つことで、深い慈愛に満ちた素晴らしいパートナーシップを築きます。
NEPTUNE,MC,conjunction,0,崇高な理想、芸術的インスピレーション、深い精神性を武器にキャリアを切り開く生まれです。音楽、映画、アート、スピリチュアル、福祉などの分野で高い社会的名声を獲得します。
NEPTUNE,MC,sextile,60,繊細な直感力と優しい社会性を備えています。人々の心を癒やす企画や活動が評価され、自らのキャリアをスムーズに発展させていくことができます。
NEPTUNE,MC,square,90,職業上の方向性の曖昧さや現実逃避に悩まされやすい配置です。明確な目標と規律を意識することで、その豊かなイマジネーションを本物のキャリアの成功へと結実させます。
NEPTUNE,MC,trine,120,芸術的な才能と社会的な成功に恵まれた調和的な配置です。天性の直感力と慈悲の心が高く評価され、公の舞台で自然と多くの支持と名誉を集めます。
NEPTUNE,MC,quincunx,150,社会的な役割と個人的な精神的理想との間で葛藤を抱えやすい配置です。自らの夢を現実の仕事として成立させるための地道な工夫を身につけていきます。
NEPTUNE,MC,opposition,180,精神的な平安や静かなプライベート空間を人生の基盤とする性質です。心の安らぐ家庭環境を整えることが、結果として社会的な活動を支える確固たる土台となります。
PLUTO,ASC,conjunction,0,圧倒的なカリスマ性、強烈な存在感、不屈の底力が前面に表れる生まれです。初対面でも相手を呑み込む威厳があり、自らの強大な意志力で運命を力強く切り開きます。
PLUTO,ASC,sextile,60,強い精神力と深い洞察力を備えています。物事の裏にある真実を見抜く力があり、周囲に対して頼もしい安心感と強い影響力を与えることができます。
PLUTO,ASC,square,90,激しい自己変容の衝動や強烈な存在感が原因で、対人関係での摩擦や誤解を経験しやすい配置です。力による支配を手放し、自制心を保つことで圧倒的なカリスマ性を確立します。
PLUTO,ASC,trine,120,生まれながらの強大な精神力と深い洞察力に恵まれた調和的な配置です。どんな逆境も乗り越える驚異的な底力があり、周囲を力強く導いて大きな信頼と威厳を獲得します。
PLUTO,ASC,quincunx,150,内なる強大な情念や支配欲と、周囲に見せる第一印象との間でギャップを抱えやすい配置です。エネルギーを少しずつ建設的な表現へと振り向ける知恵を身につけていきます。
PLUTO,ASC,opposition,180,他者との宿命的な対峙や激しい権力闘争を通じて自己を鍛え上げていく性質です。相手をコントロールしようとする執着を手放すことで、魂レベルの真実のパートナーシップを築きます。
PLUTO,MC,conjunction,0,圧倒的な権力、不屈の野心、根本的な社会的再生力を武器にキャリアを築く生まれです。組織や業界の頂点へと上り詰め、時代を大きく動かす最高指導者として大成します。
PLUTO,MC,sextile,60,強靭な意志力と卓越した組織掌握力を備えています。困難な状況でも動じずに状況を打開でき、自らのキャリアを着実に最高峰へと導くことができます。
PLUTO,MC,square,90,社会的な激変や権力闘争、職業上の極端な試練に直面しやすい配置です。困難から逃げずに課題と向き合い続けることで、誰よりも強靭な地位と実績を確立します。
PLUTO,MC,trine,120,社会的な大成功と絶大な権威に恵まれた最強の配置です。卓越した統率力と再生力が高く評価され、公の舞台で自然と最高位の地位と永続的な名声を手に入れます。
PLUTO,MC,quincunx,150,自らの巨大な野心と社会的な枠組みとの間で葛藤を抱えやすい配置です。影響力を正しく行使するための粘り強い調整力と倫理観を身につけていきます。
PLUTO,MC,opposition,180,家庭や自らのルーツに秘められた強大なエネルギーを人生の基盤とする性質です。心の深層を浄化し足元を固めることが、結果として社会的な活動を支える確固たる土台となります。
ASC,MC,conjunction,0,自分自身の個性や生き方と、社会的なキャリアや天職が完全に一致している生まれです。公私の境目なく自分らしさをストレートに発揮し、社会的な成功と高い自己実現を成し遂げます。
ASC,MC,sextile,60,自己表現力と社会的な目標への適応力がバランスよく調和しています。周囲からの支援や引き立てを受けやすく、自分らしさを活かしながらキャリアを着実に発展させていくことができます。
ASC,MC,square,90,個人のアイデンティティや生き方と、社会から求められる役割との間で葛藤を抱えやすい配置です。自己の確立と社会適応の両立を模索し続けることで、独自の強いキャリアと人間性を築き上げます。
ASC,MC,trine,120,自分らしさと社会的な成功が見事に共鳴する調和的な配置です。天性の魅力と実力が公の場で高く評価され、無理のない自然体で高い社会的地位と名声を獲得します。
ASC,MC,quincunx,150,自らの立ち振る舞いと社会的な肩書きや役割との間に違和感を覚えやすい配置です。周囲の期待に振り回されず、自分らしい働き方や社会的立場を丁寧に調整していく知恵を身につけていきます。
ASC,MC,opposition,180,プライベートな心の拠り所や家庭環境を何よりも大切にする性質です。心の安らぐ生活基盤をしっかりと固めることが、結果として社会的な活動を支える確固たる力となります。
