Event_Type,Planet,Natal_Planet,House,Sign,Aspect_Angle,Category,Description,Priority,Active_Flag
solar_house_ingress,SUN,,1,,,,太陽が第1ソーラーハウスに入り、あなた自身の魅力や意志を堂々と打ち出せる時期です。新たな目標に向けて情熱が高まり、主体的にスタートを切るのに適しています。,10,1
solar_house_ingress,SUN,,2,,,,太陽が第2ソーラーハウスに入り、収入や所有、持っている才能に光が当たる時期です。自分の価値を着実に形にし、安定した基盤を築く行動が実を結びます。,10,1
solar_house_ingress,SUN,,3,,,,太陽が第3ソーラーハウスに入り、知的好奇心や情報発信、身近な人との交流が活性化する時期です。フットワーク軽く学んだりコミュニケーションを広げたりするのに向いています。,10,1
solar_house_ingress,SUN,,4,,,,太陽が第4ソーラーハウスに入り、家庭や住まい、心の拠り所に温かい意識が向く時期です。安心できる居場所を整え、足元をしっかりと固めるのに適しています。,10,1
solar_house_ingress,SUN,,5,,,,太陽が第5ソーラーハウスに入り、自己表現やクリエイティブな活動、恋愛への意欲が高まる華やかな時期です。自分の好きやワクワクを思い切り楽しむことで運気が高まります。,10,1
solar_house_ingress,SUN,,6,,,,太陽が第6ソーラーハウスに入り、仕事の実務や健康管理、日々のルーティン改善にスポットが当たる時期です。環境を丁寧に整え、実用的なスキルを磨くのに適しています。,10,1
solar_house_ingress,SUN,,7,,,,太陽が第7ソーラーハウスに入り、パートナーシップや対人関係が重要なテーマとなる時期です。他者との協力関係を築き、誠実な対話を通じて絆を深めるのに向いています。,10,1
solar_house_ingress,SUN,,8,,,,太陽が第8ソーラーハウスに入り、深い絆や共有財産、本質的な変容にじっくり向き合う時期です。大切な人との信頼関係を深め、根本的な変化を受け入れる好機となります。,10,1
solar_house_ingress,SUN,,9,,,,太陽が第9ソーラーハウスに入り、高い目標や専門的な探求、未知の世界へ視野が大きく広がる時期です。前向きな挑戦や学びを通じて自分を大きく成長させられます。,10,1
solar_house_ingress,SUN,,10,,,,太陽が第10ソーラーハウスに入り、仕事や社会的な立場において実績や成果が注目される時期です。リーダーシップを発揮し、目標達成に向けて力を注ぐのに適しています。,10,1
solar_house_ingress,SUN,,11,,,,太陽が第11ソーラーハウスに入り、志を共にする仲間とのつながりや未来のビジョンが広がる時期です。グループ活動や新しいネットワーク作りに積極的に参加すると良いでしょう。,10,1
solar_house_ingress,SUN,,12,,,,太陽が第12ソーラーハウスに入り、内面の整理や休息、精神的な充電を優先すべき時期です。過去を振り返り、不要な思いを手放して次のサイクルに備えるのに向いています。,10,1
natal_house_ingress,SUN,,1,,,,太陽がネイタル第1ハウスに入り、自己変革や新しい取り組みに強い追い風が吹く時期です。自分らしい魅力を前面に出し、主役として堂々と行動していきましょう。,10,1
natal_house_ingress,SUN,,2,,,,太陽がネイタル第2ハウスに入り、金銭感覚や自己価値への意識が高まる時期です。具体的な収入アップの計画を立てたり、実用的な才能を磨いたりするのに向いています。,10,1
natal_house_ingress,SUN,,3,,,,太陽がネイタル第3ハウスに入り、学習意欲や身近なやり取りがスピーディーに動く時期です。新しい知識のインプットや、周囲とのこまめな連絡が良い展開を生みます。,10,1
natal_house_ingress,SUN,,4,,,,太陽がネイタル第4ハウスに入り、プライベートや家族との関係、基盤作りにエネルギーが注がれる時期です。心からリラックスできる安心の土台を整えましょう。,10,1
natal_house_ingress,SUN,,5,,,,太陽がネイタル第5ハウスに入り、創作意欲や自己表現の喜びが最高潮に達する時期です。趣味や恋愛を心から楽しみ、情熱を持って自分らしさを発信していきましょう。,10,1
natal_house_ingress,SUN,,6,,,,太陽がネイタル第6ハウスに入り、仕事の役割や生活習慣の見直しに注力できる実直な時期です。日々の業務を丁寧に整理し、心身のコンディションを整えるのに最適です。,10,1
natal_house_ingress,SUN,,7,,,,太陽がネイタル第7ハウスに入り、重要な出会いや契約、パートナーとの深い対話が促される時期です。相手の立場を尊重しながら、心地よい協力関係を築けます。,10,1
natal_house_ingress,SUN,,8,,,,太陽がネイタル第8ハウスに入り、人との濃密な関わりや受け継ぐものに意識が向く時期です。本音で語り合い、深い信頼と変容を受け止める大切なタイミングとなります。,10,1
natal_house_ingress,SUN,,9,,,,太陽がネイタル第9ハウスに入り、精神的な冒険やスキルアップ、遠方への関心が高まる時期です。固定観念を手放し、より広い世界へ可能性を伸ばしていきましょう。,10,1
natal_house_ingress,SUN,,10,,,,太陽がネイタル第10ハウスに入り、これまでの努力が社会的に評価されやすい飛躍の時期です。責任ある立場を引き受け、誇りを持って成果を形にしていきましょう。,10,1
natal_house_ingress,SUN,,11,,,,太陽がネイタル第11ハウスに入り、友人関係やコミュニティでの役割が活性化する時期です。理想の未来像を仲間と共有し、自由な発想で共創を進めるのに適しています。,10,1
natal_house_ingress,SUN,,12,,,,太陽がネイタル第12ハウスに入り、静かに心を整えリフレッシュを図るべき重要な準備期です。一人の時間を大切にし、潜在意識の声に耳を傾けて浄化を進めましょう。,10,1
solar_house_ingress,MERCURY,,1,,,,水星が第1ソーラーハウスに入り、思考の回転が速くなりコミュニケーション能力が冴える時期です。自分の考えを分かりやすく発信し、周囲との対話を主導していきましょう。,10,1
solar_house_ingress,MERCURY,,2,,,,水星が第2ソーラーハウスに入り、お金の使い方や実用的なスキルの習得に関心が高まる時期です。収支の計画を立てたり、ビジネスのアイデアを整理するのに適しています。,10,1
solar_house_ingress,MERCURY,,3,,,,水星が第3ソーラーハウスに入り、情報収集や学習、SNS等での発信が一段と活発になる時期です。フットワーク軽く知的好奇心を広げ、身近な人との会話を楽しみましょう。,10,1
solar_house_ingress,MERCURY,,4,,,,水星が第4ソーラーハウスに入り、家族や身近な人との対話、住まいに関する情報整理がスムーズに進む時期です。自宅での読書や勉強、暮らしの計画を練るのに向いています。,10,1
solar_house_ingress,MERCURY,,5,,,,水星が第5ソーラーハウスに入り、創造的なアイデアや趣味の企画、自己表現が冴え渡る時期です。ユニークな発想を形にしたり、楽しい話題で人を惹きつけるのに適しています。,10,1
solar_house_ingress,MERCURY,,6,,,,水星が第6ソーラーハウスに入り、事務処理やスケジュール管理、健康情報の見直しが捗る時期です。細部にまで気を配り、日々の業務フローを効率化させましょう。,10,1
solar_house_ingress,MERCURY,,7,,,,水星が第7ソーラーハウスに入り、一対一の対話や交渉、相談事が実りやすい時期です。相手の意見を丁寧に聞き、建設的なコミュニケーションを通じて信頼関係を築けます。,10,1
solar_house_ingress,MERCURY,,8,,,,水星が第8ソーラーハウスに入り、深い調査や専門的な研究、本音でのやり取りに適した時期です。表面的な情報にとらわれず、物事の真相や心理を深く読み解くのに向いています。,10,1
solar_house_ingress,MERCURY,,9,,,,水星が第9ソーラーハウスに入り、高度な学問や異文化、語学学習への探求心が高まる時期です。視野を広げる新しい知識の吸収や、旅行・資格取得の計画を立てるのに最適です。,10,1
solar_house_ingress,MERCURY,,10,,,,水星が第10ソーラーハウスに入り、仕事上のプレゼンや提案、公式な連絡において手腕を発揮できる時期です。的確な判断と明瞭な説明で、社会的な信頼を高められます。,10,1
solar_house_ingress,MERCURY,,11,,,,水星が第11ソーラーハウスに入り、仲間との意見交換や未来に向けたアイデア出しが盛り上がる時期です。ネットワークを広げ、多様な価値観に触れて知見を深めましょう。,10,1
solar_house_ingress,MERCURY,,12,,,,水星が第12ソーラーハウスに入り、内省や直感的な思考、静かな学びに向いている時期です。頭の中を整理して日記を書いたり、瞑想や芸術に親しんで心を休めましょう。,10,1
natal_house_ingress,MERCURY,,1,,,,水星がネイタル第1ハウスに入り、知的な魅力やフットワークの軽さが前面に出てくる時期です。自分の意見を積極的に発言し、興味のある分野へ迅速に飛び込んでいきましょう。,10,1
natal_house_ingress,MERCURY,,2,,,,水星がネイタル第2ハウスに入り、経済的な計画や実務スキルの向上に知性が活かされる時期です。具体的な資金管理や資格取得など、実践的な知識の習得に励むと吉です。,10,1
natal_house_ingress,MERCURY,,3,,,,水星がネイタル第3ハウスに入り、知的好奇心と発信力が最高潮に達する時期です。短時間の移動や日常的な連絡が頻繁になり、有益な情報交換が活発に行われます。,10,1
natal_house_ingress,MERCURY,,4,,,,水星がネイタル第4ハウスに入り、家族や信頼できる仲間との話し合いが深まる時期です。落ち着いた環境で本音を語り合い、住まいや生活のルールを見直すのに適しています。,10,1
natal_house_ingress,MERCURY,,5,,,,水星がネイタル第5ハウスに入り、クリエイティブな表現力やウィットに富んだ会話力が輝く時期です。文章を書くことやゲーム・企画作りなど、知的な遊びを存分に楽しみましょう。,10,1
natal_house_ingress,MERCURY,,6,,,,水星がネイタル第6ハウスに入り、実務作業の分析やタスク管理の精度が飛躍的に高まる時期です。生活習慣や仕事の手順を論理的に見直し、無駄を削ぎ落としましょう。,10,1
natal_house_ingress,MERCURY,,7,,,,水星がネイタル第7ハウスに入り、パートナーや仕事相手との対話がスムーズに進む時期です。率直かつ思いやりのあるコミュニケーションで、互いの理解を深められます。,10,1
natal_house_ingress,MERCURY,,8,,,,水星がネイタル第8ハウスに入り、心理学や資産管理など、深い領域の知識に没頭できる時期です。秘密や専門分野の徹底的なリサーチにおいて大きな成果が得られます。,10,1
natal_house_ingress,MERCURY,,9,,,,水星がネイタル第9ハウスに入り、思想や哲学、海外の情報に関心が向く視野拡大の時期です。高い視点から物事を捉え、未来の可能性を広げる学びを深めていきましょう。,10,1
natal_house_ingress,MERCURY,,10,,,,水星がネイタル第10ハウスに入り、ビジネス上の発信や交渉で周囲をリードできる時期です。論理的な説明と迅速な対応が評価され、キャリア面での信頼が大きく向上します。,10,1
natal_house_ingress,MERCURY,,11,,,,水星がネイタル第11ハウスに入り、友人や同じ目標を持つ仲間との議論が活発化する時期です。オンラインコミュニティやサークル活動で情報共有を進めると好展開が期待できます。,10,1
natal_house_ingress,MERCURY,,12,,,,水星がネイタル第12ハウスに入り、無意識のアイデアやインスピレーションを言語化しやすい時期です。静かな環境で思考を深め、創作活動や心身のデトックスに充てましょう。,10,1
solar_house_ingress,VENUS,,1,,,,金星が第1ソーラーハウスに入り、あなたの魅力や親しみやすさが自然と周囲を引きつける華やかな時期です。ファッションや美容を楽しみ、笑顔で好印象を与えましょう。,10,1
solar_house_ingress,VENUS,,2,,,,金星が第2ソーラーハウスに入り、金運や物質的な豊かさに恵まれやすい心地よい時期です。美しいものに触れて感性を満たし、本当に価値あるものへの投資を意識しましょう。,10,1
solar_house_ingress,VENUS,,3,,,,金星が第3ソーラーハウスに入り、親しみやすい会話や心地よい交流が広がる時期です。SNSでの発信や身近な人への連絡、趣味の学びに楽しみを見出せるでしょう。,10,1
solar_house_ingress,VENUS,,4,,,,金星が第4ソーラーハウスに入り、インテリアや模様替え、家族との団らんが心を満たす時期です。安心できる居場所を美しく快適に整え、くつろぎの時間を味わいましょう。,10,1
solar_house_ingress,VENUS,,5,,,,金星が第5ソーラーハウスに入り、恋愛運や創作意欲が最高潮に高まる華やかな時期です。自分の好きなことに没頭し、ワクワクする楽しみや愛情を素直に表現しましょう。,10,1
solar_house_ingress,VENUS,,6,,,,金星が第6ソーラーハウスに入り、職場環境の改善や同僚との良好な関係づくりが進む時期です。健康や美容のケアを日々の習慣に取り入れ、心地よく働きましょう。,10,1
solar_house_ingress,VENUS,,7,,,,金星が第7ソーラーハウスに入り、パートナーシップや対人関係に温かい調和がもたらされる幸運期です。互いに思いやりを持って接することで、素敵なご縁や絆が深まります。,10,1
solar_house_ingress,VENUS,,8,,,,金星が第8ソーラーハウスに入り、深い信頼関係や共有する財産・ギフトに恵まれやすい時期です。特定の人と心を通わせ、濃密で特別な時間を分かち合えるでしょう。,10,1
solar_house_ingress,VENUS,,9,,,,金星が第9ソーラーハウスに入り、旅行や異文化体験、芸術的な探求に心惹かれる時期です。日常を離れて美しい景色や高尚な文化に触れ、感性を豊かに広げましょう。,10,1
solar_house_ingress,VENUS,,10,,,,金星が第10ソーラーハウスに入り、仕事上の魅力や好感度が高まり、周囲からの引き立てを受けやすい時期です。洗練された立ち振る舞いで、社会的な評価を高められます。,10,1
solar_house_ingress,VENUS,,11,,,,金星が第11ソーラーハウスに入り、趣味のサークルや友人との楽しい集まりに恵まれる時期です。利害を超えた心地よいネットワークを広げ、未来の希望を語り合いましょう。,10,1
solar_house_ingress,VENUS,,12,,,,金星が第12ソーラーハウスに入り、静かでロマンチックな時間を楽しんだり、心を癒やすのに適した時期です。一人の時間に好きな音楽やアートに浸り、愛と優しさを充電しましょう。,10,1
natal_house_ingress,VENUS,,1,,,,金星がネイタル第1ハウスに入り、あなたの持つ本来の魅力や優美さが輝く時期です。第一印象が良くなり、周囲からの好意や人気を集めやすくなります。,10,1
natal_house_ingress,VENUS,,2,,,,金星がネイタル第2ハウスに入り、金運や豊かさを引き寄せる力が強まる時期です。自分のセンスを活かした収入源を見つけたり、質の良い買い物を楽しめます。,10,1
natal_house_ingress,VENUS,,3,,,,金星がネイタル第3ハウスに入り、周囲とのやり取りに愛嬌とユーモアが生まれる時期です。フランクな会話から良い情報や楽しい約束が生まれやすくなります。,10,1
natal_house_ingress,VENUS,,4,,,,金星がネイタル第4ハウスに入り、家庭内での愛情や住まいへの愛着が深まる時期です。居心地の良い空間づくりにこだわり、身近な人と穏やかな幸せを分かち合えます。,10,1
natal_house_ingress,VENUS,,5,,,,金星がネイタル第5ハウスに入り、ドラマチックな恋愛やクリエイティブな才能の開花が期待できる時期です。自分を思い切り表現し、人生の喜びを謳歌しましょう。,10,1
natal_house_ingress,VENUS,,6,,,,金星がネイタル第6ハウスに入り、日々の業務やルーティンが楽しくスムーズに運ぶ時期です。健康的な美しさを意識したセルフケアが大きな効果を発揮します。,10,1
natal_house_ingress,VENUS,,7,,,,金星がネイタル第7ハウスに入り、恋愛や結婚、ビジネスパートナーとの関係に最高のご縁がもたらされる時期です。誠実な対話が深い調和を生み出します。,10,1
natal_house_ingress,VENUS,,8,,,,金星がネイタル第8ハウスに入り、他者からの援助や遺産、深い精神的結びつきに恵まれる時期です。大切な相手と心を開いて向き合い、絆を確固たるものにしましょう。,10,1
natal_house_ingress,VENUS,,9,,,,金星がネイタル第9ハウスに入り、海外旅行や専門的な美学の学びに心躍る時期です。視野を大きく広げ、自分自身の精神性を高める素晴らしい体験に出会えます。,10,1
natal_house_ingress,VENUS,,10,,,,金星がネイタル第10ハウスに入り、あなたのプロフェッショナルな魅力が広く認められる時期です。周囲からの好意的な支援を得て、キャリアアップを実現しやすくなります。,10,1
natal_house_ingress,VENUS,,11,,,,金星がネイタル第11ハウスに入り、気の置けない仲間との友情や社交が充実する時期です。同じ価値観を持つ人たちと楽しく過ごし、温かい輪を広げていきましょう。,10,1
natal_house_ingress,VENUS,,12,,,,金星がネイタル第12ハウスに入り、秘めた愛情や精神的な癒やしを大切にしたい時期です。静かな場所で心を休め、見返りを求めない優しさを育みましょう。,10,1
solar_house_ingress,MARS,,1,,,,火星が第1ソーラーハウスに入り、強いエネルギーとチャレンジ精神が湧き上がる時期です。迷わず先頭に立って行動を起こし、自分の力で新たな道を切り拓きましょう。,10,1
solar_house_ingress,MARS,,2,,,,火星が第2ソーラーハウスに入り、収入アップや欲しいものを手に入れるための意欲が高まる時期です。積極的な経済活動に挑むとともに、衝動買いには注意しましょう。,10,1
solar_house_ingress,MARS,,3,,,,火星が第3ソーラーハウスに入り、知的好奇心と行動力が直結し、スピーディーに動ける時期です。議論や意見表明に熱が入りやすいため、前向きな情報発信を心がけましょう。,10,1
solar_house_ingress,MARS,,4,,,,火星が第4ソーラーハウスに入り、住まいの改修や大掃除、家族に関する懸案事項に熱心に取り組む時期です。感情の摩擦に気をつけつつ、暮らしの基盤を力強く整えましょう。,10,1
solar_house_ingress,MARS,,5,,,,火星が第5ソーラーハウスに入り、クリエイティブな表現やスポーツ、恋愛において情熱的な推進力が湧く時期です。恐れずに自己アピールを行い、心躍る挑戦を楽しみましょう。,10,1
solar_house_ingress,MARS,,6,,,,火星が第6ソーラーハウスに入り、実務作業の処理能力やタスク遂行力が高まる時期です。ワーカホリックや過労に気をつけながら、効率的なワークスタイルを確立しましょう。,10,1
solar_house_ingress,MARS,,7,,,,火星が第7ソーラーハウスに入り、対人関係やパートナーシップで積極的な交渉や本音の対話が促される時期です。対立を恐れず、互いの意志を尊重した協力関係を築きましょう。,10,1
solar_house_ingress,MARS,,8,,,,火星が第8ソーラーハウスに入り、共有資産の整理や特定の相手との深い関係性に強い情熱が注がれる時期です。徹底的な集中力を発揮し、本質的な課題の解決に挑みましょう。,10,1
solar_house_ingress,MARS,,9,,,,火星が第9ソーラーハウスに入り、未知の分野への挑戦や遠方への冒険、高度な学びへの意欲が燃え上がる時期です。高い目標を掲げ、情熱を持ってステップアップを図りましょう。,10,1
solar_house_ingress,MARS,,10,,,,火星が第10ソーラーハウスに入り、仕事やキャリアでの野心が高まり、リーダーシップを発揮できる勝負の時期です。責任を持って果敢に行動し、確かな実績を勝ち取りましょう。,10,1
solar_house_ingress,MARS,,11,,,,火星が第11ソーラーハウスに入り、仲間とのプロジェクトや社会活動を牽引するパワーに恵まれる時期です。未来志向のビジョンに向かって、周囲を巻き込みながら前進しましょう。,10,1
solar_house_ingress,MARS,,12,,,,火星が第12ソーラーハウスに入り、水面下の準備や心身のデトックスにエネルギーを使うべき時期です。無理な行動は控え、内面と向き合って次のサイクルへの活力を蓄えましょう。,10,1
natal_house_ingress,MARS,,1,,,,火星がネイタル第1ハウスに入り、圧倒的なバイタリティと行動力で自ら道を切り拓いていける時期です。主体性を存分に発揮し、新しい挑戦をスタートさせましょう。,10,1
natal_house_ingress,MARS,,2,,,,火星がネイタル第2ハウスに入り、稼ぐ力や欲しいものを手に入れる行動力が刺激される時期です。経済基盤を強化するための積極的なアクションが実を結びます。,10,1
natal_house_ingress,MARS,,3,,,,火星がネイタル第3ハウスに入り、情報収集やスキルアップ、迅速なコミュニケーションが捗る時期です。鋭い知性を活かして周囲に意見を明確に伝えましょう。,10,1
natal_house_ingress,MARS,,4,,,,火星がネイタル第4ハウスに入り、住環境の整備や身内を守るための行動にエネルギーが注がれる時期です。家族への配慮を忘れずに、安心できる居場所を強化しましょう。,10,1
natal_house_ingress,MARS,,5,,,,火星がネイタル第5ハウスに入り、趣味や恋愛、創作活動に対する情熱が爆発的に高まる時期です。自分の好きを全力でアピールし、ドラマチックな体験を掴み取りましょう。,10,1
natal_house_ingress,MARS,,6,,,,火星がネイタル第6ハウスに入り、業務改善やトレーニング、健康管理にストイックに取り組める時期です。ペース配分を意識しながら、日々の課題を確実に片付けましょう。,10,1
natal_house_ingress,MARS,,7,,,,火星がネイタル第7ハウスに入り、他者との関係において積極的なアプローチや議論が活発化する時期です。切磋琢磨できる良きライバルやパートナーシップが育ちます。,10,1
natal_house_ingress,MARS,,8,,,,火星がネイタル第8ハウスに入り、深く関わる案件や絆において妥協なき変容を遂げられる時期です。集中して課題の根本に切り込み、ブレイクスルーを果たしましょう。,10,1
natal_house_ingress,MARS,,9,,,,火星がネイタル第9ハウスに入り、専門知識の修得や遠方への挑戦に向けてダイナミックに動ける時期です。大きな視野を持って未知の世界を切り拓いていきましょう。,10,1
natal_house_ingress,MARS,,10,,,,火星がネイタル第10ハウスに入り、キャリア面で勝負をかけ、大きな成果を勝ち取れる勝負期です。強い意志と実行力で周囲を牽引し、社会的地位を築きましょう。,10,1
natal_house_ingress,MARS,,11,,,,火星がネイタル第11ハウスに入り、同志と協力して社会的な改革や新しいコミュニティ活動を推進できる時期です。同じ志を持つ仲間と共に理想を形にしていきましょう。,10,1
natal_house_ingress,MARS,,12,,,,火星がネイタル第12ハウスに入り、見えないところで努力を重ね、内面の葛藤を克服していく充電の時期です。焦りを手放し、静かに戦略を練るのに適しています。,10,1
solar_house_ingress,JUPITER,,1,,,,木星が第1ソーラーハウスに入り、あなたの存在感や可能性が大きく広がる大幸運期の到来です。前向きな自信に満ち、新しい人生のステージへ大胆に踏み出しましょう。,10,1
solar_house_ingress,JUPITER,,2,,,,木星が第2ソーラーハウスに入り、金運や財政基盤の発展、新たな収入のチャンスに恵まれやすい時期です。自分の才能を惜しみなく発揮し、豊かな実りを受け取りましょう。,10,1
solar_house_ingress,JUPITER,,3,,,,木星が第3ソーラーハウスに入り、知的好奇心や人脈、学びの機会が豊かに広がる時期です。SNSや身近なネットワークを通じて、有益で前向きな情報が次々と集まります。,10,1
solar_house_ingress,JUPITER,,4,,,,木星が第4ソーラーハウスに入り、家庭環境や心の拠り所、住まいに温かな恩恵がもたらされる時期です。家族との関係が円満になり、安心できる土台がより強固になります。,10,1
solar_house_ingress,JUPITER,,5,,,,木星が第5ソーラーハウスに入り、創造的な才能の開花や恋愛、自己表現に素晴らしい追い風が吹く時期です。心から楽しめることに情熱を注ぎ、自己の魅力を大いに発揮しましょう。,10,1
solar_house_ingress,JUPITER,,6,,,,木星が第6ソーラーハウスに入り、職場環境や業務プロセスの改善、健康増進に恵まれた発展がある時期です。周囲への貢献や日々の積み重ねが、大きな充実感につながります。,10,1
solar_house_ingress,JUPITER,,7,,,,木星が第7ソーラーハウスに入り、パートナーシップや重要な人間関係において素晴らしい良縁と発展がもたらされる幸運期です。互いを高め合える関係性を築きましょう。,10,1
solar_house_ingress,JUPITER,,8,,,,木星が第8ソーラーハウスに入り、他者からの強力なサポートや共有財産の拡大、精神的な深い変容に恵まれる時期です。大切な絆を信じて受け入れることで豊かさが倍増します。,10,1
solar_house_ingress,JUPITER,,9,,,,木星が第9ソーラーハウスに入り、高等教育や専門資格、海外進出や出版など、高い目標へ向かって無限の可能性が広がる時期です。前向きな探求心で未知の世界を旅しましょう。,10,1
solar_house_ingress,JUPITER,,10,,,,木星が第10ソーラーハウスに入り、社会的評価やキャリアにおける最大のサクセス期を迎える時期です。リーダーシップを発揮し、大きな目標達成に向けて飛躍を遂げましょう。,10,1
solar_house_ingress,JUPITER,,11,,,,木星が第11ソーラーハウスに入り、素晴らしい仲間やコミュニティに恵まれ、未来へのビジョンが実現へ向かう時期です。多くの人と協力し、大きな理想を形にしていきましょう。,10,1
solar_house_ingress,JUPITER,,12,,,,木星が第12ソーラーハウスに入り、目に見えない守護や精神的な癒やし、心のデトックスに恵まれる時期です。内省を通じて魂を充電し、次の大いなるサイクルに備えましょう。,10,1
natal_house_ingress,JUPITER,,1,,,,木星がネイタル第1ハウスに入り、12年に一度の自己拡大と発展のサイクルが始まります。ポジティブな自己変革を恐れず、新しい挑戦へ大胆に一歩を踏み出しましょう。,10,1
natal_house_ingress,JUPITER,,2,,,,木星がネイタル第2ハウスに入り、物質的な豊かさや自己の潜在能力が大きく開花する時期です。培ってきたスキルを活かして、長期的な豊かさの基盤を築きましょう。,10,1
natal_house_ingress,JUPITER,,3,,,,木星がネイタル第3ハウスに入り、知性の広がりや人脈の拡大、有益な発信の機会に恵まれる時期です。身近な情報交換から思いがけない幸運の種が芽吹きます。,10,1
natal_house_ingress,JUPITER,,4,,,,木星がネイタル第4ハウスに入り、家庭環境や心の安全基地に大きな祝福がもたらされる時期です。住居の充実や家族との絆の深まりを通じて、心の安らぎを得られます。,10,1
natal_house_ingress,JUPITER,,5,,,,木星がネイタル第5ハウスに入り、恋愛やクリエイティブ活動、趣味の世界で大いなる喜びを味わえる時期です。遊び心を全開にして、人生の楽しさを謳歌しましょう。,10,1
natal_house_ingress,JUPITER,,6,,,,木星がネイタル第6ハウスに入り、日々の仕事のやりがいや健康管理が好転し、実りある生活リズムが整う時期です。誠実な働きが周囲からの確固たる信頼を集めます。,10,1
natal_house_ingress,JUPITER,,7,,,,木星がネイタル第7ハウスに入り、人生を豊かに彩るパートナーや支援者との出会いに恵まれる時期です。互いの自由と成長を尊重し合う素晴らしい関係が育ちます。,10,1
natal_house_ingress,JUPITER,,8,,,,木星がネイタル第8ハウスに入り、共同事業や資産の継承、深い心理的絆において恩恵を受ける時期です。他者と深く交わることで、自分自身の器を大きく広げられます。,10,1
natal_house_ingress,JUPITER,,9,,,,木星がネイタル第9ハウスに入り、精神的な成長や人生観を刷新するような学び・旅の機会に恵まれる時期です。大きな視野を持って自身の可能性にチャレンジしましょう。,10,1
natal_house_ingress,JUPITER,,10,,,,木星がネイタル第10ハウスに入り、キャリアの頂点を極め、社会的な名誉や成果を手にする絶好の時期です。自信を持って表舞台に立ち、実績を積み上げましょう。,10,1
natal_house_ingress,JUPITER,,11,,,,木星がネイタル第11ハウスに入り、志の高い仲間や新しいネットワークを通じて希望の光が差し込む時期です。未来に向けたプロジェクトが大きく前進します。,10,1
natal_house_ingress,JUPITER,,12,,,,木星がネイタル第12ハウスに入り、内なる安らぎとスピリチュアルな成長に守られる慈愛の時期です。過去のこだわりを手放し、心身を深く癒やして充電しましょう。,10,1
solar_house_ingress,SATURN,,1,,,,土星が第1ソーラーハウスに入り、自分自身の生き方や人格を鍛え直し、確固たる自己を確立する時期です。地道な努力を重ねて、揺るぎない自信と信頼を培いましょう。,10,1
solar_house_ingress,SATURN,,2,,,,土星が第2ソーラーハウスに入り、財政基盤の見直しや経済的な自立を確立するための堅実な時期です。無駄を省き、長期的に安定した資産形成に注力しましょう。,10,1
solar_house_ingress,SATURN,,3,,,,土星が第3ソーラーハウスに入り、実践的な知識の習得や規律あるコミュニケーションが求められる時期です。曖昧さを排し、論理的で正確な対話を心がけましょう。,10,1
solar_house_ingress,SATURN,,4,,,,土星が第4ソーラーハウスに入り、家庭の責任や生活基盤の根本的な立て直しに向き合う時期です。じっくりと時間をかけて、長く安心できる強固な土台を築きましょう。,10,1
solar_house_ingress,SATURN,,5,,,,土星が第5ソーラーハウスに入り、創造的な活動や趣味においてプロ意識を持って取り組むべき時期です。単なる楽しみに留まらず、本物の技術や表現力を磨き上げましょう。,10,1
solar_house_ingress,SATURN,,6,,,,土星が第6ソーラーハウスに入り、労働環境や日々の職務、健康管理に対して真摯な規律が求められる時期です。地道な改善と体調管理を徹底し、持続可能なワークスタイルを築きましょう。,10,1
solar_house_ingress,SATURN,,7,,,,土星が第7ソーラーハウスに入り、パートナーシップや重要な契約において長期的な責任と信頼が試される時期です。誠実に向き合い、互いを支え合える確固たる絆を育てましょう。,10,1
solar_house_ingress,SATURN,,8,,,,土星が第8ソーラーハウスに入り、税金やローン、共有財産や深い精神的契約の整理に向き合う時期です。感情に流されず、現実的な観点から本質的な信頼関係を再構築しましょう。,10,1
solar_house_ingress,SATURN,,9,,,,土星が第9ソーラーハウスに入り、専門知識の体系的な学習や資格取得など、実践的な学びを深める時期です。高い目標に向かって粘り強く取り組み、本物の教養を身につけましょう。,10,1
solar_house_ingress,SATURN,,10,,,,土星が第10ソーラーハウスに入り、キャリアや社会的立場において集大成となる責任を果たす時期です。重圧を乗り越えて堅実な実績を上げ、確固たる地位を確立しましょう。,10,1
solar_house_ingress,SATURN,,11,,,,土星が第11ソーラーハウスに入り、友人関係や所属するグループの質を見直し、真の仲間を選別する時期です。長期的なビジョンを共有できる信頼のネットワークを築きましょう。,10,1
solar_house_ingress,SATURN,,12,,,,土星が第12ソーラーハウスに入り、過去の未解決な問題や心理的なブロックと向き合い、根本的な清算を行う時期です。静かに自分を省み、次の人生サイクルのための土台を整えましょう。,10,1
natal_house_ingress,SATURN,,1,,,,土星がネイタル第1ハウスに入り、約30年サイクルの新たな自己構築が始まります。自分自身に責任を持ち、成熟した大人として揺るぎない土台を築き上げていきましょう。,10,1
natal_house_ingress,SATURN,,2,,,,土星がネイタル第2ハウスに入り、金銭管理の規律や真の自己価値を確立するための試練と構築の時期です。無駄を削ぎ落とし、地に足のついた収入基盤を固めましょう。,10,1
natal_house_ingress,SATURN,,3,,,,土星がネイタル第3ハウスに入り、実践的な学習や正確な意思伝達のスキルを鍛え上げる時期です。曖昧な思考を整理し、論理的で説得力のあるコミュニケーションを身につけましょう。,10,1
natal_house_ingress,SATURN,,4,,,,土星がネイタル第4ハウスに入り、家庭や住まい、心の土台に責任を持って向き合う時期です。家族関係の課題を解消し、長期的に安心して暮らせる確固たる基盤を整えましょう。,10,1
natal_house_ingress,SATURN,,5,,,,土星がネイタル第5ハウスに入り、自己表現や創作活動において本物の実力を培う時期です。一時的な流行に流されず、鍛錬を重ねて独自の技術や表現を確立しましょう。,10,1
natal_house_ingress,SATURN,,6,,,,土星がネイタル第6ハウスに入り、日々の職務への献身と徹底した健康管理が求められる時期です。丁寧な実務の積み重ねが、将来にわたる揺るぎない信頼を生み出します。,10,1
natal_house_ingress,SATURN,,7,,,,土星がネイタル第7ハウスに入り、対人関係やパートナーシップにおける覚悟と責任が問われる時期です。軽薄な関係を手放し、生涯を通じて信頼できるパートナーと絆を結びましょう。,10,1
natal_house_ingress,SATURN,,8,,,,土星がネイタル第8ハウスに入り、深い絆や共有財産、心理的な影と向き合い、精神的な成熟を果たす時期です。他者との境界線を正しく保ちつつ、真の信頼を築きましょう。,10,1
natal_house_ingress,SATURN,,9,,,,土星がネイタル第9ハウスに入り、哲学や専門知識を体系的に深め、独自の信念を確立する時期です。困難な学びにも腰を据えて取り組み、本物の知恵を身につけましょう。,10,1
natal_house_ingress,SATURN,,10,,,,土星がネイタル第10ハウスに入り、これまでの努力が社会的な成果として実を結ぶキャリアの正念場です。大きな責任を引き受け、プロフェッショナルとしての頂を目指しましょう。,10,1
natal_house_ingress,SATURN,,11,,,,土星がネイタル第11ハウスに入り、将来の目標や人脈を精査し、現実的な計画に落とし込む時期です。表面的な付き合いを整理し、本当に価値ある仲間と未来を創りましょう。,10,1
natal_house_ingress,SATURN,,12,,,,土星がネイタル第12ハウスに入り、過去30年の歩みを振り返り、不要なカルマや執着を静かに手放す時期です。内省と心の浄化を深め、新たな再生のサイクルに備えましょう。,10,1
solar_house_ingress,URANUS,,1,,,,天王星が第1ソーラーハウスに入り、自己イメージや生き方を劇的に刷新する変革期が訪れます。古い枠組みを打ち破り、真のオリジナリティと自由を手に入れましょう。,10,1
solar_house_ingress,URANUS,,2,,,,天王星が第2ソーラーハウスに入り、収入の得方や価値観に革新的な変化がもたらされる時期です。従来の常識にとらわれない新しい才能の発揮や働き方に挑戦しましょう。,10,1
solar_house_ingress,URANUS,,3,,,,天王星が第3ソーラーハウスに入り、斬新なアイデアや最新のテクノロジーを活用した学び・発信が加速する時期です。自由な発想で独創的なコミュニケーションを展開しましょう。,10,1
solar_house_ingress,URANUS,,4,,,,天王星が第4ソーラーハウスに入り、住環境や家族のあり方に画期的な変化が訪れる時期です。固定観念にとらわれない自由でモダンな暮らし方を築いていきましょう。,10,1
solar_house_ingress,URANUS,,5,,,,天王星が第5ソーラーハウスに入り、独創的なアート表現やユニークな趣味、自由な恋愛に目覚める時期です。自分だけの個性を存分に表現し、斬新な楽しみを満喫しましょう。,10,1
solar_house_ingress,URANUS,,6,,,,天王星が第6ソーラーハウスに入り、働き方改革や先端技術の導入により業務スタイルが刷新される時期です。健康管理にも新しいアプローチを取り入れ、柔軟に生活を改善しましょう。,10,1
solar_house_ingress,URANUS,,7,,,,天王星が第7ソーラーハウスに入り、パートナーシップや人間関係に予期せぬ出会いや自由な関係性の変化が訪れる時期です。依存を手放し、自立した対等な絆を育みましょう。,10,1
solar_house_ingress,URANUS,,8,,,,天王星が第8ソーラーハウスに入り、共有財産や共同投資、深層心理において劇的な刷新が起こる時期です。古い縛りから解放され、精神的・経済的な自立を果たしましょう。,10,1
solar_house_ingress,URANUS,,9,,,,天王星が第9ソーラーハウスに入り、高度な学問や哲学、海外関連の知見において革新的なインスピレーションを受ける時期です。固定観念を脱ぎ捨て、自由な探求の旅へ出ましょう。,10,1
solar_house_ingress,URANUS,,10,,,,天王星が第10ソーラーハウスに入り、キャリアや社会的肩書きに画期的なブレイクスルーが起こる時期です。独自の強みを打ち出し、前例のない新しいポジションを切り拓きましょう。,10,1
solar_house_ingress,URANUS,,11,,,,天王星が第11ソーラーハウスに入り、多様で個性的なコミュニティや未来志向のネットワークが大きく広がる時期です。同じ理想を持つ仲間と、新しい時代のビジョンを共創しましょう。,10,1
solar_house_ingress,URANUS,,12,,,,天王星が第12ソーラーハウスに入り、潜在意識の解放やスピリチュアルな直感の急激な目覚めを経験する時期です。心の内なる制約を解き放ち、自由な精神を取り戻しましょう。,10,1
natal_house_ingress,URANUS,,1,,,,天王星がネイタル第1ハウスに入り、人生観やパーソナリティを劇的に塗り替える約7年間の大革命期が始まります。恐れずに本来の個性と自由を解き放ちましょう。,10,1
natal_house_ingress,URANUS,,2,,,,天王星がネイタル第2ハウスに入り、収入源や自己価値の基準に電撃的な変化がもたらされる時期です。先端分野や独自のスキルを活かした新しい経済基盤を確立しましょう。,10,1
natal_house_ingress,URANUS,,3,,,,天王星がネイタル第3ハウスに入り、画期的な発想力と情報発信力が研ぎ澄まされる時期です。既成概念にとらわれない斬新なコミュニケーションで周囲に刺激を与えましょう。,10,1
natal_house_ingress,URANUS,,4,,,,天王星がネイタル第4ハウスに入り、住まいの移転や家族の形態に思いがけない変化が訪れやすい時期です。因習から自由になり、自分らしい風通しの良い居場所を築きましょう。,10,1
natal_house_ingress,URANUS,,5,,,,天王星がネイタル第5ハウスに入り、独創的なアート表現やユニークなロマンスに恵まれる刺激的な時期です。既存のルールに縛られず、個性あふれる自己表現を存分に楽しみましょう。,10,1
natal_house_ingress,URANUS,,6,,,,天王星がネイタル第6ハウスに入り、日々の職務環境や働き方に革新的なシフトが起こる時期です。デジタル化や柔軟なスケジュールを導入し、効率と自由を両立させましょう。,10,1
natal_house_ingress,URANUS,,7,,,,天王星がネイタル第7ハウスに入り、刺激的な人物との出会いやパートナーシップのあり方の刷新が進む時期です。互いの個性を尊重し合う、自由で自立した関係を築きましょう。,10,1
natal_house_ingress,URANUS,,8,,,,天王星がネイタル第8ハウスに入り、他者との金銭的・心理的結びつきに急激な変化が訪れる時期です。執着を潔く手放すことで、劇的な精神的再生を遂げられます。,10,1
natal_house_ingress,URANUS,,9,,,,天王星がネイタル第9ハウスに入り、先進的な思想や先端技術の探求、グローバルな挑戦に強い意欲が湧く時期です。枠を飛び出し、未来の真理を探求しましょう。,10,1
natal_house_ingress,URANUS,,10,,,,天王星がネイタル第10ハウスに入り、職業や社会的立場において予想外の転換や飛躍が起こる時期です。唯一無二のオリジナリティを発揮し、時代を先取りするリーダーになりましょう。,10,1
natal_house_ingress,URANUS,,11,,,,天王星がネイタル第11ハウスに入り、国境や年齢を超えた先鋭的なグループとの連携が深まる時期です。自由と博愛の精神で、新しい社会の仕組みやプロジェクトを興しましょう。,10,1
natal_house_ingress,URANUS,,12,,,,天王星がネイタル第12ハウスに入り、潜在意識の奥底にあるブロックや過去の記憶が一気に浄化される時期です。閃きや直感を信じ、魂の自由を取り戻しましょう。,10,1
solar_house_ingress,NEPTUNE,,1,,,,海王星が第1ソーラーハウスに入り、豊かな感受性と神秘的な魅力が内面から溢れ出る時期です。直感やインスピレーションを信じ、芸術的・スピリチュアルな感性を大切にしましょう。,10,1
solar_house_ingress,NEPTUNE,,2,,,,海王星が第2ソーラーハウスに入り、物質的な価値観が柔軟になり、目に見えない豊かさに意識が向く時期です。直感的な才能を活かしつつ、現実的な金銭管理も意識しましょう。,10,1
solar_house_ingress,NEPTUNE,,3,,,,海王星が第3ソーラーハウスに入り、詩的でイメージ豊かな表現力や共感力が高まる時期です。言葉の奥にある感情を繊細に汲み取り、優しいコミュニケーションを広げましょう。,10,1
solar_house_ingress,NEPTUNE,,4,,,,海王星が第4ソーラーハウスに入り、家庭や住まいが癒やしと安らぎの聖域となる時期です。心を包み込むような温かい環境を整え、家族や身近な人を無条件の愛で包みましょう。,10,1
solar_house_ingress,NEPTUNE,,5,,,,海王星が第5ソーラーハウスに入り、夢のようなロマンスやイマジネーション豊かな創作活動に恵まれる時期です。芸術や音楽に深く没頭し、美しい世界を心ゆくまで創造しましょう。,10,1
solar_house_ingress,NEPTUNE,,6,,,,海王星が第6ソーラーハウスに入り、他者への献身や福祉・ヒーリング分野での活動にやりがいを見出す時期です。過剰な自己犠牲を避け、心身の休養をしっかり取りましょう。,10,1
solar_house_ingress,NEPTUNE,,7,,,,海王星が第7ソーラーハウスに入り、相手の痛みに寄り添う深い共感と理想的な絆が育まれる時期です。相手を美化しすぎず、温かい信頼と思いやりで関係を紡ぎましょう。,10,1
solar_house_ingress,NEPTUNE,,8,,,,海王星が第8ソーラーハウスに入り、魂のレベルでの深い結びつきやスピリチュアルな変容を経験する時期です。目に見えない縁を信じ、恐れを手放して心を明け渡しましょう。,10,1
solar_house_ingress,NEPTUNE,,9,,,,海王星が第9ソーラーハウスに入り、神秘的な思想やスピリチュアルな探求、芸術的な世界観へ強い憧れを抱く時期です。高次の直感を磨き、心の境界を広げる旅へ出ましょう。,10,1
solar_house_ingress,NEPTUNE,,10,,,,海王星が第10ソーラーハウスに入り、夢や理想を仕事を通じて社会に還元していく時期です。芸術や癒やし、クリエイティブな分野で独自の感性を活かしたキャリアを築きましょう。,10,1
solar_house_ingress,NEPTUNE,,11,,,,海王星が第11ソーラーハウスに入り、利害を超えて高い理想や博愛精神で結ばれる仲間との出会いに恵まれる時期です。共に夢を語り合い、心温まるコミュニティを広げましょう。,10,1
solar_house_ingress,NEPTUNE,,12,,,,海王星が第12ソーラーハウスに入り、海王星のホームグラウンドで最も深い精神的浄化とインスピレーションがもたらされる時期です。瞑想や休息を大切にし、大いなる癒やしを受け取りましょう。,10,1
natal_house_ingress,NEPTUNE,,1,,,,海王星がネイタル第1ハウスに入り、神秘的なオーラと繊細な感受性が開花する約14年間の霊的変容期を迎えます。豊かな直感と共感力で自分を優しく表現しましょう。,10,1
natal_house_ingress,NEPTUNE,,2,,,,海王星がネイタル第2ハウスに入り、物質的な執着を手放し、自らの感性や創造力を豊かさに変えていく時期です。直感を信じつつ、金銭の管理は誠実かつ現実的に行いましょう。,10,1
natal_house_ingress,NEPTUNE,,3,,,,海王星がネイタル第3ハウスに入り、テレパシーのような直感力と芸術的な表現力が研ぎ澄まされる時期です。理屈を超えた優しい言葉で、周囲の心を包み込みましょう。,10,1
natal_house_ingress,NEPTUNE,,4,,,,海王星がネイタル第4ハウスに入り、家庭や住まいが心を深く休める神聖な隠れ家となる時期です。家族への無条件の愛を育み、安心できる精神的な拠り所を整えましょう。,10,1
natal_house_ingress,NEPTUNE,,5,,,,海王星がネイタル第5ハウスに入り、運命的なロマンスや神秘的な創作活動に恵まれる時期です。純粋な感性を解き放ち、魂が震えるような感動の世界を創造しましょう。,10,1
natal_house_ingress,NEPTUNE,,6,,,,海王星がネイタル第6ハウスに入り、心身の繊細さが増すため、優しいホリスティックケアや生活の浄化が求められる時期です。無理を避け、奉仕の精神で日々の職務を務めましょう。,10,1
natal_house_ingress,NEPTUNE,,7,,,,海王星がネイタル第7ハウスに入り、深い魂の絆を感じるパートナーシップや芸術的な協力関係に恵まれる時期です。互いの違いを優しく包み込み、理想の調和を築きましょう。,10,1
natal_house_ingress,NEPTUNE,,8,,,,海王星がネイタル第8ハウスに入り、他者との境界が溶け合い、深い心理的・精神的な再生を体験する時期です。執着を手放して大いなる流れに身を委ね、心の変容を遂げましょう。,10,1
natal_house_ingress,NEPTUNE,,9,,,,海王星がネイタル第9ハウスに入り、精神世界や哲学、神秘的な教えに深く惹かれる時期です。日常の枠を超えて大いなる真理に触れ、豊かな精神性を育みましょう。,10,1
natal_house_ingress,NEPTUNE,,10,,,,海王星がネイタル第10ハウスに入り、直感や芸術性、癒やしの力を活かして社会に貢献する時期です。損得を超えて理想の使命を追い求め、人々に希望を与えましょう。,10,1
natal_house_ingress,NEPTUNE,,11,,,,海王星がネイタル第11ハウスに入り、志を共にする魂の仲間と出会い、慈愛に満ちたコミュニティを育む時期です。誰もが受け入れられる優しい未来のビジョンを描きましょう。,10,1
natal_house_ingress,NEPTUNE,,12,,,,海王星がネイタル第12ハウスに入り、過去のすべてのカルマを洗い流す究極の魂の休息期です。静寂の中で潜在意識とつながり、純粋な愛と光を取り戻しましょう。,10,1
solar_house_ingress,PLUTO,,1,,,,冥王星が第1ソーラーハウスに入り、人生の根底からの変容と圧倒的なカリスマ性が覚醒する時期です。古い自分を脱ぎ捨て、真の力強いアイデンティティへ生まれ変わりましょう。,10,1
solar_house_ingress,PLUTO,,2,,,,冥王星が第2ソーラーハウスに入り、経済力や自己価値観に徹底的な改革がもたらされる時期です。潜在的な能力を極限まで引き出し、盤石な富と実力を築き上げましょう。,10,1
solar_house_ingress,PLUTO,,3,,,,冥王星が第3ソーラーハウスに入り、物事の本質を鋭く見抜く洞察力と強烈な説得力が宿る時期です。徹底的な探求と妥協なき発信力で、周囲に絶大な影響を与えましょう。,10,1
solar_house_ingress,PLUTO,,4,,,,冥王星が第4ソーラーハウスに入り、家族関係や生活の基盤に根本的なリセットと再生が訪れる時期です。過去のしがらみを断ち切り、真に安心できる強固な土台を再建しましょう。,10,1
solar_house_ingress,PLUTO,,5,,,,冥王星が第5ソーラーハウスに入り、情熱的な創作意欲や魂を揺さぶる運命の恋に直面する時期です。妥協なき自己表現に挑み、内なる圧倒的な創造力を解き放ちましょう。,10,1
solar_house_ingress,PLUTO,,6,,,,冥王星が第6ソーラーハウスに入り、働き方や職務環境、肉体管理に徹底的な大改造を行う時期です。無駄な習慣を根絶し、驚異的なスタミナと効率性を手に入れましょう。,10,1
solar_house_ingress,PLUTO,,7,,,,冥王星が第7ソーラーハウスに入り、人生を劇的に変える強力な人物との出会いや、対人関係の根本的変容が起こる時期です。本音で対峙し、魂レベルの絆を築きましょう。,10,1
solar_house_ingress,PLUTO,,8,,,,冥王星が第8ソーラーハウスに入り、冥王星の本来の領域で最大の力と変容のエネルギーが働く時期です。共有資産や深層心理の徹底的な再生を通じて、真の強さを手に入れましょう。,10,1
solar_house_ingress,PLUTO,,9,,,,冥王星が第9ソーラーハウスに入り、人生観や信念を根底から覆す強烈な探求と覚醒の時期です。狭い常識を打ち破り、真理を究めるための壮大な旅や学問に身を投じましょう。,10,1
solar_house_ingress,PLUTO,,10,,,,冥王星が第10ソーラーハウスに入り、キャリアや社会的立場において圧倒的な権力や影響力を手にする変革期です。揺るぎない覚悟を持って頂点を目指し、社会を大きく動かしましょう。,10,1
solar_house_ingress,PLUTO,,11,,,,冥王星が第11ソーラーハウスに入り、所属するグループや未来の目標において根本的な再編が起こる時期です。真の志を同じくする強力な同志と共に、新しい社会秩序を切り拓きましょう。,10,1
solar_house_ingress,PLUTO,,12,,,,冥王星が第12ソーラーハウスに入り、無意識の深淵に眠る最大の影と向き合い、完全な霊的再生を果たす時期です。過去のすべてを浄化し、全く新しい魂として生まれ変わりましょう。,10,1
natal_house_ingress,PLUTO,,1,,,,冥王星がネイタル第1ハウスに入り、約20年間に及ぶ人生最大の自己変革と再生の旅が始まります。強烈な意志力を発揮し、不屈の精神で唯一無二の存在感を確立しましょう。,10,1
natal_house_ingress,PLUTO,,2,,,,冥王星がネイタル第2ハウスに入り、金銭感覚や自己の資質に劇的な変容がもたらされる時期です。潜在能力を徹底的に掘り起こし、誰にも奪われない真の財産を築き上げましょう。,10,1
natal_house_ingress,PLUTO,,3,,,,冥王星がネイタル第3ハウスに入り、物事の本質をえぐる鋭利な知性と圧倒的な発信力が身につく時期です。徹底したリサーチと説得力ある言葉で、周囲の認識を塗り替えましょう。,10,1
natal_house_ingress,PLUTO,,4,,,,冥王星がネイタル第4ハウスに入り、家系や住環境、心理的ルーツの根本的な浄化と再構築が行われる時期です。過去の鎖を断ち切り、絶対に揺らがない心の城を築き直しましょう。,10,1
natal_house_ingress,PLUTO,,5,,,,冥王星がネイタル第5ハウスに入り、強烈な情熱を注ぎ込むライフワークや魂を燃やす恋愛に直面する時期です。命がけの自己表現を通じて、自らの創造の限界を突破しましょう。,10,1
natal_house_ingress,PLUTO,,6,,,,冥王星がネイタル第6ハウスに入り、仕事環境や生活習慣を徹底的にオーバーホールする時期です。驚異的な集中力で業務を極め、強靭な心身と専門技術を鍛え上げましょう。,10,1
natal_house_ingress,PLUTO,,7,,,,冥王星がネイタル第7ハウスに入り、運命的なパートナーや人生観を一変させる人物と対峙する時期です。互いの本性をさらけ出し、魂レベルで結びつく真の協力を体験しましょう。,10,1
natal_house_ingress,PLUTO,,8,,,,冥王星がネイタル第8ハウスに入り、冥王星が真の力を振るう究極の変容と財政・心理の再生期です。古い自己を完全に焼き尽くし、不死鳥のように強大に蘇りましょう。,10,1
natal_house_ingress,PLUTO,,9,,,,冥王星がネイタル第9ハウスに入り、既存の思想や宗教観を超越した深遠な真理を探求する時期です。徹底的な学びと異文化の洗礼を受け、偉大な精神的指導力を培いましょう。,10,1
natal_house_ingress,PLUTO,,10,,,,冥王星がネイタル第10ハウスに入り、社会的な地位や名声を徹底的に再構築し、頂点へと昇り詰める時期です。強烈なカリスマと責任感を持ち、業界や組織に君臨しましょう。,10,1
natal_house_ingress,PLUTO,,11,,,,冥王星がネイタル第11ハウスに入り、未来のビジョンや人脈に抜本的な変革が訪れる時期です。妥協のない理想を掲げ、時代を変革する強力なコミュニティを率いましょう。,10,1
natal_house_ingress,PLUTO,,12,,,,冥王星がネイタル第12ハウスに入り、魂の最奥に眠る恐れや因縁を昇華させ、絶対的な精神の解放を果たす時期です。静寂の中でカルマを断ち、神聖な力を宿しましょう。,10,1
solar_house_ingress,MOON,,1,,,,月が第1ソーラーハウスに入り、感情が豊かになり素直な気持ちを周囲に表現しやすい時期です。自分の直感と身体のリズムを尊重し、心地よいペースで行動しましょう。,10,1
solar_house_ingress,MOON,,2,,,,月が第2ソーラーハウスに入り、金銭感覚や衣食住の心地よさに意識が向く時期です。美味しいものを味わったり五感を満たすアイテムを揃え、心を豊かに満たしましょう。,10,1
solar_house_ingress,MOON,,3,,,,月が第3ソーラーハウスに入り、身近な人との気さくなおしゃべりや情報収集が弾む時期です。日常のちょっとした出来事を発信し、温かいコミュニケーションを楽しみましょう。,10,1
solar_house_ingress,MOON,,4,,,,月が第4ソーラーハウスに入り、家庭や自分の部屋でゆったりくつろぎたい気分が高まる時期です。心地よいプライベート空間を整え、家族や親しい人と穏やかに過ごしましょう。,10,1
solar_house_ingress,MOON,,5,,,,月が第5ソーラーハウスに入り、純粋な遊び心やロマンチックなときめきを存分に楽しめる時期です。好きな趣味に没頭したり、素直な感情をクリエイティブに表現しましょう。,10,1
solar_house_ingress,MOON,,6,,,,月が第6ソーラーハウスに入り、身の回りの整理整頓や心身のケアに意識が向きやすい時期です。体に優しい食事や心地よい生活リズムを意識して整えましょう。,10,1
solar_house_ingress,MOON,,7,,,,月が第7ソーラーハウスに入り、パートナーや身近な人への共感力が高まり、親密な対話が生まれる時期です。相手の気持ちに優しく寄り添い、温かい調和を育みましょう。,10,1
solar_house_ingress,MOON,,8,,,,月が第8ソーラーハウスに入り、特定の人と深い感情を分かち合いたくなる情緒豊かな時期です。表面的な付き合いから離れ、本音で寄り添える濃密な時間を過ごしましょう。,10,1
solar_house_ingress,MOON,,9,,,,月が第9ソーラーハウスに入り、普段と違う場所へ出かけたり新しい知識に触れて気分転換したくなる時期です。広い視野を持って自由な気分を味わいましょう。,10,1
solar_house_ingress,MOON,,10,,,,月が第10ソーラーハウスに入り、仕事や社会的な場面での評判や周囲への気配りが光る時期です。誠実で温かい対応を心がけ、信頼感を高めましょう。,10,1
solar_house_ingress,MOON,,11,,,,月が第11ソーラーハウスに入り、仲間との連帯感や未来への希望に心が弾む時期です。気の合う友人とリラックスして過ごし、心地よいコミュニティを楽しみましょう。,10,1
solar_house_ingress,MOON,,12,,,,月が第12ソーラーハウスに入り、静かに一人で過ごし心をリフレッシュさせたい充電の時期です。無理な予定は入れず、睡眠やリラクゼーションを優先しましょう。,10,1
natal_house_ingress,MOON,,1,,,,月がネイタル第1ハウスに入り、素直な感情表現や親しみやすさが周囲に伝わりやすい時期です。自分の本当の気持ちに正直になり、無理のない自然体で過ごしましょう。,10,1
natal_house_ingress,MOON,,2,,,,月がネイタル第2ハウスに入り、心地よい衣食住や安心できる収入基盤に意識が向く時期です。五感を優しく満たし、安心できるお気に入りの環境を整えましょう。,10,1
natal_house_ingress,MOON,,3,,,,月がネイタル第3ハウスに入り、身近な人との気さくな会話や情報交換で心が和む時期です。日常の気持ちを言葉にして伝えたり、興味のあることを気軽に調べましょう。,10,1
natal_house_ingress,MOON,,4,,,,月がネイタル第4ハウスに入り、月が本来の力を発揮する安心と癒やしの時期です。家族や心許せる居場所でゆったりと過ごし、心のバッテリーを満たしましょう。,10,1
natal_house_ingress,MOON,,5,,,,月がネイタル第5ハウスに入り、感性豊かな自己表現や趣味、好きな人との時間に心が躍る時期です。素直なワクワク感を大切にし、楽しむ時間を存分に味わいましょう。,10,1
natal_house_ingress,MOON,,6,,,,月がネイタル第6ハウスに入り、日々の暮らしのリズムや体調管理に優しいケアが必要な時期です。無理をせず心身をいたわりながら、生活環境を整えましょう。,10,1
natal_house_ingress,MOON,,7,,,,月がネイタル第7ハウスに入り、パートナーや大切な相手との感情の交流が深まる時期です。相手の気持ちに優しく寄り添い、安心感のある対話を育みましょう。,10,1
natal_house_ingress,MOON,,8,,,,月がネイタル第8ハウスに入り、特定の人と深い心の絆や秘密の感情を分かち合える時期です。本音で語り合い、互いの心の奥にある温かさを確かめ合いましょう。,10,1
natal_house_ingress,MOON,,9,,,,月がネイタル第9ハウスに入り、精神的な冒険や未知の文化に触れて心を解放したくなる時期です。日常を離れて広い世界を眺め、新しい視点を取り入れましょう。,10,1
natal_house_ingress,MOON,,10,,,,月がネイタル第10ハウスに入り、仕事や社会的な役割において共感力やきめ細やかな配慮が評価される時期です。周囲の安心感を支えるリーダーシップを発揮しましょう。,10,1
natal_house_ingress,MOON,,11,,,,月がネイタル第11ハウスに入り、友人との心温まる交流やグループ活動で心が満たされる時期です。理想を分かち合える仲間と安心できるつながりを深めましょう。,10,1
natal_house_ingress,MOON,,12,,,,月がネイタル第12ハウスに入り、静寂の中で内省を深め、感情のデトックスを行う時期です。一人の静かな時間を大切にし、潜在意識の声に耳を傾けましょう。,10,1
transit_natal_aspect,SUN,SUN,,,0,,トランジット太陽が出生図の太陽と重なり、1年に一度のソーラー・リターン（新たな自己の始動期）を迎えます。人生の新たな目標を定め、自信を持って前進しましょう。,70,1
transit_natal_aspect,SUN,SUN,,,90,,トランジット太陽が出生図の太陽とスクエアを形成し、自己の方向性において軌道修正や課題と向き合う時期です。焦らず現状の課題を点検し、着実にステップを踏みましょう。,90,1
transit_natal_aspect,SUN,SUN,,,180,,トランジット太陽が出生図の太陽と向かい合い、半年間の歩みの成果や課題が明確になる節目です。周囲の客観的な意見を取り入れ、今後の計画をブラッシュアップしましょう。,80,1
transit_natal_aspect,SUN,MOON,,,0,,トランジット太陽が出生図の月と重なり、意志と感情が一致して内面からやる気が満ちてくる好機です。素直な願いを形にするため、前向きに行動を起こしましょう。,70,1
transit_natal_aspect,SUN,MOON,,,90,,トランジット太陽が出生図の月とスクエアを形成し、公の立場と私生活の感情の間で葛藤が生じやすい時期です。無理にどちらかを犠牲にせず、バランスの良い妥協点を見つけましょう。,90,1
transit_natal_aspect,SUN,MOON,,,180,,トランジット太陽が出生図の月と向かい合い、人間関係を通じて自分の本音や欲求に光が当たる時期です。相手との対話を通じて、感情の調和と安定を図りましょう。,80,1
transit_natal_aspect,SUN,MERCURY,,,0,,トランジット太陽が出生図の水星と重なり、知性と意志が融合してアイデアやコミュニケーションが冴え渡る時期です。企画の立案や重要な意思決定を積極的に進めましょう。,70,1
transit_natal_aspect,SUN,MERCURY,,,90,,トランジット太陽が出生図の水星とスクエアを形成し、考え方の食い違いや連絡ミスに注意が必要な時期です。独断を避け、丁寧で分かりやすい説明を心がけましょう。,90,1
transit_natal_aspect,SUN,MERCURY,,,180,,トランジット太陽が出生図の水星と向かい合い、他者からの意見や客観的な視点によって思考が刺激される時期です。議論を恐れず、知的な交流を通じて視野を広げましょう。,80,1
transit_natal_aspect,SUN,VENUS,,,0,,トランジット太陽が出生図の金星と重なり、あなたの魅力や社交性、美意識が最高に輝く華やかな幸運期です。好意的なご縁や楽しいイベントを心から満喫しましょう。,70,1
transit_natal_aspect,SUN,VENUS,,,90,,トランジット太陽が出生図の金星とスクエアを形成し、自己主張と相手への配慮の間でバランスを崩しやすい時期です。見栄や浪費を控え、誠実な思いやりを意識しましょう。,90,1
transit_natal_aspect,SUN,VENUS,,,180,,トランジット太陽が出生図の金星と向かい合い、対人関係やパートナーとの関係性がクローズアップされる時期です。お互いの好意や価値観を尊重し、心地よい調和を再構築しましょう。,80,1
transit_natal_aspect,SUN,MARS,,,0,,トランジット太陽が出生図の火星と重なり、圧倒的なバイタリティと勝負強さがみなぎる挑戦の時期です。高い目標に向かって果敢に行動し、主導権を握りましょう。,70,1
transit_natal_aspect,SUN,MARS,,,90,,トランジット太陽が出生図の火星とスクエアを形成し、焦りや衝動的な言動から衝突が起きやすい時期です。エネルギーを運動や仕事への集中に向け、冷静な判断を心がけましょう。,90,1
transit_natal_aspect,SUN,MARS,,,180,,トランジット太陽が出生図の火星と向かい合い、ライバルとの競争や他者からの強い要求に直面しやすい時期です。感情的に対立せず、建設的な議論で課題を突破しましょう。,80,1
transit_natal_aspect,SUN,JUPITER,,,0,,トランジット太陽が出生図の木星と重なり、自信と幸運に満ちた発展のタイミングです。視野を大きく広げ、前向きな姿勢で新しいチャンスを積極的に掴み取りましょう。,70,1
transit_natal_aspect,SUN,JUPITER,,,90,,トランジット太陽が出生図の木星とスクエアを形成し、楽観視のしすぎや過剰な拡大傾向に注意が必要な時期です。計画の細部をしっかり見直し、着実な前進を心がけましょう。,90,1
transit_natal_aspect,SUN,JUPITER,,,180,,トランジット太陽が出生図の木星と向かい合い、これまでの成果や可能性が大きく広がると同時に、客観的な調整が促される時期です。謙虚さを保ちつつチャンスを活かしましょう。,80,1
transit_natal_aspect,SUN,SATURN,,,0,,トランジット太陽が出生図の土星と重なり、人生の責任に向き合い確固たる基盤を築く重要な節目です。地道な努力を惜しまず、長期的な信頼と実績を積み上げましょう。,70,1
transit_natal_aspect,SUN,SATURN,,,90,,トランジット太陽が出生図の土星とスクエアを形成し、プレッシャーや制約を感じやすい正念場です。焦らず目の前の課題を一つずつ着実に片付け、粘り強さを発揮しましょう。,90,1
transit_natal_aspect,SUN,SATURN,,,180,,トランジット太陽が出生図の土星と向かい合い、社会的な責任や他者からの評価とシビアに向き合う時期です。自己の限界を受け入れつつ、現実的な改善策を講じましょう。,80,1
transit_natal_aspect,SUN,URANUS,,,0,,トランジット太陽が出生図の天王星と重なり、独創的なアイデアや現状打破への強い衝動が湧く変革期です。固定観念を脱ぎ捨て、自分らしい自由な道を選択しましょう。,70,1
transit_natal_aspect,SUN,URANUS,,,90,,トランジット太陽が出生図の天王星とスクエアを形成し、突発的な変化や反抗心が生じやすい時期です。衝動的な行動を避け、冷静に状況を見極めて柔軟に対応しましょう。,90,1
transit_natal_aspect,SUN,URANUS,,,180,,トランジット太陽が出生図の天王星と向かい合い、他者や環境からの刺激によって人生の方向性が刷新される時期です。予想外の展開もポジティブな変化のきっかけと捉えましょう。,80,1
transit_natal_aspect,SUN,NEPTUNE,,,0,,トランジット太陽が出生図の海王星と重なり、豊かな想像力やインスピレーションが高まる時期です。芸術や精神世界に親しみ、理想のビジョンを心に描きましょう。,70,1
transit_natal_aspect,SUN,NEPTUNE,,,90,,トランジット太陽が出生図の海王星とスクエアを形成し、集中力の低下や非現実的な期待を抱きやすい時期です。曖昧な判断を避け、事実確認と休息を大切にしましょう。,90,1
transit_natal_aspect,SUN,NEPTUNE,,,180,,トランジット太陽が出生図の海王星と向かい合い、理想と現実のギャップを感じやすい時期です。他者に過度な幻想を抱かず、優しい共感と思いやりを持って接しましょう。,80,1
transit_natal_aspect,SUN,PLUTO,,,0,,トランジット太陽が出生図の冥王星と重なり、不屈の意志力と根本的な再生のエネルギーが宿る時期です。恐れを手放し、本質的な自己変革を成し遂げましょう。,70,1
transit_natal_aspect,SUN,PLUTO,,,90,,トランジット太陽が出生図の冥王星とスクエアを形成し、強い権力闘争や極端なプレッシャーに直面しやすい時期です。意地を張らず、根本的な問題の解決に集中しましょう。,90,1
transit_natal_aspect,SUN,PLUTO,,,180,,トランジット太陽が出生図の冥王星と向かい合い、強力な相手や状況からの影響によって徹底的な変容を迫られる時期です。執着を手放し、真の強さを手に入れましょう。,80,1
transit_natal_aspect,SUN,ASC,,,0,,トランジット太陽が出生図のASCと重なり、新しいサイクルの夜明けを迎えます。あなたの存在感がひときわ輝き、自ら積極的に行動を起こすのに最高の日です。,70,1
transit_natal_aspect,SUN,ASC,,,90,,トランジット太陽が出生図のASCとスクエアを形成し、周囲からの期待と自分の意志の間で調整が必要な時期です。自分を見失わず、誠実な態度でコミュニケーションを取りましょう。,90,1
transit_natal_aspect,SUN,ASC,,,180,,トランジット太陽が出生図のASC（DSC）と向かい合い、人間関係やパートナーシップにスポットが当たる時期です。相手の立場を尊重し、実りある対話を深めましょう。,80,1
transit_natal_aspect,SUN,MC,,,0,,トランジット太陽が出生図のMCと重なり、キャリアや社会的立場において注目が集まる栄光の時期です。自信を持ってリーダーシップを発揮し、成果をアピールしましょう。,70,1
transit_natal_aspect,SUN,MC,,,90,,トランジット太陽が出生図のMCとスクエアを形成し、仕事上のプレッシャーや家庭とのバランス調整が求められる時期です。優先順位を明確にし、誠実に対処しましょう。,90,1
transit_natal_aspect,SUN,MC,,,180,,トランジット太陽が出生図のMC（IC）と向かい合い、家庭や私生活、心の土台に光が当たる時期です。足元をしっかりと整え、大切な人との時間を慈しみましょう。,80,1
transit_natal_aspect,MOON,SUN,,,0,,トランジット月が出生図の太陽と重なり、内面の願いと現実の目標が調和する新月のような日です。直感に従って、新しい一歩を踏み出す意図を定めましょう。,70,1
transit_natal_aspect,MOON,SUN,,,180,,トランジット月が出生図の太陽と向かい合い、感情と理性のバランスを客観的に見つめ直す日です。他者の意見に耳を傾け、心の調和を取り戻しましょう。,80,1
transit_natal_aspect,MOON,MOON,,,0,,トランジット月が出生図の月と重なるルナー・リターンです。感情がリセットされ、素直な自分を取り戻せる日です。心身を優しく労わり、安心できる時間を過ごしましょう。,70,1
transit_natal_aspect,MOON,MOON,,,180,,トランジット月が出生図の月と向かい合い、情緒が高まりやすく気持ちの揺らぎを感じやすい日です。無理に感情を抑え込まず、リラックスして過ごしましょう。,80,1
transit_natal_aspect,MOON,MERCURY,,,0,,トランジット月が出生図の水星と重なり、頭の回転と直感が連動してスムーズに対話できる日です。気持ちを素直に言葉にして伝え、身近なコミュニケーションを楽しみましょう。,70,1
transit_natal_aspect,MOON,MERCURY,,,180,,トランジット月が出生図の水星と向かい合い、感情と論理の間で迷いが生じやすい日です。結論を急がず、相手の話を丁寧に聴くことで誤解を防ぎましょう。,80,1
transit_natal_aspect,MOON,VENUS,,,0,,トランジット月が出生図の金星と重なり、優しさと魅力に満ちた心地よい一日です。親しい人との団らんや趣味・美容を楽しみ、心豊かな時間を満喫しましょう。,70,1
transit_natal_aspect,MOON,VENUS,,,180,,トランジット月が出生図の金星と向かい合い、甘えや気分の浮き沈みが出やすい日です。相手に過剰な期待をせず、自分自身をご機嫌にする工夫をしましょう。,80,1
transit_natal_aspect,MOON,MARS,,,0,,トランジット月が出生図の火星と重なり、感情が熱くなり情熱的な行動力が湧き上がる日です。ポジティブな活動にエネルギーを注ぎ、テキパキと課題を片付けましょう。,70,1
transit_natal_aspect,MOON,MARS,,,180,,トランジット月が出生図の火星と向かい合い、些細なことでイライラしたり感情的になりやすい日です。深呼吸をして冷静さを保ち、適度な運動で発散しましょう。,80,1
transit_natal_aspect,MOON,JUPITER,,,0,,トランジット月が出生図の木星と重なり、心が寛大になり前向きな安心感に包まれるラッキーデーです。周囲に優しさを分け与え、温かい人間関係を広げましょう。,70,1
transit_natal_aspect,MOON,JUPITER,,,180,,トランジット月が出生図の木星と向かい合い、気が緩んで楽観的になりすぎたり過剰になりやすい日です。適度な節度を保ちながら、穏やかな幸せを味わいましょう。,80,1
transit_natal_aspect,MOON,SATURN,,,0,,トランジット月が出生図の土星と重なり、気持ちが引き締まり冷静に物事に対処できる日です。感情に流されず、日々のルーティンや責任をきっちり果たしましょう。,70,1
transit_natal_aspect,MOON,SATURN,,,180,,トランジット月が出生図の土星と向かい合い、孤独感やプレッシャーを感じやすい日です。自分に厳しくなりすぎず、温かいお風呂に入って心身を休めましょう。,80,1
transit_natal_aspect,MOON,URANUS,,,0,,トランジット月が出生図の天王星と重なり、突発的な閃きや気分転換を求めるワクワクした日です。日常に新しい工夫を取り入れ、自由な発想を楽しみましょう。,70,1
transit_natal_aspect,MOON,URANUS,,,180,,トランジット月が出生図の天王星と向かい合い、気分が変わりやすく気まぐれになりやすい日です。予定の変更にも柔軟に対応し、臨機応変に過ごしましょう。,80,1
transit_natal_aspect,MOON,NEPTUNE,,,0,,トランジット月が出生図の海王星と重なり、豊かな感受性と直感が冴え渡る夢見心地な日です。音楽やアートに触れ、美しい空想の世界に心を遊ばせましょう。,70,1
transit_natal_aspect,MOON,NEPTUNE,,,180,,トランジット月が出生図の海王星と向かい合い、気持ちが敏感になり境界線が曖昧になりやすい日です。現実的な確認を怠らず、静かな環境で心を落ち着かせましょう。,80,1
transit_natal_aspect,MOON,PLUTO,,,0,,トランジット月が出生図の冥王星と重なり、感情が極めて深く強烈に揺さぶられる日です。自分の深層心理の欲求を自覚し、不要なこだわりを脱皮させましょう。,70,1
transit_natal_aspect,MOON,PLUTO,,,180,,トランジット月が出生図の冥王星と向かい合い、他者との間で感情のぶつかり合いが起こりやすい日です。意地を張らず、執着を手放して心を解放しましょう。,80,1
transit_natal_aspect,MOON,ASC,,,0,,トランジット月が出生図のASCと重なり、感受性が高まり素直な魅力が周囲を惹きつける日です。自分の身体のリズムを大切にし、心地よいペースで過ごしましょう。,70,1
transit_natal_aspect,MOON,ASC,,,180,,トランジット月が出生図のASC（DSC）と向かい合い、対人関係において相手の気持ちに敏感になる日です。思いやりのある態度で接し、心地よい対話を育みましょう。,80,1
transit_natal_aspect,MOON,MC,,,0,,トランジット月が出生図のMCと重なり、仕事や社会的な場面であなたの共感力や親しみやすさが評価される日です。周囲を温かくサポートしましょう。,70,1
transit_natal_aspect,MOON,MC,,,180,,トランジット月が出生図のMC（IC）と向かい合い、仕事よりも家庭やプライベートの安らぎを優先したくなる日です。安心できる空間で心を満たしましょう。,80,1
transit_natal_aspect,MERCURY,SUN,,,0,,トランジット水星が出生図の太陽と重なり、頭の回転が速くなり自分の意見を力強くアピールできる好機です。計画のプレゼンや重要な連絡を積極的に進めましょう。,70,1
transit_natal_aspect,MERCURY,SUN,,,90,,トランジット水星が出生図の太陽とスクエアを形成し、焦りによる失言や確認不足に気をつけたい時期です。感情に任せて話さず、落ち着いて正確な伝達を心がけましょう。,90,1
transit_natal_aspect,MERCURY,SUN,,,180,,トランジット水星が出生図の太陽と向かい合い、他者との意見交換を通じて自分の考えが客観的に磨かれる時期です。議論を前向きに捉え、多角的な視野を取り入れましょう。,80,1
transit_natal_aspect,MERCURY,MOON,,,0,,トランジット水星が出生図の月と重なり、感情と言葉がスムーズに結びつく時期です。心の中にあった思いを素直に言語化し、大切な人と温かい会話を交わしましょう。,70,1
transit_natal_aspect,MERCURY,MOON,,,90,,トランジット水星が出生図の月とスクエアを形成し、理性と感情が食い違いやすく悩みがちになる時期です。思いつめず、気持ちを紙に書き出して客観的に整理しましょう。,90,1
transit_natal_aspect,MERCURY,MOON,,,180,,トランジット水星が出生図の月と向かい合い、相手の感情的な言動に知性で対応する必要がある時期です。理屈だけで押し通さず、相手の心に寄り添う対話を意識しましょう。,80,1
transit_natal_aspect,MERCURY,MERCURY,,,0,,トランジット水星が出生図の水星と重なる水星リターンです。知的好奇心と発信力がリフレッシュされ、新しい学びや情報収集をスタートするのに最適なタイミングです。,70,1
transit_natal_aspect,MERCURY,MERCURY,,,90,,トランジット水星が出生図の水星とスクエアを形成し、思考が混乱したりスケジュールが過密になりやすい時期です。タスクの優先順位を明確にし、一つずつ整理しましょう。,90,1
transit_natal_aspect,MERCURY,MERCURY,,,180,,トランジット水星が出生図の水星と向かい合い、異なる価値観や視点を持つ人との知的な対話が広がる時期です。相手のロジックを学び、自分の思考の幅を広げましょう。,80,1
transit_natal_aspect,MERCURY,VENUS,,,0,,トランジット水星が出生図の金星と重なり、愛嬌のある心地よいコミュニケーションが輝く時期です。親切な言葉遣いやユーモアで、人間関係を一段と円滑にしましょう。,70,1
transit_natal_aspect,MERCURY,VENUS,,,90,,トランジット水星が出生図の金星とスクエアを形成し、お世辞や軽口、趣味に関する無駄遣いに注意が必要な時期です。誠実で節度あるやり取りを心がけましょう。,90,1
transit_natal_aspect,MERCURY,VENUS,,,180,,トランジット水星が出生図の金星と向かい合い、パートナーとの楽しい雑談や趣味の話題が盛り上がる時期です。互いの好みや美意識を認め合い、親睦を深めましょう。,80,1
transit_natal_aspect,MERCURY,MARS,,,0,,トランジット水星が出生図の火星と重なり、頭の回転が非常に速く決断力と発言力が鋭くなる時期です。素早いリサーチや積極的な提案でリーダーシップを取りましょう。,70,1
transit_natal_aspect,MERCURY,MARS,,,90,,トランジット水星が出生図の火星とスクエアを形成し、口論や早とちり、批判的な発言になりやすい時期です。冷静な一呼吸を置き、トゲのない言葉選びを意識しましょう。,90,1
transit_natal_aspect,MERCURY,MARS,,,180,,トランジット水星が出生図の火星と向かい合い、相手からの鋭い指摘や激しい議論に直面しやすい時期です。感情的に反論せず、事実に基づいた論理的な対話を保ちましょう。,80,1
transit_natal_aspect,MERCURY,JUPITER,,,0,,トランジット水星が出生図の木星と重なり、視野が大きく広がり有益な情報や良きアイデアに恵まれる幸運期です。大きな計画を立て、前向きに発信していきましょう。,70,1
transit_natal_aspect,MERCURY,JUPITER,,,90,,トランジット水星が出生図の木星とスクエアを形成し、大風呂敷を広げすぎたり細部の確認がおろそかになりやすい時期です。現実的な実現可能性をしっかり検証しましょう。,90,1
transit_natal_aspect,MERCURY,JUPITER,,,180,,トランジット水星が出生図の木星と向かい合い、専門的な議論や異文化との交流で知的な刺激を受ける時期です。楽観的になりすぎず、着実な根拠を固めて前進しましょう。,80,1
transit_natal_aspect,MERCURY,SATURN,,,0,,トランジット水星が出生図の土星と重なり、深い集中力と論理的思考力が発揮できる時期です。契約書の確認や専門知識の習得、重要な実務の整理に最適なタイミングです。,70,1
transit_natal_aspect,MERCURY,SATURN,,,90,,トランジット水星が出生図の土星とスクエアを形成し、考え方が悲観的になったり連絡の遅延が起きやすい時期です。焦らず事実を一つずつ確認し、着実に進めましょう。,90,1
transit_natal_aspect,MERCURY,SATURN,,,180,,トランジット水星が出生図の土星と向かい合い、厳しい意見や規則との調整が求められる時期です。誠実な態度と正確なデータで対応し、信頼関係を築きましょう。,80,1
transit_natal_aspect,MERCURY,URANUS,,,0,,トランジット水星が出生図の天王星と重なり、電撃的な閃きや斬新なアイデアが次々と湧き出る時期です。新しいツールやデジタル技術を導入し、業務を一気に刷新しましょう。,70,1
transit_natal_aspect,MERCURY,URANUS,,,90,,トランジット水星が出生図の天王星とスクエアを形成し、突拍子もない発言や予期せぬ通信トラブルに注意が必要な時期です。冷静さを保ち、バックアップを万全にしましょう。,90,1
transit_natal_aspect,MERCURY,URANUS,,,180,,トランジット水星が出生図の天王星と向かい合い、型破りな人物や革新的な考え方に触れて刺激を受ける時期です。柔軟な発想で変化をポジティブに受け入れましょう。,80,1
transit_natal_aspect,MERCURY,NEPTUNE,,,0,,トランジット水星が出生図の海王星と重なり、豊かな詩的感性とインスピレーションに恵まれる時期です。クリエイティブな執筆やイメージの具現化に素晴らしい力を発揮できます。,70,1
transit_natal_aspect,MERCURY,NEPTUNE,,,90,,トランジット水星が出生図の海王星とスクエアを形成し、注意力散漫や事実の誤認、連絡ミスが起こりやすい時期です。重要な契約や金銭のやり取りは慎重にダブルチェックしましょう。,90,1
transit_natal_aspect,MERCURY,NEPTUNE,,,180,,トランジット水星が出生図の海王星と向かい合い、他者の意図を誤解したり甘い言葉に惑わされやすい時期です。直感を大切にしつつも、現実的な確認を怠らないようにしましょう。,80,1
transit_natal_aspect,MERCURY,PLUTO,,,0,,トランジット水星が出生図の冥王星と重なり、物事の本質や真相を鋭く暴く強烈な洞察力が宿る時期です。徹底的なリサーチや重要な交渉において圧倒的な説得力を発揮できます。,70,1
transit_natal_aspect,MERCURY,PLUTO,,,90,,トランジット水星が出生図の冥王星とスクエアを形成し、強迫観念や言葉の暴力、対立が生じやすい時期です。相手を論破しようとせず、柔軟な心で妥協点を見出しましょう。,90,1
transit_natal_aspect,MERCURY,PLUTO,,,180,,トランジット水星が出生図の冥王星と向かい合い、他者との間で激しい意見の対立やプレッシャーを感じる時期です。感情的に支配しようとせず、建設的な対話で解決を図りましょう。,80,1
transit_natal_aspect,MERCURY,ASC,,,0,,トランジット水星が出生図のASCと重なり、自己表現力や発信力が高まり周囲との対話が弾む時期です。自分の考えを積極的にアピールし、新しい出会いや知的好奇心を広げましょう。,70,1
transit_natal_aspect,MERCURY,ASC,,,90,,トランジット水星が出生図のASCとスクエアを形成し、自己主張の行き違いや慌ただしいやり取りが生じやすい時期です。相手の話にしっかり耳を傾け、落ち着いて対応しましょう。,90,1
transit_natal_aspect,MERCURY,ASC,,,180,,トランジット水星が出生図のASC（DSC）と向かい合い、パートナーや身近な人との有益な情報交換や交渉が活発になる時期です。相手の知見を尊重し、実りある関係を築きましょう。,80,1
transit_natal_aspect,MERCURY,MC,,,0,,トランジット水星が出生図のMCと重なり、仕事や社会的なポジションであなたの提案や発言力が脚光を浴びる時期です。会議やプレゼンで的確な知性を発揮しましょう。,70,1
transit_natal_aspect,MERCURY,MC,,,90,,トランジット水星が出生図のMCとスクエアを形成し、仕事の連絡不備や家庭とのスケジュール調整に追われやすい時期です。綿密なタスク管理で落ち着いて対処しましょう。,90,1
transit_natal_aspect,MERCURY,MC,,,180,,トランジット水星が出生図のMC（IC）と向かい合い、家族との話し合いや住まいの改善に知恵を絞る時期です。心安らぐ居場所を整えるためのアイデアを実行しましょう。,80,1
transit_natal_aspect,VENUS,SUN,,,0,,トランジット金星が出生図の太陽と重なり、あなたの魅力と人気運が最高潮に高まる華やかな時期です。対人関係や恋愛、レジャーを存分に楽しみ、自分を輝かせましょう。,70,1
transit_natal_aspect,VENUS,SUN,,,90,,トランジット金星が出生図の太陽とスクエアを形成し、怠惰や過度なぜいたく、甘えが出やすい時期です。自己節制を意識しつつ、心地よい範囲でリフレッシュを楽しみましょう。,90,1
transit_natal_aspect,VENUS,SUN,,,180,,トランジット金星が出生図の太陽と向かい合い、他者からの好意や楽しいお誘いに恵まれる時期です。周囲への感謝と思いやりを行動で示し、温かい絆を育みましょう。,80,1
transit_natal_aspect,VENUS,MOON,,,0,,トランジット金星が出生図の月と重なり、優しさと安心感に包まれ心が深く満たされる時期です。親しい人との温かい時間や自分へのご褒美を心ゆくまで味わいましょう。,70,1
transit_natal_aspect,VENUS,MOON,,,90,,トランジット金星が出生図の月とスクエアを形成し、感情的な過食や浪費、気分のムラが生じやすい時期です。身体に優しい食事とリラックスで心をいたわりましょう。,90,1
transit_natal_aspect,VENUS,MOON,,,180,,トランジット金星が出生図の月と向かい合い、大切な相手への愛着が高まる反面、甘えからすれ違いが起きやすい時期です。素直な感謝を伝え、穏やかな調和を保ちましょう。,80,1
transit_natal_aspect,VENUS,MERCURY,,,0,,トランジット金星が出生図の水星と重なり、ユーモアと愛嬌に満ちた楽しいコミュニケーションが弾む時期です。手紙やメッセージで好意を伝え、会話を大いに楽しみましょう。,70,1
transit_natal_aspect,VENUS,MERCURY,,,90,,トランジット金星が出生図の水星とスクエアを形成し、軽口や優柔不断な態度に注意が必要な時期です。相手の立場に配慮した丁寧な言葉選びを心がけましょう。,90,1
transit_natal_aspect,VENUS,MERCURY,,,180,,トランジット金星が出生図の水星と向かい合い、趣味や芸術についての知的な語り合いが盛り上がる時期です。異なるセンスを面白がり、対話の輪を広げましょう。,80,1
transit_natal_aspect,VENUS,VENUS,,,0,,トランジット金星が出生図の金星と重なる金星リターンです。愛と美の運気がリフレッシュされ、新しい魅力やセンスが開花する最高の幸運期です。思い切り楽しみましょう。,70,1
transit_natal_aspect,VENUS,VENUS,,,90,,トランジット金星が出生図の金星とスクエアを形成し、美的センスの迷いや衝動買いに注意したい時期です。本当に価値のあるものを見極める審美眼を働かせましょう。,90,1
transit_natal_aspect,VENUS,VENUS,,,180,,トランジット金星が出生図の金星と向かい合い、人間関係や恋愛において価値観の違いをすり合わせる時期です。お互いの好みを尊重し、より成熟した絆を築きましょう。,80,1
transit_natal_aspect,VENUS,MARS,,,0,,トランジット金星が出生図の火星と重なり、情熱的な魅力と恋愛運が一気にスパークする時期です。クリエイティブな活動や自己表現に熱中し、積極的なアプローチをかけましょう。,70,1
transit_natal_aspect,VENUS,MARS,,,90,,トランジット金星が出生図の火星とスクエアを形成し、性急な衝動や感情の摩擦が起きやすい時期です。熱くなりすぎず、相手への思いやりを持って優しく接しましょう。,90,1
transit_natal_aspect,VENUS,MARS,,,180,,トランジット金星が出生図の火星と向かい合い、異性関係や対人関係で強い引力と刺激が生まれる時期です。主張のぶつかり合いを避け、情熱をポジティブな共同作業へ昇華させましょう。,80,1
transit_natal_aspect,VENUS,JUPITER,,,0,,トランジット金星が出生図の木星と重なり、大吉星同士が織りなす最高潮の幸運期です。愛と豊かさ、楽しいご縁が舞い込みます。寛大な心で幸せを分かち合いましょう。,70,1
transit_natal_aspect,VENUS,JUPITER,,,90,,トランジット金星が出生図の木星とスクエアを形成し、気が大きくなって散財や過度の享楽に走りやすい時期です。適度な自制心を持ちつつ、健全なレジャーを楽しみましょう。,90,1
transit_natal_aspect,VENUS,JUPITER,,,180,,トランジット金星が出生図の木星と向かい合い、社交運や金運が大きく広がる華やかな時期です。過剰な期待や浪費に気を配りつつ、恵まれたチャンスを素直に受け取りましょう。,80,1
transit_natal_aspect,VENUS,SATURN,,,0,,トランジット金星が出生図の土星と重なり、誠実で落ち着いた人間関係や着実な金銭管理ができる時期です。派手さよりも確かな信頼を築き、堅実な絆を深めましょう。,70,1
transit_natal_aspect,VENUS,SATURN,,,90,,トランジット金星が出生図の土星とスクエアを形成し、愛情表現のぎこちなさや金銭面のプレッシャーを感じやすい時期です。焦らず誠実な態度を守り、時間をかけて信頼を育みましょう。,90,1
transit_natal_aspect,VENUS,SATURN,,,180,,トランジット金星が出生図の土星と向かい合い、他者との距離感や関係性の責任について見つめ直す時期です。無理に繕わず、本物の絆を見極める機会と捉えましょう。,80,1
transit_natal_aspect,VENUS,URANUS,,,0,,トランジット金星が出生図の天王星と重なり、刺激的な新しい出会いや斬新な美的センスに目覚める時期です。型にはまらない自由でユニークな楽しみを体験しましょう。,70,1
transit_natal_aspect,VENUS,URANUS,,,90,,トランジット金星が出生図の天王星とスクエアを形成し、気まぐれな感情や突発的な出費に注意が必要な時期です。衝動的な決断を避け、自由と責任のバランスを保ちましょう。,90,1
transit_natal_aspect,VENUS,URANUS,,,180,,トランジット金星が出生図の天王星と向かい合い、人間関係に予期せぬ変化や新鮮な風が吹き込む時期です。相手の自由を尊重し、自立した対等なパートナーシップを築きましょう。,80,1
transit_natal_aspect,VENUS,NEPTUNE,,,0,,トランジット金星が出生図の海王星と重なり、ロマンチックな夢や崇高な芸術的インスピレーションに恵まれる至福の時期です。音楽やアート、無条件の愛に心を浸しましょう。,70,1
transit_natal_aspect,VENUS,NEPTUNE,,,90,,トランジット金星が出生図の海王星とスクエアを形成し、甘い誘惑や相手への過度な理想化に注意したい時期です。金銭の貸し借りは避け、現実的な見極めを大切にしましょう。,90,1
transit_natal_aspect,VENUS,NEPTUNE,,,180,,トランジット金星が出生図の海王星と向かい合い、繊細な優しさが高まる反面、境界線が曖昧になりやすい時期です。自己犠牲を避け、健全な思いやりで関係を包みましょう。,80,1
transit_natal_aspect,VENUS,PLUTO,,,0,,トランジット金星が出生図の冥王星と重なり、魂を揺さぶる運命的な魅力や深い愛情の変容を体験する時期です。執着を手放し、本質的な魂の結びつきを受け入れましょう。,70,1
transit_natal_aspect,VENUS,PLUTO,,,90,,トランジット金星が出生図の冥王星とスクエアを形成し、強い嫉妬心や感情のコントロール難、金銭的葛藤が生じやすい時期です。支配欲を手放し、心の平静を保ちましょう。,90,1
transit_natal_aspect,VENUS,PLUTO,,,180,,トランジット金星が出生図の冥王星と向かい合い、人間関係や愛情面で徹底的な見直しや再生を迫られる時期です。本音で向き合い、嘘のない強固な絆へ再構築しましょう。,80,1
transit_natal_aspect,VENUS,ASC,,,0,,トランジット金星が出生図のASCと重なり、あなたの第一印象と美しさが最高に輝くモテ期です。イメージチェンジや社交の場への参加で、人気運を存分に味方につけましょう。,70,1
transit_natal_aspect,VENUS,ASC,,,90,,トランジット金星が出生図のASCとスクエアを形成し、八方美人な態度や身だしなみの油断に気をつけたい時期です。自分らしい誠実な魅力を大切に表現しましょう。,90,1
transit_natal_aspect,VENUS,ASC,,,180,,トランジット金星が出生図のASC（DSC）と向かい合い、素晴らしいパートナーシップや協調関係に恵まれる時期です。大切な相手に真心を尽くし、調和のとれた関係を深めましょう。,80,1
transit_natal_aspect,VENUS,MC,,,0,,トランジット金星が出生図のMCと重なり、仕事や社会的な場面であなたの好感度や美的センスが絶賛される時期です。人当たりの良さを活かし、キャリアの好機を掴みましょう。,70,1
transit_natal_aspect,VENUS,MC,,,90,,トランジット金星が出生図のMCとスクエアを形成し、仕事に対する甘えやプライベートとの兼ね合いで悩みやすい時期です。プロとしての責任感を忘れずに誠実に対応しましょう。,90,1
transit_natal_aspect,VENUS,MC,,,180,,トランジット金星が出生図のMC（IC）と向かい合い、住まいやプライベートを美しく整えることで運気が上がる時期です。インテリアの工夫や家族団らんを楽しみましょう。,80,1
transit_natal_aspect,MARS,SUN,,,0,,トランジット火星が出生図の太陽と重なり、圧倒的な闘志とエネルギーが全身にみなぎる挑戦の時期です。強いリーダーシップを発揮し、大胆に新たな道を切り拓きましょう。,70,1
transit_natal_aspect,MARS,SUN,,,90,,トランジット火星が出生図の太陽とスクエアを形成し、焦りや攻撃的な衝動からトラブルを招きやすい時期です。怒りを上手にコントロールし、スポーツや運動で健全に発散しましょう。,90,1
transit_natal_aspect,MARS,SUN,,,180,,トランジット火星が出生図の太陽と向かい合い、強力なライバルや対立する状況と真っ向からぶつかりやすい時期です。感情的な反発を避け、戦略的な知恵で打開しましょう。,80,1
transit_natal_aspect,MARS,MOON,,,0,,トランジット火星が出生図の月と重なり、感情が熱く高まり情熱的に動ける時期です。心の底にある強い願望を行動に移し、生活環境や私生活をパワフルに改革しましょう。,70,1
transit_natal_aspect,MARS,MOON,,,90,,トランジット火星が出生図の月とスクエアを形成し、情緒不安定や家庭内でのイライラが募りやすい時期です。感情を爆発させず、一人の時間やスポーツで上手にガス抜きしましょう。,90,1
transit_natal_aspect,MARS,MOON,,,180,,トランジット火星が出生図の月と向かい合い、他者の攻撃的な態度やプレッシャーに感情が揺さぶられやすい時期です。冷静さを保ち、毅然とした境界線を引きましょう。,80,1
transit_natal_aspect,MARS,MERCURY,,,0,,トランジット火星が出生図の水星と重なり、頭の回転が電光石火の如く冴え渡る時期です。鋭い論理的思考と決断力を活かし、重要な企画や交渉をスピーディにまとめましょう。,70,1
transit_natal_aspect,MARS,MERCURY,,,90,,トランジット火星が出生図の水星とスクエアを形成し、口論や早とちり、運転中の焦りに注意が必要な時期です。批判的な言葉遣いを控え、冷静かつ丁寧な対話を心がけましょう。,90,1
transit_natal_aspect,MARS,MERCURY,,,180,,トランジット火星が出生図の水星と向かい合い、激しい議論や意見の対立に巻き込まれやすい時期です。感情論にならず、事実に基づいた冷静なロジックで対応しましょう。,80,1
transit_natal_aspect,MARS,VENUS,,,0,,トランジット火星が出生図の金星と重なり、恋愛の情熱とクリエイティブな魅力が最高潮に達する時期です。好きな人への積極的なアプローチや趣味の創作に全力を注ぎましょう。,70,1
transit_natal_aspect,MARS,VENUS,,,90,,トランジット火星が出生図の金星とスクエアを形成し、異性間でのすれ違いや衝動的な散財に注意したい時期です。相手のペースを尊重し、穏やかな愛情表現を意識しましょう。,90,1
transit_natal_aspect,MARS,VENUS,,,180,,トランジット火星が出生図の金星と向かい合い、恋愛や人間関係で強い刺激や駆け引きが生まれやすい時期です。自己本位にならず、互いの欲求を認め合う調和を目指しましょう。,80,1
transit_natal_aspect,MARS,MARS,,,0,,トランジット火星が出生図の火星と重なるマーズ・リターン（約2年に一度の挑戦期）です。行動力と野心が完全にリセットされ、新たな挑戦へ果敢に打って出る最高のタイミングです。,70,1
transit_natal_aspect,MARS,MARS,,,90,,トランジット火星が出生図の火星とスクエアを形成し、焦りや空回りでエネルギーが暴走しやすい正念場です。無駄な争いを避け、目の前の課題を一つずつ着実に片付けましょう。,90,1
transit_natal_aspect,MARS,MARS,,,180,,トランジット火星が出生図の火星と向かい合い、外からの強い抵抗やライバルとの勝負に直面する時期です。強引に押し通さず、相手の出方を見極めて賢明に対処しましょう。,80,1
transit_natal_aspect,MARS,JUPITER,,,0,,トランジット火星が出生図の木星と重なり、強運と勇気が倍増して大成功を掴める絶好のチャンスです。大きな目標に向かって自信を持って飛び込み、勝利を掴み取りましょう。,70,1
transit_natal_aspect,MARS,JUPITER,,,90,,トランジット火星が出生図の木星とスクエアを形成し、過信やリスクの軽視から無謀な行動を取りやすい時期です。冷静なリスク管理を行い、確実な足場を固めて進みましょう。,90,1
transit_natal_aspect,MARS,JUPITER,,,180,,トランジット火星が出生図の木星と向かい合い、大きな野心やチャンスが広がる反面、キャパシティを超えやすい時期です。優先順位を絞り込み、エネルギーを集中させましょう。,80,1
transit_natal_aspect,MARS,SATURN,,,0,,トランジット火星が出生図の土星と重なり、鋼のような集中力と不屈の忍耐力が備わる時期です。困難な課題や長期的プロジェクトに地道に取り組み、偉大な成果を打ち立てましょう。,70,1
transit_natal_aspect,MARS,SATURN,,,90,,トランジット火星が出生図の土星とスクエアを形成し、思い通りに進まない障害やフラストレーションを感じやすい時期です。無理に壁を破ろうとせず、粘り強く下準備を整えましょう。,90,1
transit_natal_aspect,MARS,SATURN,,,180,,トランジット火星が出生図の土星と向かい合い、権威や厳しい制約と対峙してプレッシャーを受ける時期です。反発するのではなく、自らの実力を証明する好機と捉えましょう。,80,1
transit_natal_aspect,MARS,URANUS,,,0,,トランジット火星が出生図の天王星と重なり、現状を打破する圧倒的な革命エネルギーが湧き上がる時期です。独創的な発想で古い枠組みを打ち破り、自由な未来を切り拓きましょう。,70,1
transit_natal_aspect,MARS,URANUS,,,90,,トランジット火星が出生図の天王星とスクエアを形成し、反抗心や突発的な事故・トラブルに注意が必要な時期です。一時の衝動で暴発せず、冷静に安全第一で行動しましょう。,90,1
transit_natal_aspect,MARS,URANUS,,,180,,トランジット火星が出生図の天王星と向かい合い、予期せぬアクシデントや他者からの反発に遭いやすい時期です。変化に柔軟に対応し、臨機応変な戦略で乗り切りましょう。,80,1
transit_natal_aspect,MARS,NEPTUNE,,,0,,トランジット火星が出生図の海王星と重なり、直感やインスピレーション、理想のために情熱を燃やせる時期です。芸術やボランティア、スピリチュアルな活動で力を発揮しましょう。,70,1
transit_natal_aspect,MARS,NEPTUNE,,,90,,トランジット火星が出生図の海王星とスクエアを形成し、エネルギーの消耗やモチベーションの低下、誘惑に注意したい時期です。無理な活動は控え、休養をしっかり取りましょう。,90,1
transit_natal_aspect,MARS,NEPTUNE,,,180,,トランジット火星が出生図の海王星と向かい合い、行動の方向性を見失ったり他者に惑わされやすい時期です。甘い話には乗らず、現実的な確認を怠らないようにしましょう。,80,1
transit_natal_aspect,MARS,PLUTO,,,0,,トランジット火星が出生図の冥王星と重なり、底知れぬスタミナと不屈の突破力が宿る最強の好機です。どんな困難も薙ぎ払い、不可能を可能にする圧倒的な変革を成し遂げましょう。,70,1
transit_natal_aspect,MARS,PLUTO,,,90,,トランジット火星が出生図の冥王星とスクエアを形成し、強烈な権力闘争や激しい怒りの衝動が生じやすい危険な時期です。破壊的な争いを避け、全エネルギーを自己鍛錬や難関突破に向けましょう。,90,1
transit_natal_aspect,MARS,PLUTO,,,180,,トランジット火星が出生図の冥王星と向かい合い、外部からの圧倒的な圧力や対立に直面しやすい時期です。無理に力でねじ伏せようとせず、戦略的な柔軟性と忍耐で乗り切りましょう。,80,1
transit_natal_aspect,MARS,ASC,,,0,,トランジット火星が出生図のASCと重なり、圧倒的なバイタリティと行動力が表に出る時期です。先頭に立って新しいプロジェクトを開始し、存在感を強烈にアピールしましょう。,70,1
transit_natal_aspect,MARS,ASC,,,90,,トランジット火星が出生図のASCとスクエアを形成し、性急な態度や攻撃的な言動で周囲と衝突しやすい時期です。怪我や焦りに注意し、冷静な配慮を心がけましょう。,90,1
transit_natal_aspect,MARS,ASC,,,180,,トランジット火星が出生図のASC（DSC）と向かい合い、パートナーやライバルとの間で熱い議論や衝突が起きやすい時期です。対立を避け、お互いを高め合う切磋琢磨の機会にしましょう。,80,1
transit_natal_aspect,MARS,MC,,,0,,トランジット火星が出生図のMCと重なり、キャリアや社会的野心に向かって猛烈に突き進む勝負の時期です。高い目標を掲げ、果敢なリーダーシップで実績を勝ち取りましょう。,70,1
transit_natal_aspect,MARS,MC,,,90,,トランジット火星が出生図のMCとスクエアを形成し、上司や組織との対立、仕事と家庭の摩擦が生じやすい時期です。感情的な反発を抑え、プロとして冷静に対処しましょう。,90,1
transit_natal_aspect,MARS,MC,,,180,,トランジット火星が出生図のMC（IC）と向かい合い、家庭内や住居の改善に熱いエネルギーを注ぐ時期です。家の中の不要なものを処分し、安心できる生活基盤を力強く再構築しましょう。,80,1
transit_natal_aspect,JUPITER,SUN,,,0,,トランジット木星が出生図の太陽と重なり、約12年に一度訪れる人生の大発展・大幸運期です。自信と希望に満ち溢れ、新たな人生のステージへ大胆に飛躍しましょう。,70,1
transit_natal_aspect,JUPITER,SUN,,,90,,トランジット木星が出生図の太陽とスクエアを形成し、自己過信や過剰な拡大傾向にブレーキが必要な時期です。楽観的になりすぎず、計画の細部をしっかり固めて堅実に前進しましょう。,90,1
transit_natal_aspect,JUPITER,SUN,,,180,,トランジット木星が出生図の太陽と向かい合い、これまでの努力が大きく報われると同時に、周囲との調和が促される時期です。謙虚さを忘れず、大きなチャンスを掴み取りましょう。,80,1
transit_natal_aspect,JUPITER,MOON,,,0,,トランジット木星が出生図の月と重なり、精神的な充実感と温かい幸福感に満たされる時期です。家族や身近な人との絆が深まり、心身ともに健やかに過ごせます。,70,1
transit_natal_aspect,JUPITER,MOON,,,90,,トランジット木星が出生図の月とスクエアを形成し、感情のコントロールが甘くなり散財や過食に走りやすい時期です。心のゆとりを保ちつつ、適度な節制を心がけましょう。,90,1
transit_natal_aspect,JUPITER,MOON,,,180,,トランジット木星が出生図の月と向かい合い、他者への寛容さと優しさが広がる時期です。頼まれごとを引き受けすぎてキャパシティを超えないよう、上手にバランスを取りましょう。,80,1
transit_natal_aspect,JUPITER,MERCURY,,,0,,トランジット木星が出生図の水星と重なり、知的好奇心と理解力が飛躍的に高まる時期です。語学や資格取得、長期的な旅行や出版・発信活動において素晴らしい成果を期待できます。,70,1
transit_natal_aspect,JUPITER,MERCURY,,,90,,トランジット木星が出生図の水星とスクエアを形成し、大風呂敷を広げすぎたり細部を見落としやすい時期です。口約束や誇大広告を避け、正確な情報確認を徹底しましょう。,90,1
transit_natal_aspect,JUPITER,MERCURY,,,180,,トランジット木星が出生図の水星と向かい合い、異文化や専門的な知見に触れて思考が大きく拡大する時期です。多角的な視点を学び、自らの知性を豊かに深めましょう。,80,1
transit_natal_aspect,JUPITER,VENUS,,,0,,トランジット木星が出生図の金星と重なり、人生において最高の喜び、豊かさ、恋愛運に恵まれる黄金期です。社交や芸術、特別な出会いを心から満喫しましょう。,70,1
transit_natal_aspect,JUPITER,VENUS,,,90,,トランジット木星が出生図の金星とスクエアを形成し、ぜいたくや快楽への溺れ、金銭の過剰な出費に注意したい時期です。美しいものを楽しみつつ、家計の管理は引き締めましょう。,90,1
transit_natal_aspect,JUPITER,VENUS,,,180,,トランジット木星が出生図の金星と向かい合い、華やかな人気運や人間関係の広がりに恵まれる時期です。相手への過度な期待を手放し、純粋な好意と調和を分かち合いましょう。,80,1
transit_natal_aspect,JUPITER,MARS,,,0,,トランジット木星が出生図の火星と重なり、大いなる勇気と情熱が湧き上がる事業拡大・勝負の好機です。迷わず行動を起こし、大きな成功を勝ち取りましょう。,70,1
transit_natal_aspect,JUPITER,MARS,,,90,,トランジット木星が出生図の火星とスクエアを形成し、無謀なリスクテイクや過剰な自信による空回りに注意が必要な時期です。冷静な計算と堅実なステップを大切にしましょう。,90,1
transit_natal_aspect,JUPITER,MARS,,,180,,トランジット木星が出生図の火星と向かい合い、行動力と野心が高まる反面、エネルギーが散漫になりやすい時期です。真に重要な一点に力を集中させましょう。,80,1
transit_natal_aspect,JUPITER,JUPITER,,,0,,トランジット木星が出生図の木星と重なるジュピター・リターン（12年に一度の成長の節目）です。人生のビジョンを大きく描き直し、新たな発展の種を蒔きましょう。,70,1
transit_natal_aspect,JUPITER,JUPITER,,,90,,トランジット木星が出生図の木星とスクエアを形成し、現状の成長スピードや目標の軌道修正を促される時期です。無理な拡大を控え、内容の充実に力を注ぎましょう。,90,1
transit_natal_aspect,JUPITER,JUPITER,,,180,,トランジット木星が出生図の木星と向かい合い、約6年間の成長の成果が実を結び、次の飛躍への足場を固める時期です。これまでの実績を振り返り、新たな展開へ向けて視野を広げましょう。,80,1
transit_natal_aspect,JUPITER,SATURN,,,0,,トランジット木星が出生図の土星と重なり、発展と規律が完璧に調和する重要な構築期です。現実的な計画に基づき、長年にわたり安定した成果を生み出す強固な基盤を打ち立てましょう。,70,1
transit_natal_aspect,JUPITER,SATURN,,,90,,トランジット木星が出生図の土星とスクエアを形成し、理想の拡大と現実の制約の間でジレンマを感じやすい時期です。焦らず地道な改善を重ね、着実な実力を養いましょう。,90,1
transit_natal_aspect,JUPITER,SATURN,,,180,,トランジット木星が出生図の土星と向かい合い、社会的な責任を果たしながら自らの可能性をどこまで広げられるか試される時期です。義務を誠実に果たしつつ、希望を持ち続けましょう。,80,1
transit_natal_aspect,JUPITER,URANUS,,,0,,トランジット木星が出生図の天王星と重なり、予期せぬ大チャンスやブレイクスルーがもたらされる大躍進の時期です。既成概念を打ち破り、革新的な挑戦へ果敢に飛び込みましょう。,70,1
transit_natal_aspect,JUPITER,URANUS,,,90,,トランジット木星が出生図の天王星とスクエアを形成し、急進的すぎる変化や自由への衝動で周囲を驚かせやすい時期です。周囲への配慮を忘れず、建設的なイノベーションを目指しましょう。,90,1
transit_natal_aspect,JUPITER,URANUS,,,180,,トランジット木星が出生図の天王星と向かい合い、外部からの突発的な変化が人生の視野を大きく広げてくれる時期です。変化を恐れず柔軟に受け止め、新しい自由を楽しみましょう。,80,1
transit_natal_aspect,JUPITER,NEPTUNE,,,0,,トランジット木星が出生図の海王星と重なり、崇高な理想やスピリチュアルなインスピレーション、慈愛の心が大きく花開く至福の時期です。芸術や人道的活動に深く携わりましょう。,70,1
transit_natal_aspect,JUPITER,NEPTUNE,,,90,,トランジット木星が出生図の海王星とスクエアを形成し、非現実的な誇大妄想や甘い誘惑に流されやすい時期です。直感を大切にしつつも、現実的な金銭や契約の確認を怠らないようにしましょう。,90,1
transit_natal_aspect,JUPITER,NEPTUNE,,,180,,トランジット木星が出生図の海王星と向かい合い、夢と現実の境界を見つめ直す時期です。過剰な期待を手放し、自らの優しい感性を現実世界で具体的に役立てる工夫をしましょう。,80,1
transit_natal_aspect,JUPITER,PLUTO,,,0,,トランジット木星が出生図の冥王星と重なり、絶大な成功運と富、社会的影響力を手に入れる最強の好機です。強い野心と信念を持って大きな勝負に挑み、劇的な飛躍を遂げましょう。,70,1
transit_natal_aspect,JUPITER,PLUTO,,,90,,トランジット木星が出生図の冥王星とスクエアを形成し、権力への執着や強引な拡大で反発を招きやすい時期です。傲慢さを戒め、誠実で公正なリーダーシップを貫きましょう。,90,1
transit_natal_aspect,JUPITER,PLUTO,,,180,,トランジット木星が出生図の冥王星と向かい合い、大きな組織や運命的な力との関わりの中で自己の器が試される時期です。私利私欲を手放し、大局的な視点で行動しましょう。,80,1
transit_natal_aspect,JUPITER,ASC,,,0,,トランジット木星が出生図のASCと重なり、約12年に一度の自己変革と幸運の扉が開く最高のスタート期です。周囲からの人望が集まり、人生の新しいステージへ堂々と踏み出せます。,70,1
transit_natal_aspect,JUPITER,ASC,,,90,,トランジット木星が出生図のASCとスクエアを形成し、自分を大きく見せすぎたり体重の増加や油断に注意したい時期です。謙虚な姿勢を保ち、誠実な振る舞いを心がけましょう。,90,1
transit_natal_aspect,JUPITER,ASC,,,180,,トランジット木星が出生図のASC（DSC）と向かい合い、素晴らしいパートナーや有益な協力者との出会いに恵まれる幸運期です。他者への協調と感謝を通じて豊かな繁栄を築きましょう。,80,1
transit_natal_aspect,JUPITER,MC,,,0,,トランジット木星が出生図のMCと重なり、キャリアや社会的成功において頂点を極める最高の栄光期です。昇進や事業の成功、高い評価を堂々と受け止め、社会に大きく貢献しましょう。,70,1
transit_natal_aspect,JUPITER,MC,,,90,,トランジット木星が出生図のMCとスクエアを形成し、仕事の規模拡大と私生活のバランス調整が求められる時期です。無理なスケジュールを控え、足元を固めて前進しましょう。,90,1
transit_natal_aspect,JUPITER,MC,,,180,,トランジット木星が出生図のMC（IC）と向かい合い、家庭生活の充実や住環境の拡大・改善に恵まれる時期です。心の拠り所を豊かに整え、家族との温かい絆を深めましょう。,80,1
transit_natal_aspect,SATURN,SUN,,,0,,トランジット土星が出生図の太陽と重なり、約30年に一度の人生の土台を固める厳粛な成熟期です。確固たる覚悟を持ち、長期的な責任と目標に着実に取り組みましょう。,70,1
transit_natal_aspect,SATURN,SUN,,,90,,トランジット土星が出生図の太陽とスクエアを形成し、プレッシャーや制約の中で自らの真価が問われる正念場です。焦らず地道な努力を重ね、不屈の忍耐力で壁を乗り越えましょう。,90,1
transit_natal_aspect,SATURN,SUN,,,180,,トランジット土星が出生図の太陽と向かい合い、社会的な立場や人間関係において厳しい現実と向き合う時期です。他者の評価を真摯に受け止め、自らの方向性を堅実に修正しましょう。,80,1
transit_natal_aspect,SATURN,MOON,,,0,,トランジット土星が出生図の月と重なり、感情の成熟と私生活の規律が求められる時期です。孤独を感じやすいですが、日々の生活習慣を整え、強い精神的自立を果たしましょう。,70,1
transit_natal_aspect,SATURN,MOON,,,90,,トランジット土星が出生図の月とスクエアを形成し、気分がふさぎ込んだり家庭内の重圧を感じやすい時期です。自分を責めすぎず、休養を取りながら一つずつ課題を整理しましょう。,90,1
transit_natal_aspect,SATURN,MOON,,,180,,トランジット土星が出生図の月と向かい合い、義務や責任と私生活の感情の間で葛藤が生じやすい時期です。無理に感情を抑え込まず、信頼できる人に相談しながら対処しましょう。,80,1
transit_natal_aspect,SATURN,MERCURY,,,0,,トランジット土星が出生図の水星と重なり、高度な集中力と論理的思考力が研ぎ澄まされる時期です。難解な資格勉強や専門技術の習得、重要な契約締結に着実に取り組みましょう。,70,1
transit_natal_aspect,SATURN,MERCURY,,,90,,トランジット土星が出生図の水星とスクエアを形成し、思考の硬直やコミュニケーションの遅延・障害が生じやすい時期です。悲観的にならず、事実を丁寧に確認して対処しましょう。,90,1
transit_natal_aspect,SATURN,MERCURY,,,180,,トランジット土星が出生図の水星と向かい合い、他者からの厳しい批判や現実的な指摘に向き合う時期です。自らの考えの甘さを修正し、より強固なロジックを築きましょう。,80,1
transit_natal_aspect,SATURN,VENUS,,,0,,トランジット土星が出生図の金星と重なり、誠実で成熟した人間関係や堅実な資産形成に向き合う時期です。一時的な快楽を手放し、本物の価値と長期的な絆を大切に育みましょう。,70,1
transit_natal_aspect,SATURN,VENUS,,,90,,トランジット土星が出生図の金星とスクエアを形成し、愛情面での孤独感や金銭的な制約を感じやすい時期です。自己価値を疑わず、誠実な態度で時間をかけて信頼を築きましょう。,90,1
transit_natal_aspect,SATURN,VENUS,,,180,,トランジット土星が出生図の金星と向かい合い、パートナーシップや対人関係の責任と現実を見つめ直す時期です。甘えを断ち、互いに自立した対等な関係を目指しましょう。,80,1
transit_natal_aspect,SATURN,MARS,,,0,,トランジット土星が出生図の火星と重なり、情熱と忍耐が融合して強靭な実行力を発揮できる時期です。無駄な衝動を抑え、難易度の高い大仕事に全力で取り組み成果を収めましょう。,70,1
transit_natal_aspect,SATURN,MARS,,,90,,トランジット土星が出生図の火星とスクエアを形成し、行動にブレーキがかかり強いフラストレーションを覚えやすい時期です。無理に押し通さず、エネルギーを蓄えて基礎を固めましょう。,90,1
transit_natal_aspect,SATURN,MARS,,,180,,トランジット土星が出生図の火星と向かい合い、外部からの厳しい抑圧や抵抗に直面しやすい時期です。感情的に激突せず、冷静な戦略と粘り強い交渉で乗り切りましょう。,80,1
transit_natal_aspect,SATURN,JUPITER,,,0,,トランジット土星が出生図の木星と重なり、これまでの拡大路線を整理し確固たる社会的基盤へと昇華させる時期です。現実的な枠組みを作り、持続可能な発展を確立しましょう。,70,1
transit_natal_aspect,SATURN,JUPITER,,,90,,トランジット土星が出生図の木星とスクエアを形成し、過大な理想と現実的な限界の間で調整が求められる時期です。無駄を削ぎ落とし、本当に大切な目標に資源を集中させましょう。,90,1
transit_natal_aspect,SATURN,JUPITER,,,180,,トランジット土星が出生図の木星と向かい合い、楽観的な見通しに対して現実の厳しさがチェックを入れる時期です。浮ついた計画を見直し、地に足の着いた成長を図りましょう。,80,1
transit_natal_aspect,SATURN,SATURN,,,0,,トランジット土星が出生図の土星と重なるサターン・リターン（約29.5年に一度の人生の大転換点）です。真の大人としての責任を引き受け、生涯の基盤を築く神聖な節目です。,70,1
transit_natal_aspect,SATURN,SATURN,,,90,,トランジット土星が出生図の土星とスクエアを形成し、人生の選択やキャリアにおいて重要な中間テストを迎える時期です。弱点を補強し、長期計画を再構築しましょう。,90,1
transit_natal_aspect,SATURN,SATURN,,,180,,トランジット土星が出生図の土星と向かい合い、約14年間の歩みの成果と課題が鮮明になる正念場です。これまでの実績を検証し、人生の後半戦に向けた調整を行いましょう。,80,1
transit_natal_aspect,SATURN,URANUS,,,0,,トランジット土星が出生図の天王星と重なり、革新的なアイデアを現実的な仕組みとして具現化できる時期です。古い伝統と最新の技術を融合させ、画期的な成果を生み出しましょう。,70,1
transit_natal_aspect,SATURN,URANUS,,,90,,トランジット土星が出生図の天王星とスクエアを形成し、現状維持の圧力と変革への衝動が激しく衝突する時期です。急進的な破壊を避け、秩序ある改革を進めましょう。,90,1
transit_natal_aspect,SATURN,URANUS,,,180,,トランジット土星が出生図の天王星と向かい合い、個人の自由と社会的責任の間で大きな緊張が生じる時期です。双方のバランスを取りながら、新しい生き方を模索しましょう。,80,1
transit_natal_aspect,SATURN,NEPTUNE,,,0,,トランジット土星が出生図の海王星と重なり、夢やスピリチュアルな理想を現実の形に落とし込める時期です。曖昧な想いを具体的な作品や活動として具現化しましょう。,70,1
transit_natal_aspect,SATURN,NEPTUNE,,,90,,トランジット土星が出生図の海王星とスクエアを形成し、幻想が打ち砕かれたり無力感を味わいやすい時期です。現実逃避をやめ、事実を直視して精神的な強さを養いましょう。,90,1
transit_natal_aspect,SATURN,NEPTUNE,,,180,,トランジット土星が出生図の海王星と向かい合い、理想と現実のギャップに直面する時期です。過度な悲観を避け、自らの信じる価値を現実の中でどう守るか工夫しましょう。,80,1
transit_natal_aspect,SATURN,PLUTO,,,0,,トランジット土星が出生図の冥王星と重なり、不屈の忍耐と究極の意志力で人生の構造を抜本的に再構築する時期です。過酷な試練を乗り越え、不滅の実績を打ち立てましょう。,70,1
transit_natal_aspect,SATURN,PLUTO,,,90,,トランジット土星が出生図の冥王星とスクエアを形成し、逃れられない重圧や組織的な変革に直面しやすい時期です。執着を捨て、抜本的な自己改革を断行しましょう。,90,1
transit_natal_aspect,SATURN,PLUTO,,,180,,トランジット土星が出生図の冥王星と向かい合い、限界を超えるような責任やプレッシャーと対峙する時期です。誠実さと不屈の精神を持ち、根本的な解決へ導きましょう。,80,1
transit_natal_aspect,SATURN,ASC,,,0,,トランジット土星が出生図のASCと重なり、約30年に一度の自己再構築と本格的な成熟のサイクルが始まります。自らに厳しい規律を課し、真の自信と風格を身につけましょう。,70,1
transit_natal_aspect,SATURN,ASC,,,90,,トランジット土星が出生図のASCとスクエアを形成し、自己表現の重圧や健康面・人間関係での忍耐が求められる時期です。焦らず体調管理を徹底し、着実に実力を磨きましょう。,90,1
transit_natal_aspect,SATURN,ASC,,,180,,トランジット土星が出生図のASC（DSC）と向かい合い、パートナーシップや重要な契約において真剣な責任と覚悟が問われる時期です。誠実な対話で揺るぎない信頼を築きましょう。,80,1
transit_natal_aspect,SATURN,MC,,,0,,トランジット土星が出生図のMCと重なり、約30年の集大成としてキャリアの頂点と重責を担う時期です。逃げずにリーダーシップを発揮し、永続的な実績と名声を確立しましょう。,70,1
transit_natal_aspect,SATURN,MC,,,90,,トランジット土星が出生図のMCとスクエアを形成し、仕事の重圧と家庭の責任の間で厳しい調整を迫られる正念場です。優先順位を明確にし、堅実に義務を果たしましょう。,90,1
transit_natal_aspect,SATURN,MC,,,180,,トランジット土星が出生図のMC（IC）と向かい合い、家庭環境や不動産、心の根底の再構築を行う時期です。足元の生活基盤を盤石に整え、将来の飛躍への土台を作りましょう。,80,1
transit_natal_aspect,URANUS,SUN,,,0,,トランジット天王星が出生図の太陽と重なり、人生観とアイデンティティに劇的な目覚めが訪れる大革命期です。古い殻を脱ぎ捨て、唯一無二の自由な生き方を選択しましょう。,70,1
transit_natal_aspect,URANUS,SUN,,,90,,トランジット天王星が出生図の太陽とスクエアを形成し、突発的な変化や反逆心が生じやすい激動の時期です。無謀な破壊を避け、冷静に自立と改革の道筋を切り拓きましょう。,90,1
transit_natal_aspect,URANUS,SUN,,,180,,トランジット天王星が出生図の太陽と向かい合い、他者や予期せぬ出来事によって人生の軌道修正を迫られる時期です。固定観念を手放し、新しい可能性を前向きに受け入れましょう。,80,1
transit_natal_aspect,URANUS,MOON,,,0,,トランジット天王星が出生図の月と重なり、私生活や感情のパターンに電撃的な刷新がもたらされる時期です。住まいの移転や生活習慣の改革を通じて、心地よい自由を手に入れましょう。,70,1
transit_natal_aspect,URANUS,MOON,,,90,,トランジット天王星が出生図の月とスクエアを形成し、気分の乱高下や家庭内の突発的なトラブルに注意が必要な時期です。感情的に反応せず、一人の自由な時間を確保して心を鎮めましょう。,90,1
transit_natal_aspect,URANUS,MOON,,,180,,トランジット天王星が出生図の月と向かい合い、親しい人との関係性に急な変化や距離感の見直しが訪れる時期です。依存を手放し、自立した健全な絆を育みましょう。,80,1
transit_natal_aspect,URANUS,MERCURY,,,0,,トランジット天王星が出生図の水星と重なり、天才的な閃きと先鋭的な知性が覚醒する時期です。最新のテクノロジーや独創的なアイデアを駆使し、画期的な発信や企画を行いましょう。,70,1
transit_natal_aspect,URANUS,MERCURY,,,90,,トランジット天王星が出生図の水星とスクエアを形成し、神経の過敏さや突飛な言動による誤解に注意したい時期です。発言前に一呼吸置き、論理的で丁寧な伝達を心がけましょう。,90,1
transit_natal_aspect,URANUS,MERCURY,,,180,,トランジット天王星が出生図の水星と向かい合い、常識を覆すような意見や情報に触れて知的な衝撃を受ける時期です。柔軟な思考で未知の概念を吸収し、知見を広げましょう。,80,1
transit_natal_aspect,URANUS,VENUS,,,0,,トランジット天王星が出生図の金星と重なり、電撃的なロマンスや前衛的な美意識に目覚める刺激的な時期です。既存の枠にとらわれない自由でユニークな魅力を満喫しましょう。,70,1
transit_natal_aspect,URANUS,VENUS,,,90,,トランジット天王星が出生図の金星とスクエアを形成し、気まぐれな恋愛感情や衝動的な浪費に気をつけたい時期です。一時的な刺激に流されず、冷静な価値判断を保ちましょう。,90,1
transit_natal_aspect,URANUS,VENUS,,,180,,トランジット天王星が出生図の金星と向かい合い、人間関係やパートナーシップに予想外の展開が訪れる時期です。お互いの自由と個性を尊重し合う新しい関係性を築きましょう。,80,1
transit_natal_aspect,URANUS,MARS,,,0,,トランジット天王星が出生図の火星と重なり、圧倒的な瞬発力と革新的な行動力が爆発する時期です。リスクを恐れずに大胆な挑戦へ踏み切り、現状を一気に打破しましょう。,70,1
transit_natal_aspect,URANUS,MARS,,,90,,トランジット天王星が出生図の火星とスクエアを形成し、焦りや無謀な反抗心による事故・怪我に厳重注意が必要な時期です。感情をコントロールし、安全第一で冷静に対処しましょう。,90,1
transit_natal_aspect,URANUS,MARS,,,180,,トランジット天王星が出生図の火星と向かい合い、外部からの突発的な攻撃や予期せぬ対立に直面しやすい時期です。正面衝突を避け、臨機応変な戦略でスマートにかわしましょう。,80,1
transit_natal_aspect,URANUS,JUPITER,,,0,,トランジット天王星が出生図の木星と重なり、思いがけない幸運や人生観を解放する大チャンスが到来する時期です。古いルールを飛び出し、未知の冒険へ果敢に飛び込みましょう。,70,1
transit_natal_aspect,URANUS,JUPITER,,,90,,トランジット天王星が出生図の木星とスクエアを形成し、過激な楽観主義や無謀な賭けに出やすい時期です。冷静なリスク検証を行い、着実な足場を保ちながら改革を進めましょう。,90,1
transit_natal_aspect,URANUS,JUPITER,,,180,,トランジット天王星が出生図の木星と向かい合い、急激な価値観の変革や自由への強い渇望が湧き上がる時期です。視野を大きく広げ、新しい生き方の可能性を探求しましょう。,80,1
transit_natal_aspect,URANUS,SATURN,,,0,,トランジット天王星が出生図の土星と重なり、古い伝統や構造を最新の仕組みへと刷新する大改革の好機です。過去の実績を活かしつつ、大胆な近代化を成し遂げましょう。,70,1
transit_natal_aspect,URANUS,SATURN,,,90,,トランジット天王星が出生図の土星とスクエアを形成し、守るべき規律と変革の衝動の間で激しい葛藤が生じる時期です。極端な破壊を避け、粘り強くバランスの取れた改革を模索しましょう。,90,1
transit_natal_aspect,URANUS,SATURN,,,180,,トランジット天王星が出生図の土星と向かい合い、古い縛りや制約からの劇的な脱却を促される時期です。恐れを手放し、自立した新しい自己規律を確立しましょう。,80,1
transit_natal_aspect,URANUS,URANUS,,,0,,トランジット天王星が出生図の天王星と重なるウラヌス・リターン（約84年に一度の魂の解放期）です。人生の完全な自由と真のオリジナリティを謳歌しましょう。,70,1
transit_natal_aspect,URANUS,URANUS,,,90,,トランジット天王星が出生図の天王星とスクエアを形成し、約21歳・63歳前後に訪れる人生の大きな転換期です。新しい生き方への強い衝動を受け止め、前向きな舵を切りましょう。,90,1
transit_natal_aspect,URANUS,URANUS,,,180,,トランジット天王星が出生図の天王星と向かい合う中年の危機（約42歳の人生大改革期）です。既成概念を脱ぎ捨て、魂が真に望む自由な第二の人生をスタートさせましょう。,80,1
transit_natal_aspect,URANUS,NEPTUNE,,,0,,トランジット天王星が出生図の海王星と重なり、時代の先をゆくスピリチュアルな覚醒や芸術的イノベーションが起きる時期です。直感を信じ、高次のビジョンを具現化しましょう。,70,1
transit_natal_aspect,URANUS,NEPTUNE,,,90,,トランジット天王星が出生図の海王星とスクエアを形成し、信じていた幻想が突如覆されるような衝撃を経験しやすい時期です。混乱に惑わされず、真実を見極めて精神的な自立を果たしましょう。,90,1
transit_natal_aspect,URANUS,NEPTUNE,,,180,,トランジット天王星が出生図の海王星と向かい合い、精神的な理想と現実の変革の間で強い刺激を受ける時期です。固定観念を解放し、より柔軟で自由な世界観を築きましょう。,80,1
transit_natal_aspect,URANUS,PLUTO,,,0,,トランジット天王星が出生図の冥王星と重なり、人生の根底を覆すような電撃的変容と覚醒がもたらされる時期です。恐れを完全に脱ぎ捨て、真の力強さへ生まれ変わりましょう。,70,1
transit_natal_aspect,URANUS,PLUTO,,,90,,トランジット天王星が出生図の冥王星とスクエアを形成し、予期せぬ激変や権力・構造の崩壊に直面しやすい激動期です。執着を断ち切り、抜本的な刷新を受け入れましょう。,90,1
transit_natal_aspect,URANUS,PLUTO,,,180,,トランジット天王星が出生図の冥王星と向かい合い、運命的な力によって自立と変革を強く促される時期です。抗うのではなく、新しい時代の潮流に大胆に飛び込みましょう。,80,1
transit_natal_aspect,URANUS,ASC,,,0,,トランジット天王星が出生図のASCと重なり、外見やパーソナリティが電撃的に刷新される約84年に一度の劇的な転換期です。常識の枠を壊し、唯一無二の個性を解き放ちましょう。,70,1
transit_natal_aspect,URANUS,ASC,,,90,,トランジット天王星が出生図のASCとスクエアを形成し、突発的な行動や環境の激変で周囲を驚かせやすい時期です。冷静さを保ちつつ、自分らしい自由なスタイルを確立しましょう。,90,1
transit_natal_aspect,URANUS,ASC,,,180,,トランジット天王星が出生図のASC（DSC）と向かい合い、対人関係やパートナーシップに電撃的な出会いや急激な変化が訪れる時期です。束縛のない対等で自由な絆を築きましょう。,80,1
transit_natal_aspect,URANUS,MC,,,0,,トランジット天王星が出生図のMCと重なり、キャリアや社会的立場に画期的なブレイクスルーや独立の好機が訪れる時期です。独自の道を切り拓き、時代を先取りするリーダーになりましょう。,70,1
transit_natal_aspect,URANUS,MC,,,90,,トランジット天王星が出生図のMCとスクエアを形成し、職務環境の急変や進路変更の衝動に直面しやすい時期です。衝動的な辞職を避け、戦略的に新しいキャリアへの準備を進めましょう。,90,1
transit_natal_aspect,URANUS,MC,,,180,,トランジット天王星が出生図のMC（IC）と向かい合い、住居の移転や家族関係のあり方に電撃的な変化が訪れる時期です。固定観念にとらわれない自由な生活基盤を築きましょう。,80,1
transit_natal_aspect,NEPTUNE,SUN,,,0,,トランジット海王星が出生図の太陽と重なり、崇高な夢や芸術的感性、神秘的なインスピレーションが最高潮に達する時期です。エゴを手放し、大いなる理想を人生に描きましょう。,70,1
transit_natal_aspect,NEPTUNE,SUN,,,90,,トランジット海王星が出生図の太陽とスクエアを形成し、自己の方向性を見失ったりエネルギーの低下を感じやすい時期です。焦って決断せず、心身を休めて直感の回復を待ちましょう。,90,1
transit_natal_aspect,NEPTUNE,SUN,,,180,,トランジット海王星が出生図の太陽と向かい合い、他者への過度な自己犠牲や甘い幻想に注意したい時期です。境界線をしっかり保ちつつ、優しい共感と思いやりを周囲に届けましょう。,80,1
transit_natal_aspect,NEPTUNE,MOON,,,0,,トランジット海王星が出生図の月と重なり、感受性が極めて豊かになり深い癒やしと愛に包まれる時期です。音楽やスピリチュアルな時間に親しみ、心を優しく満たしましょう。,70,1
transit_natal_aspect,NEPTUNE,MOON,,,90,,トランジット海王星が出生図の月とスクエアを形成し、情緒不安定や境界線の曖昧さから疲れやすくなる時期です。現実逃避を避け、静かな環境で十分な休養を取りましょう。,90,1
transit_natal_aspect,NEPTUNE,MOON,,,180,,トランジット海王星が出生図の月と向かい合い、親しい人との間で依存や誤解が生じやすい時期です。過剰な感情移入を控え、自他を尊重する温かい距離感を保ちましょう。,80,1
transit_natal_aspect,NEPTUNE,MERCURY,,,0,,トランジット海王星が出生図の水星と重なり、詩的な表現力や豊かな直感・テレパシーのような洞察力が開花する時期です。アートや執筆活動で素晴らしい創造性を発揮しましょう。,70,1
transit_natal_aspect,NEPTUNE,MERCURY,,,90,,トランジット海王星が出生図の水星とスクエアを形成し、集中力の欠如や勘違い、契約トラブルに注意が必要な時期です。重要な手続きは必ず文書で確認し、冷静に対処しましょう。,90,1
transit_natal_aspect,NEPTUNE,MERCURY,,,180,,トランジット海王星が出生図の水星と向かい合い、他者の曖昧な言葉に惑わされやすい時期です。甘い話を鵜呑みにせず、客観的な事実確認を怠らないようにしましょう。,80,1
transit_natal_aspect,NEPTUNE,VENUS,,,0,,トランジット海王星が出生図の金星と重なり、崇高な恋愛観や神秘的な芸術美に魂が魅了される時期です。無条件の愛と慈悲の心で、美しく純粋な絆を育みましょう。,70,1
transit_natal_aspect,NEPTUNE,VENUS,,,90,,トランジット海王星が出生図の金星とスクエアを形成し、甘い誘惑や恋愛・金銭面での幻滅を経験しやすい時期です。相手を過度に美化せず、現実的な視点を保ちましょう。,90,1
transit_natal_aspect,NEPTUNE,VENUS,,,180,,トランジット海王星が出生図の金星と向かい合い、人間関係や愛情面で境界線が曖昧になりやすい時期です。自己犠牲的な献身を避け、互いを尊重する健全な調和を築きましょう。,80,1
transit_natal_aspect,NEPTUNE,MARS,,,0,,トランジット海王星が出生図の火星と重なり、高潔な理想や人道的な使命のために情熱を注ぎ込める時期です。芸術や精神世界、福祉活動でインスピレーションを形にしましょう。,70,1
transit_natal_aspect,NEPTUNE,MARS,,,90,,トランジット海王星が出生図の火星とスクエアを形成し、エネルギーの消耗やモチベーションの低下を感じやすい時期です。無理な前進を控え、十分な休息と自己治癒に専念しましょう。,90,1
transit_natal_aspect,NEPTUNE,MARS,,,180,,トランジット海王星が出生図の火星と向かい合い、他者の思惑に振り回されたり行動の目的を見失いやすい時期です。曖昧な勝負は避け、誠実で明確な意図を持って行動しましょう。,80,1
transit_natal_aspect,NEPTUNE,JUPITER,,,0,,トランジット海王星が出生図の木星と重なり、精神的な至福感と崇高な哲学・博愛の精神が大きく広がる時期です。慈悲深い心で世界とつながり、魂の豊かさを実感しましょう。,70,1
transit_natal_aspect,NEPTUNE,JUPITER,,,90,,トランジット海王星が出生図の木星とスクエアを形成し、過大な妄想や甘い投資話に騙されやすい時期です。浮ついた楽観主義を戒め、地に足の着いた判断を徹底しましょう。,90,1
transit_natal_aspect,NEPTUNE,JUPITER,,,180,,トランジット海王星が出生図の木星と向かい合い、理想主義が行き過ぎて現実的な境界を見失いやすい時期です。自らの信念を客観的に見つめ直し、現実的な善行に活かしましょう。,80,1
transit_natal_aspect,NEPTUNE,SATURN,,,0,,トランジット海王星が出生図の土星と重なり、夢や霊的ビジョンを現実の確固たる構造として具現化できる時期です。崇高な理想を諦めず、地道な努力で形に落とし込みましょう。,70,1
transit_natal_aspect,NEPTUNE,SATURN,,,90,,トランジット海王星が出生図の土星とスクエアを形成し、現実の厳しさに直面して自信を失いやすい時期です。不安や幻想に怯えず、目の前のできることに集中して精神を鍛えましょう。,90,1
transit_natal_aspect,NEPTUNE,SATURN,,,180,,トランジット海王星が出生図の土星と向かい合い、固執していた現実のルールと精神的な解放の間で揺れる時期です。柔軟性を受け入れ、より優しい生き方へと価値観を広げましょう。,80,1
transit_natal_aspect,NEPTUNE,URANUS,,,0,,トランジット海王星が出生図の天王星と重なり、時代を先取るスピリチュアルな直感と独創的な閃きが融合する時期です。高次のインスピレーションを世界へ発信しましょう。,70,1
transit_natal_aspect,NEPTUNE,URANUS,,,90,,トランジット海王星が出生図の天王星とスクエアを形成し、先鋭的な思想や精神世界への没頭で現実離れしやすい時期です。冷静な分別を保ち、日常との調和を意識しましょう。,90,1
transit_natal_aspect,NEPTUNE,URANUS,,,180,,トランジット海王星が出生図の天王星と向かい合い、自由への渇望と精神的な神秘主義の間で刺激を受ける時期です。固定観念を脱ぎ捨て、心を開いて新しい真理を探求しましょう。,80,1
transit_natal_aspect,NEPTUNE,NEPTUNE,,,0,,トランジット海王星が出生図の海王星と重なるネプチューン・リターン（約165年に一度の究極の霊的統合）です。魂の純粋な故郷と再び深く結ばれる神聖な節目です。,70,1
transit_natal_aspect,NEPTUNE,NEPTUNE,,,90,,トランジット海王星が出生図の海王星とスクエアを形成し、約40歳前後に訪れる「中年の危機」の霊的プロセスです。古い幻想を手放し、魂が真に求める真実の愛と生き方に目覚めましょう。,90,1
transit_natal_aspect,NEPTUNE,NEPTUNE,,,180,,トランジット海王星が出生図の海王星と向かい合う約82歳前後の崇高な精神的完成期です。地上の執着を完全に手放し、大いなる調和と平穏の境地を受け入れましょう。,80,1
transit_natal_aspect,NEPTUNE,PLUTO,,,0,,トランジット海王星が出生図の冥王星と重なり、潜在意識の最深部が浄化され強力な霊的変容を遂げる時期です。深い恐れを手放し、神聖な再生の力を宿しましょう。,70,1
transit_natal_aspect,NEPTUNE,PLUTO,,,90,,トランジット海王星が出生図の冥王星とスクエアを形成し、無意識の葛藤や不可避な時代の波に巻き込まれやすい時期です。自己執着を捨て、大いなる流れに身を委ねましょう。,90,1
transit_natal_aspect,NEPTUNE,PLUTO,,,180,,トランジット海王星が出生図の冥王星と向かい合い、魂の奥底に眠るカルマの解消と精神の根本的変容を迎える時期です。真の愛に目覚め、新たな霊的ステージへ進みましょう。,80,1
transit_natal_aspect,NEPTUNE,ASC,,,0,,トランジット海王星が出生図のASCと重なり、神秘的なオーラと繊細な共感力が前面に現れる大転換期です。直感を信じ、人々を優しく癒やす存在として自らを表現しましょう。,70,1
transit_natal_aspect,NEPTUNE,ASC,,,90,,トランジット海王星が出生図のASCとスクエアを形成し、自分の輪郭や目標がぼやけやすく他者に振り回されやすい時期です。自分を見失わず、静かに心を休める時間を大切にしましょう。,90,1
transit_natal_aspect,NEPTUNE,ASC,,,180,,トランジット海王星が出生図のASC（DSC）と向かい合い、運命的な魂の出会いや対人関係での強い共感が生まれる時期です。相手を過度に美化せず、誠実な愛と思いやりで絆を育みましょう。,80,1
transit_natal_aspect,NEPTUNE,MC,,,0,,トランジット海王星が出生図のMCと重なり、自らの夢や芸術性、スピリチュアルな理想を天職として社会に還元する時期です。損得を超えた崇高な使命を追い求めましょう。,70,1
transit_natal_aspect,NEPTUNE,MC,,,90,,トランジット海王星が出生図のMCとスクエアを形成し、キャリアの方向性に迷いや不透明感が生じやすい時期です。目先の成功に焦らず、自らの本心と理想をじっくり見つめ直しましょう。,90,1
transit_natal_aspect,NEPTUNE,MC,,,180,,トランジット海王星が出生図のMC（IC）と向かい合い、家庭環境や心の奥底に癒やしと浄化がもたらされる時期です。住まいをリラックスできる聖域へと整え、家族を愛で包みましょう。,80,1
transit_natal_aspect,PLUTO,SUN,,,0,,トランジット冥王星が出生図の太陽と重なり、人生の根本的な破壊と完全な再生を経験する究極の転換期です。古い自我を焼き尽くし、真の力強いリーダーとして生まれ変わりましょう。,70,1
transit_natal_aspect,PLUTO,SUN,,,90,,トランジット冥王星が出生図の太陽とスクエアを形成し、人生の大きな危機や権力闘争・極限の試練に直面する時期です。意地や執着を手放し、不屈の精神で根本的な自己改革を断行しましょう。,90,1
transit_natal_aspect,PLUTO,SUN,,,180,,トランジット冥王星が出生図の太陽と向かい合い、強力な他者や運命的な力によって生き方の抜本的変革を迫られる時期です。恐れずに自らの限界を突破し、真の実力を確立しましょう。,80,1
transit_natal_aspect,PLUTO,MOON,,,0,,トランジット冥王星が出生図の月と重なり、感情の深淵と向き合い魂レベルの心理的再生を果たす時期です。過去のトラウマを完全に浄化し、精神的な強靭さを手に入れましょう。,70,1
transit_natal_aspect,PLUTO,MOON,,,90,,トランジット冥王星が出生図の月とスクエアを形成し、激しい感情の乱高下や家庭・私生活の根本的変容に直面する時期です。支配欲や執着を手放し、心の平安を取り戻しましょう。,90,1
transit_natal_aspect,PLUTO,MOON,,,180,,トランジット冥王星が出生図の月と向かい合い、近しい人間関係で感情の激突や心理的な葛藤を経験しやすい時期です。本音で向き合い、嘘のない強固な絆へ再構築しましょう。,80,1
transit_natal_aspect,PLUTO,MERCURY,,,0,,トランジット冥王星が出生図の水星と重なり、物事の真相を暴く圧倒的な洞察力と強烈な説得力が宿る時期です。徹底的な研究や専門知識の探求で並外れた成果を収めましょう。,70,1
transit_natal_aspect,PLUTO,MERCURY,,,90,,トランジット冥王星が出生図の水星とスクエアを形成し、強迫的な思考や言葉のトラブル・神経の過緊張に注意が必要な時期です。柔軟な思考を保ち、寛容なコミュニケーションを心がけましょう。,90,1
transit_natal_aspect,PLUTO,MERCURY,,,180,,トランジット冥王星が出生図の水星と向かい合い、他者との激しい議論や知的なプレッシャーに直面する時期です。力でねじ伏せようとせず、事実に基づいた誠実な対話で打開しましょう。,80,1
transit_natal_aspect,PLUTO,VENUS,,,0,,トランジット冥王星が出生図の金星と重なり、魂を奪われるような運命の愛や劇的な魅力の開花を体験する時期です。深層心理の情熱を受け入れ、本質的な美と絆を追求しましょう。,70,1
transit_natal_aspect,PLUTO,VENUS,,,90,,トランジット冥王星が出生図の金星とスクエアを形成し、強烈な嫉妬心や金銭トラブル・愛情の危機が生じやすい時期です。独占欲を手放し、自立した健全な愛情関係を築きましょう。,90,1
transit_natal_aspect,PLUTO,VENUS,,,180,,トランジット冥王星が出生図の金星と向かい合い、人間関係や恋愛において徹底的な見直しと再生が求められる時期です。表面的な取り繕いをやめ、真の価値ある絆を再構築しましょう。,80,1
transit_natal_aspect,PLUTO,MARS,,,0,,トランジット冥王星が出生図の火星と重なり、超人的なスタミナと不屈の突破力が宿る最強の変革期です。どんな過酷な障害も粉砕し、前人未到の偉業を成し遂げましょう。,70,1
transit_natal_aspect,PLUTO,MARS,,,90,,トランジット冥王星が出生図の火星とスクエアを形成し、激しい怒りや権力争い・事故に厳重警戒が必要な激動期です。破壊的な衝動を抑え、全力を建設的な大目標へ注ぎ込みましょう。,90,1
transit_natal_aspect,PLUTO,MARS,,,180,,トランジット冥王星が出生図の火星と向かい合い、外部からの強大な圧力や強力な敵と真っ向勝負する時期です。無謀な激突を避け、戦略的な知恵と忍耐で勝利を掴みましょう。,80,1
transit_natal_aspect,PLUTO,JUPITER,,,0,,トランジット冥王星が出生図の木星と重なり、莫大な富と社会的成功・権力を手にする「ミリオネア・アスペクト」の時期です。大きな野心を持って勝負に挑み、時代を動かしましょう。,70,1
transit_natal_aspect,PLUTO,JUPITER,,,90,,トランジット冥王星が出生図の木星とスクエアを形成し、傲慢な態度や行き過ぎた拡大で手痛い打撃を受けやすい時期です。法や倫理を遵守し、誠実な姿勢で大業を成し遂げましょう。,90,1
transit_natal_aspect,PLUTO,JUPITER,,,180,,トランジット冥王星が出生図の木星と向かい合い、自らの信念や社会的な野心が根本から試される時期です。私利私欲を捨て、社会全体の繁栄につながる大義を掲げましょう。,80,1
transit_natal_aspect,PLUTO,SATURN,,,0,,トランジット冥王星が出生図の土星と重なり、古い社会構造や人生の土台を徹底的に解体・再構築する歴史的な大転換期です。不屈の覚悟を持ち、永続する強固な城を築きましょう。,70,1
transit_natal_aspect,PLUTO,SATURN,,,90,,トランジット冥王星が出生図の土星とスクエアを形成し、逃れられない厳しい試練や重圧に直面する正念場です。焦らず耐え抜き、無駄な執着を削ぎ落として真の強さを手に入れましょう。,90,1
transit_natal_aspect,PLUTO,SATURN,,,180,,トランジット冥王星が出生図の土星と向かい合い、自らの責任や限界と極限状態で対峙する時期です。過去の古いやり方を潔く捨て去り、新しい時代の仕組みへと移行しましょう。,80,1
transit_natal_aspect,PLUTO,URANUS,,,0,,トランジット冥王星が出生図の天王星と重なり、時代を根底から塗り替える大革命のエネルギーが宿る時期です。恐れずに古い因習を打ち破り、未知の未来を切り拓きましょう。,70,1
transit_natal_aspect,PLUTO,URANUS,,,90,,トランジット冥王星が出生図の天王星とスクエアを形成し、突発的な社会変動や激動の波に巻き込まれやすい時期です。変化を恐れず柔軟に適応し、自らの道を切り拓きましょう。,90,1
transit_natal_aspect,PLUTO,URANUS,,,180,,トランジット冥王星が出生図の天王星と向かい合い、自らの自由と変革への情熱が強大な力によって試される時期です。恐れずに時代を切り拓く先駆者となりましょう。,80,1
transit_natal_aspect,PLUTO,NEPTUNE,,,0,,トランジット冥王星が出生図の海王星と重なり、深層心理の霊的再生と崇高な使命感が強力に覚醒する時期です。魂の奥底からのインスピレーションに従いましょう。,70,1
transit_natal_aspect,PLUTO,NEPTUNE,,,90,,トランジット冥王星が出生図の海王星とスクエアを形成し、古い幻想や精神的依存が根本から打ち砕かれる時期です。真実の精神性に目覚め、魂の自立を果たしましょう。,90,1
transit_natal_aspect,PLUTO,NEPTUNE,,,180,,トランジット冥王星が出生図の海王星と向かい合い、理想と現実の極限的なせめぎ合いを経験する時期です。執着を手放し、大いなる慈愛と真の信仰心を養いましょう。,80,1
transit_natal_aspect,PLUTO,PLUTO,,,0,,トランジット冥王星が出生図の冥王星と重なるプルート・リターン（約248年に一度の究極の輪廻と再生）です。魂の根源的な力と再び完全に一体化する神聖な節目です。,70,1
transit_natal_aspect,PLUTO,PLUTO,,,90,,トランジット冥王星が出生図の冥王星とスクエアを形成する約36〜40歳前後の「中年の危機」の核心期です。古い生き方を完全に脱皮し、真の力強い自分へと生まれ変わりましょう。,90,1
transit_natal_aspect,PLUTO,PLUTO,,,180,,トランジット冥王星が出生図の冥王星と向かい合う約124歳の魂の究極の解放期です。現世のカルマを完全に超越した神聖な境地を体験します。,80,1
transit_natal_aspect,PLUTO,ASC,,,0,,トランジット冥王星が出生図のASCと重なり、人生とパーソナリティを根底から塗り替える約248年に一度の劇的変容期です。圧倒的なカリスマ性を発揮し、力強く前進しましょう。,70,1
transit_natal_aspect,PLUTO,ASC,,,90,,トランジット冥王星が出生図のASCとスクエアを形成し、過酷な環境変化や対人関係の極限の試練に直面する時期です。意地を捨て、根本的な自己改革を受け入れましょう。,90,1
transit_natal_aspect,PLUTO,ASC,,,180,,トランジット冥王星が出生図のASC（DSC）と向かい合い、人生観を一変させる運命的な他者や強力なパートナーと対峙する時期です。魂レベルの深い絆を築きましょう。,80,1
transit_natal_aspect,PLUTO,MC,,,0,,トランジット冥王星が出生図のMCと重なり、キャリアや社会的立場において頂点を極め絶大な権力を握る好機です。強い覚悟を持ち、社会に巨大な足跡を残しましょう。,70,1
transit_natal_aspect,PLUTO,MC,,,90,,トランジット冥王星が出生図のMCとスクエアを形成し、職務上の不可避な激変や地位・方針の抜本的見直しを迫られる時期です。執着を捨て、新しい使命へと舵を切りましょう。,90,1
transit_natal_aspect,PLUTO,MC,,,180,,トランジット冥王星が出生図のMC（IC）と向かい合い、家庭環境や心の奥底のルーツに根本的な浄化と再生がもたらされる時期です。揺るぎない生活基盤を再構築しましょう。,80,1
new_moon,SUN,,,牡羊座,,,牡羊座の新月は、勇気ある第一歩を踏み出し、情熱的な挑戦の種を蒔く絶好のスタート期です。直感を信じ、新たな目標を力強く宣言しましょう。,10,1
full_moon,MOON,,,牡羊座,,,牡羊座の満月は、自ら切り拓いてきた挑戦が実を結び、成果と自己成長を実感する達成期です。勇気を持って歩んできた自分を称えましょう。,10,1
new_moon,SUN,,,牡牛座,,,牡牛座の新月は、心地よい豊かさや安定した経済基盤を育むための意図を立てる好機です。五感を研ぎ澄まし、確かな価値を積み上げましょう。,10,1
full_moon,MOON,,,牡牛座,,,牡牛座の満月は、地道に築いてきた努力や豊かさが形となって実る収穫のタイミングです。物質的・精神的な恵みに感謝を捧げましょう。,10,1
new_moon,SUN,,,双子座,,,双子座の新月は、新しい学びや情報発信、知的なネットワークをスタートさせる最適な時期です。知的好奇心を解き放ち、軽やかに行動しましょう。,10,1
full_moon,MOON,,,双子座,,,双子座の満月は、これまでの情報収集やコミュニケーションが実を結び、明確な答えを得られる結実期です。得られた知見を周囲と共有しましょう。,10,1
new_moon,SUN,,,蟹座,,,蟹座の新月は、心温まる居場所や家族との絆、安心できる基盤を整えるための誓いを立てる時期です。素直な感情を大切にし、愛を育みましょう。,10,1
full_moon,MOON,,,蟹座,,,蟹座の満月は、身近な人との愛情や私生活での育みが満ち足りた形で実を結ぶ感謝の節目です。安心できる居場所と仲間に感謝を伝えましょう。,10,1
new_moon,SUN,,,獅子座,,,獅子座の新月は、唯一無二の自己表現やクリエイティブな挑戦に情熱の火を灯すスタート期です。堂々と主役になり、ワクワクする夢を宣言しましょう。,10,1
full_moon,MOON,,,獅子座,,,獅子座の満月は、自らの才能や情熱を注いだ作品・活動がスポットライトを浴びる栄光のタイミングです。輝く自信を胸に喜びを分かち合いましょう。,10,1
new_moon,SUN,,,乙女座,,,乙女座の新月は、生活習慣の改善や業務効率化、心身のデトックスを始めるのに最適な整理の時期です。細部に心を配り、丁寧な日常を整えましょう。,10,1
full_moon,MOON,,,乙女座,,,乙女座の満月は、地道な調整や実務的な取り組みが完成を迎え、大きな実りをもたらす節目です。整った環境と日々の健康に感謝しましょう。,10,1
new_moon,SUN,,,天秤座,,,天秤座の新月は、美しい調和や対等なパートナーシップ、洗練された人間関係をスタートさせる絶好の機会です。相手への思いやりを持って新たな関係を築きましょう。,10,1
full_moon,MOON,,,天秤座,,,天秤座の満月は、これまでの対人関係や交渉、バランス調整が実を結び、調和的な成果をもたらす節目です。大切なパートナーや周囲との絆に感謝しましょう。,10,1
new_moon,SUN,,,蠍座,,,蠍座の新月は、魂レベルの深い結びつきや根本的な自己変容への誓いを立てる時期です。表面的なこだわりを捨て、真実の絆や情熱に身を委ねましょう。,10,1
full_moon,MOON,,,蠍座,,,蠍座の満月は、深く追求してきた探求や情熱的な絆がクライマックスを迎え、強力な変容を実感する達成期です。不要な執着を手放し、感謝と共に生まれ変わりましょう。,10,1
new_moon,SUN,,,射手座,,,射手座の新月は、高い理想や未知の世界への冒険、精神的な探求をスタートさせる好機です。限界を設けず、遠大なビジョンを描いて新たな旅へ出航しましょう。,10,1
full_moon,MOON,,,射手座,,,射手座の満月は、これまでの探求や挑戦が実を結び、広い視野と人生の智慧を獲得する達成期です。得られた成長を胸に、さらなる可能性へ感謝を捧げましょう。,10,1
new_moon,SUN,,,山羊座,,,山羊座の新月は、長期的なキャリアの目標や社会的な野心、揺るぎない土台を築くための決意を固める好機です。現実的な計画を立て、着実な一歩を踏み出しましょう。,10,1
full_moon,MOON,,,山羊座,,,山羊座の満月は、地道に積み重ねてきた努力や責任ある取り組みが社会的な成果として実る収穫の節目です。自らの実績を誇り、支えてくれた人々に感謝しましょう。,10,1
new_moon,SUN,,,水瓶座,,,水瓶座の新月は、未来への革新的なビジョンや自由な仲間とのネットワークを広げるスタート期です。常識の枠を超え、理想の世界へ向けた独創的な誓いを立てましょう。,10,1
full_moon,MOON,,,水瓶座,,,水瓶座の満月は、個性的な挑戦やチームでの改革活動が大きな実を結び、新しい時代の風を感じる達成期です。自由と友情の喜びに感謝を捧げましょう。,10,1
new_moon,SUN,,,魚座,,,魚座の新月は、過去の傷を癒やし、すべてを許して愛とインスピレーションを受け取る神聖な浄化の時期です。直感を信じ、大いなる調和の中で祈りを捧げましょう。,10,1
full_moon,MOON,,,魚座,,,魚座の満月は、霊的な成長や芸術的な実り、深い慈愛が心いっぱいに満ちる至福の節目です。これまでの旅路のすべてを優しく受け止め、感謝と共に手放しましょう。,10,1
retrograde_start,MERCURY,,,牡羊座,,,水星が牡羊座で逆行を開始します。衝動的な発言や早とちりによるトラブルに注意し、自分の考えや行動計画を慎重に見直す充電期間にしましょう。,10,1
direct_start,MERCURY,,,牡羊座,,,水星が牡羊座で順行に戻ります。思考がクリアになり、停滞していた連絡や計画がスピーディに動き出します。自信を持って前進しましょう。,10,1
retrograde_start,MERCURY,,,牡牛座,,,水星が牡牛座で逆行を開始します。金銭管理や契約内容、スケジュールに遅れが生じやすい時期です。焦らず丁寧に見直し、着実なペースを守りましょう。,10,1
direct_start,MERCURY,,,牡牛座,,,水星が牡牛座で順行に戻ります。滞っていた金銭面の手続きや実務のやり取りがスムーズに再開します。地に足の着いた計画を実行へ移しましょう。,10,1
retrograde_start,MERCURY,,,双子座,,,水星がホームグラウンドの双子座で逆行を開始します。情報の錯綜や通信・交通の乱れに注意が必要です。過去の学びの復習や連絡の再確認に充てましょう。,10,1
direct_start,MERCURY,,,双子座,,,水星が双子座で順行に戻ります。情報伝達やコミュニケーションの混乱が収束し、知的な活動が再び活性化します。軽快に対話を楽しみましょう。,10,1
retrograde_start,MERCURY,,,蟹座,,,水星が蟹座で逆行を開始します。感情的になりやすく、身近な人との意思疎通で誤解が生じやすい時期です。初心に戻り、優しい対話を心がけましょう。,10,1
direct_start,MERCURY,,,蟹座,,,水星が蟹座で順行に戻ります。家族や親しい仲間とのコミュニケーションの行き違いが解消し、温かい対話がスムーズに進み始めます。,10,1
retrograde_start,MERCURY,,,獅子座,,,水星が獅子座で逆行を開始します。自己主張の過剰やプライドによるすれ違いに注意したい時期です。自らの表現方法を客観的に見直してみましょう。,10,1
direct_start,MERCURY,,,獅子座,,,水星が獅子座で順行に戻ります。クリエイティブな企画や自己アピールが生き生きと通りやすくなります。堂々と自分のメッセージを発信しましょう。,10,1
retrograde_start,MERCURY,,,乙女座,,,水星が本来の座である乙女座で逆行を開始します。細部へのこだわりすぎや事務作業のミスに注意が必要です。仕事の手順や健康管理を丁寧に点検しましょう。,10,1
direct_start,MERCURY,,,乙女座,,,水星が乙女座で順行に戻ります。実務上の混乱やスケジュールの遅延が解消し、緻密な作業や調整が驚くほど順調に進み出します。,10,1
retrograde_start,MERCURY,,,天秤座,,,水星が天秤座で逆行を開始します。優柔不断になりやすく、対人関係の交渉や契約で意見の食い違いが生じやすい時期です。条件の丁寧な再確認を行いましょう。,10,1
direct_start,MERCURY,,,天秤座,,,水星が天秤座で順行に戻ります。対人関係の交渉や合意形成がスムーズになり、調和の取れたコミュニケーションが復活します。,10,1
retrograde_start,MERCURY,,,蠍座,,,水星が蠍座で逆行を開始します。疑心暗鬼や言葉の裏の読みすぎに注意したい時期です。表面的な情報に惑わされず、本質をじっくり洞察しましょう。,10,1
direct_start,MERCURY,,,蠍座,,,水星が蠍座で順行に戻ります。深い洞察力と調査能力が冴え渡り、複雑な問題の真相究明や腹を割った対話が進展します。,10,1
retrograde_start,MERCURY,,,射手座,,,水星が射手座で逆行を開始します。大風呂敷を広げすぎたり細部の確認不足によるミスに注意が必要です。旅行や学習の計画を丁寧に再点検しましょう。,10,1
direct_start,MERCURY,,,射手座,,,水星が射手座で順行に戻ります。視野が大きく広がり、長期的ビジョンや学び・出版・海外関連のコミュニケーションが快調に進み出します。,10,1
retrograde_start,MERCURY,,,山羊座,,,水星が山羊座で逆行を開始します。仕事上の手続きやスケジュールに遅れが出やすい時期です。焦らず既存の計画や規律をしっかりと見直しましょう。,10,1
direct_start,MERCURY,,,山羊座,,,水星が山羊座で順行に戻ります。ビジネスの商談や実務的な意思決定が確実性を帯びて前進します。着実に成果を積み上げましょう。,10,1
retrograde_start,MERCURY,,,水瓶座,,,水星が水瓶座で逆行を開始します。IT機器の不具合やネットワークの行き違いに注意が必要です。独創的なアイデアのブラッシュアップに充てましょう。,10,1
direct_start,MERCURY,,,水瓶座,,,水星が水瓶座で順行に戻ります。画期的なアイデアやデジタル関連の企画、仲間との連携がスムーズに加速します。未来志向で発信しましょう。,10,1
retrograde_start,MERCURY,,,魚座,,,水星が魚座で逆行を開始します。思考の曖昧さや連絡のすれ違いが生じやすい時期です。直感を大切にしつつも、重要な約束事は文章で残しましょう。,10,1
direct_start,MERCURY,,,魚座,,,水星が魚座で順行に戻ります。豊かな感受性とインスピレーションが言葉に宿り、心に響くアート表現や優しい対話が花開きます。,10,1
retrograde_start,VENUS,,,牡羊座,,,金星が牡羊座で逆行を開始します。恋愛や買い物での衝動的な行動・衝突に注意が必要です。自らの純粋な欲望と情熱のあり方を見つめ直しましょう。,10,1
direct_start,VENUS,,,牡羊座,,,金星が牡羊座で順行に戻ります。愛情面や魅力の表現において素直さと自信を取り戻し、情熱的な人間関係が活発に動き出します。,10,1
retrograde_start,VENUS,,,牡牛座,,,金星が本来の座である牡牛座で逆行を開始します。金銭感覚や物質的な豊かさ、美意識の再評価を行う時期です。無駄遣いを控え、本物の価値を見極めましょう。,10,1
direct_start,VENUS,,,牡牛座,,,金星が牡牛座で順行に戻ります。金運や愛情運が安定を取り戻し、心地よい五感の喜びや豊かな実りを存分に味わえるようになります。,10,1
retrograde_start,VENUS,,,双子座,,,金星が双子座で逆行を開始します。気まぐれな言動や八方美人による誤解に注意したい時期です。過去の友人との再会や楽しい趣味の復習に幸運があります。,10,1
direct_start,VENUS,,,双子座,,,金星が双子座で順行に戻ります。会話の弾む軽やかなコミュニケーションや楽しい交流が活発化し、恋愛や社交に爽やかな風が吹きます。,10,1
retrograde_start,VENUS,,,蟹座,,,金星が蟹座で逆行を開始します。感情的な甘えや身近な人への過度な依存に気をつけたい時期です。家族やパートナーへの真の愛と思いやりを再確認しましょう。,10,1
direct_start,VENUS,,,蟹座,,,金星が蟹座で順行に戻ります。身近な人たちとの温かい愛と絆が深まり、家庭や親しいコミュニティに安心と幸福感が満ち溢れます。,10,1
retrograde_start,VENUS,,,獅子座,,,金星が獅子座で逆行を開始します。自己顕示欲やプライドのぶつかり合いに注意したい時期です。見栄を捨て、心から純粋に楽しめる喜びを再発見しましょう。,10,1
direct_start,VENUS,,,獅子座,,,金星が獅子座で順行に戻ります。華やかな魅力とクリエイティブな輝きが全開になり、ドラマチックな恋愛や自己表現で脚光を浴びる時期です。,10,1
retrograde_start,VENUS,,,乙女座,,,金星が乙女座で逆行を開始します。相手の欠点ばかりが気になったり批判的になりやすい時期です。完璧を求めすぎず、日常の小さな優しさに目を向けましょう。,10,1
direct_start,VENUS,,,乙女座,,,金星が乙女座で順行に戻ります。控えめながらも誠実な愛情表現が実を結び、丁寧で心地よい人間関係や日々の楽しみが整います。,10,1
retrograde_start,VENUS,,,天秤座,,,金星が本来の座である天秤座で逆行を開始します。人間関係のバランスや契約・パートナーシップを根本から見直す時期です。対等で誠実な調和を求めましょう。,10,1
direct_start,VENUS,,,天秤座,,,金星が天秤座で順行に戻ります。社交運と魅力が最高潮に達し、美しく洗練された人間関係や素晴らしい出会いに恵まれる幸運期です。,10,1
retrograde_start,VENUS,,,蠍座,,,金星が蠍座で逆行を開始します。嫉妬心や執着、秘密の恋のトラブルに注意が必要な時期です。表面的な欲望を手放し、魂レベルの純粋な愛を再確認しましょう。,10,1
direct_start,VENUS,,,蠍座,,,金星が蠍座で順行に戻ります。深い絆と情熱がよみがえり、本音で結ばれた揺るぎない愛情関係や金銭的な再生が進展します。,10,1
retrograde_start,VENUS,,,射手座,,,金星が射手座で逆行を開始します。恋愛や支出においてルーズになりやすい時期です。自由奔放になりすぎず、相手への誠意と長期的な価値観を見直しましょう。,10,1
direct_start,VENUS,,,射手座,,,金星が射手座で順行に戻ります。開放的でワクワクする恋愛運や社交運が再燃し、共通の理想や旅・学びを通じた楽しい交流が広がります。,10,1
retrograde_start,VENUS,,,山羊座,,,金星が山羊座で逆行を開始します。愛情面で感情を抑え込みすぎたり打算的になりやすい時期です。形式にとらわれず、心の通った温かい信頼関係を再構築しましょう。,10,1
direct_start,VENUS,,,山羊座,,,金星が山羊座で順行に戻ります。誠実で安定したパートナーシップや堅実な財政基盤が整い、長期的な安心感を得られるようになります。,10,1
retrograde_start,VENUS,,,水瓶座,,,金星が水瓶座で逆行を開始します。人間関係での過度なドライさや風変わりな言動によるすれ違いに注意したい時期です。友情と愛情のバランスを丁寧に見直しましょう。,10,1
direct_start,VENUS,,,水瓶座,,,金星が水瓶座で順行に戻ります。自由で対等な仲間との友情や個性的な魅力が輝き、未来志向の爽やかな人間関係が広がります。,10,1
retrograde_start,VENUS,,,魚座,,,金星が高揚の座である魚座で逆行を開始します。自己犠牲的な恋愛や甘い幻想に流されやすい時期です。健全な境界線を意識し、自他への純粋な慈愛を大切にしましょう。,10,1
direct_start,VENUS,,,魚座,,,金星が魚座で順行に戻ります。無条件の愛と芸術的な美意識が最高潮に達し、優しさに満ちた至福の調和と癒やしがもたらされます。,10,1
retrograde_start,MARS,,,牡羊座,,,火星が本来の座である牡羊座で逆行を開始します。焦りやイライラ、衝動的な行動による衝突に厳重注意が必要です。怒りのエネルギーを内省と自己鍛錬に向けましょう。,10,1
direct_start,MARS,,,牡羊座,,,火星が牡羊座で順行に戻ります。本来の圧倒的な突破力と情熱が復活し、停滞していた挑戦や勝負事が一気に前進し始めます。,10,1
retrograde_start,MARS,,,牡牛座,,,火星が牡牛座で逆行を開始します。頑固さによる対立やペースの乱れによるフラストレーションを感じやすい時期です。焦らず体調と資源を整えましょう。,10,1
direct_start,MARS,,,牡牛座,,,火星が牡牛座で順行に戻ります。粘り強い持続力と実行力が戻り、目に見える確かな成果に向けて着実に行動できるようになります。,10,1
retrograde_start,MARS,,,双子座,,,火星が双子座で逆行を開始します。言葉の刃や議論での摩擦、集中力の散漫に注意したい時期です。多忙なスケジュールを整理し、優先順位を明確にしましょう。,10,1
direct_start,MARS,,,双子座,,,火星が双子座で順行に戻ります。知的好奇心と機動力が見事に噛み合い、情報発信や交渉、学習がスピーディかつ軽快に進みます。,10,1
retrograde_start,MARS,,,蟹座,,,火星が蟹座で逆行を開始します。感情的な爆発や家庭内での不満の鬱積に気をつけたい時期です。無理に戦おうとせず、心と体を休めて安心できる居場所を整えましょう。,10,1
direct_start,MARS,,,蟹座,,,火星が蟹座で順行に戻ります。大切な人を守るための温かい行動力と保護本能がポジティブに働き、家庭やチームのために力強く動けます。,10,1
retrograde_start,MARS,,,獅子座,,,火星が獅子座で逆行を開始します。自己主張の押し付けやプライドのぶつかり合いに注意が必要です。真の自信を内に秘め、誇り高い自己表現を磨きましょう。,10,1
direct_start,MARS,,,獅子座,,,火星が獅子座で順行に戻ります。ドラマチックな情熱とリーダーシップが堂々と発揮され、クリエイティブな活動や自己表現で輝かしい成果を収められます。,10,1
retrograde_start,MARS,,,乙女座,,,火星が乙女座で逆行を開始します。完璧主義による苛立ちや過労・批判的な態度に注意したい時期です。作業手順を効率化し、心身のメンテナンスを優先しましょう。,10,1
direct_start,MARS,,,乙女座,,,火星が乙女座で順行に戻ります。緻密な作業効率と実務遂行能力が抜群に冴え渡り、細かな課題や業務改善が驚くほどスムーズに片付きます。,10,1
retrograde_start,MARS,,,天秤座,,,火星が天秤座で逆行を開始します。対人関係での優柔不断や受動攻撃的な態度に気をつけたい時期です。対立を恐れず、フェアで建設的な交渉姿勢を再確認しましょう。,10,1
direct_start,MARS,,,天秤座,,,火星が天秤座で順行に戻ります。スマートで洗練された社交性と交渉力が復活し、周囲と協調しながら自らの意図を上手に通せるようになります。,10,1
retrograde_start,MARS,,,蠍座,,,火星が本来の座である蠍座で逆行を開始します。抑圧された怒りや復讐心、執着による摩擦に注意が必要です。深い情熱を自己変革への強靭なエネルギーへ昇華させましょう。,10,1
direct_start,MARS,,,蠍座,,,火星が蠍座で順行に戻ります。底知れぬ集中力と鋼の意志が復活し、難攻不落の目標や根本的な課題に正面から挑んで打ち破ることができます。,10,1
retrograde_start,MARS,,,射手座,,,火星が射手座で逆行を開始します。無謀な挑戦や独善的な正義感の暴走に注意したい時期です。高い目標へのルートを冷静に再点検し、準備を整えましょう。,10,1
direct_start,MARS,,,射手座,,,火星が射手座で順行に戻ります。冒険心とダイナミックな行動力が蘇り、未知の世界への挑戦や遠大なプロジェクトが一気に加速します。,10,1
retrograde_start,MARS,,,山羊座,,,火星が高揚の座である山羊座で逆行を開始します。野心の空回りや過度なプレッシャーによる消耗に気をつけたい時期です。長期的な戦略と手順を再構築しましょう。,10,1
direct_start,MARS,,,山羊座,,,火星が山羊座で順行に戻ります。最高峰の遂行能力と不屈の実行力が発揮され、社会的成功や確固たる成果に向けて力強く邁進できます。,10,1
retrograde_start,MARS,,,水瓶座,,,火星が水瓶座で逆行を開始します。突飛な行動やチーム内の反発・孤立に注意が必要な時期です。変革の情熱を仲間と共有し、建設的な改革を目指しましょう。,10,1
direct_start,MARS,,,水瓶座,,,火星が水瓶座で順行に戻ります。革新的なアイデアを具現化する行動力とチームの団結力が高まり、未来に向けた改革がスピーディに進みます。,10,1
retrograde_start,MARS,,,魚座,,,火星が魚座で逆行を開始します。エネルギーの散漫や無力感、現実逃避に陥りやすい時期です。無理な勝負を避け、芸術や奉仕活動を通じて心を癒やしましょう。,10,1
direct_start,MARS,,,魚座,,,火星が魚座で順行に戻ります。優しい共感と思いやりが行動力に宿り、人々のために献身的に動くことで大きな感動と調和を生み出せます。,10,1
retrograde_start,JUPITER,,,牡羊座,,,木星が牡羊座で逆行を開始します。無計画な拡大路線や前のめりな焦りを抑え、自らの純粋な志とビジョンの質をじっくり高める内省期に入ります。,10,1
direct_start,JUPITER,,,牡羊座,,,木星が牡羊座で順行に戻ります。新たなステージへの発展と拡大のエネルギーが一気に解放され、力強いスタートダッシュを切ることができます。,10,1
retrograde_start,JUPITER,,,牡牛座,,,木星が牡牛座で逆行を開始します。経済的な見通しの甘さや物質的な過剰を見直す時期です。本当に価値のある資産や才能を丁寧に育みましょう。,10,1
direct_start,JUPITER,,,牡牛座,,,木星が牡牛座で順行に戻ります。経済的な豊かさや事業の拡大、五感を満たす幸運が順調に実を結び始めます。確実な繁栄を築きましょう。,10,1
retrograde_start,JUPITER,,,双子座,,,木星が双子座で逆行を開始します。情報の過多や浅く広い手出しによる混乱を整理する時期です。有益な知識を厳選し、本質的な学びに集中しましょう。,10,1
direct_start,JUPITER,,,双子座,,,木星が双子座で順行に戻ります。知的好奇心とコミュニケーションの輪が大きく広がり、多彩な情報やネットワークを通じて幸運が舞い込みます。,10,1
retrograde_start,JUPITER,,,蟹座,,,木星が高揚の座である蟹座で逆行を開始します。身内びいきや過剰な感情的保護を見直す時期です。心の土台と家族愛のあり方を温かく再確認しましょう。,10,1
direct_start,JUPITER,,,蟹座,,,木星が蟹座で順行に戻ります。家庭や身近なコミュニティに豊かな繁栄と幸福感が満ち溢れ、心温まる支援や絆に恵まれる幸運期です。,10,1
retrograde_start,JUPITER,,,獅子座,,,木星が獅子座で逆行を開始します。傲慢さや自己演出の過剰に気をつけたい時期です。純粋な誇りと喜びを内側に宿し、本物の自信を育てましょう。,10,1
direct_start,JUPITER,,,獅子座,,,木星が獅子座で順行に戻ります。クリエイティブな才能や自己表現が社会から広く称賛され、堂々と主役として輝くチャンスが到来します。,10,1
retrograde_start,JUPITER,,,乙女座,,,木星が乙女座で逆行を開始します。細部への過度な気配りや批判精神を緩める時期です。実務の手順を根本から見直し、より大局的な効率化を図りましょう。,10,1
direct_start,JUPITER,,,乙女座,,,木星が乙女座で順行に戻ります。仕事のスキル向上や業務の改善、健康管理の成果が目に見えて現れ、確実な実力アップを果たせます。,10,1
retrograde_start,JUPITER,,,天秤座,,,木星が天秤座で逆行を開始します。八方美人な態度や契約・対人関係の甘さを見直す時期です。真に公平で互いを高め合える関係性を再構築しましょう。,10,1
direct_start,JUPITER,,,天秤座,,,木星が天秤座で順行に戻ります。良質な人脈の拡大やパートナーシップの発展に強力な追い風が吹き、素晴らしい協力関係が結ばれます。,10,1
retrograde_start,JUPITER,,,蠍座,,,木星が蠍座で逆行を開始します。深い執着や不信感を浄化し、精神的な器を広げる時期です。表層を超えた本質的な真理と向き合いましょう。,10,1
direct_start,JUPITER,,,蠍座,,,木星が蠍座で順行に戻ります。深層心理の変容や共有財産の拡大、専門分野の極意の習得など、計り知れない豊かさと再生の恩恵を受け取れます。,10,1
retrograde_start,JUPITER,,,射手座,,,木星が本来の座である射手座で逆行を開始します。理想の拡大や楽観的な計画を一度立ち止まって検証し、真の智慧と哲学を深める内省期に入ります。,10,1
direct_start,JUPITER,,,射手座,,,木星が射手座で順行に戻ります。最高の拡大運と発展のエネルギーが解き放たれ、未知の世界への挑戦や高等教育・海外との交流で大躍進を果たせます。,10,1
retrograde_start,JUPITER,,,山羊座,,,木星が山羊座で逆行を開始します。社会的な野心や成功のスピードを再評価する時期です。焦って結果を求めず、足元の構造を強固に固め直しましょう。,10,1
direct_start,JUPITER,,,山羊座,,,木星が山羊座で順行に戻ります。地道な努力が大きな社会的信用や具体的な成果として実を結び、確固たる地位と実績を確立できます。,10,1
retrograde_start,JUPITER,,,水瓶座,,,木星が水瓶座で逆行を開始します。理想主義や急進的な改革計画を見直す時期です。仲間との共通理念を再確認し、より現実的な社会貢献の道を模索しましょう。,10,1
direct_start,JUPITER,,,水瓶座,,,木星が水瓶座で順行に戻ります。未来へのビジョンや革新的なネットワークが急速に広がり、自由で自由闊達な仲間と共に新たな時代を切り拓けます。,10,1
retrograde_start,JUPITER,,,魚座,,,木星が本来の座である魚座で逆行を開始します。過度な現実逃避や感傷的な甘えを見つめ直す時期です。内なる霊的直感と純粋な祈りの質を高めましょう。,10,1
direct_start,JUPITER,,,魚座,,,木星が魚座で順行に戻ります。大いなる慈愛とスピリチュアルなインスピレーションが最高潮に達し、人々の心を癒やす崇高な幸運に恵まれます。,10,1
retrograde_start,SATURN,,,牡羊座,,,土星が牡羊座で逆行を開始します。焦りや自己主張の強さを見直し、長期的な自己規律を確立する時期です。基礎体力を養い、着実な土台を固めましょう。,10,1
direct_start,SATURN,,,牡羊座,,,土星が牡羊座で順行に戻ります。試練を乗り越えた真の勇気と自立心が宿り、確固たる責任感を持って新しい挑戦へ堂々と踏み出せます。,10,1
retrograde_start,SATURN,,,牡牛座,,,土星が牡牛座で逆行を開始します。物質的な執着や頑固さを手放し、経済的・身体的な土台を丁寧に点検する時期です。無駄を省き、本質的な実力を蓄えましょう。,10,1
direct_start,SATURN,,,牡牛座,,,土星が牡牛座で順行に戻ります。地道に積み重ねてきた努力が永続的な資産や揺るぎない才能として結実し、安定した繁栄を享受できます。,10,1
retrograde_start,SATURN,,,双子座,,,土星が双子座で逆行を開始します。表面的な知識や曖昧なコミュニケーションを見直す時期です。専門的な知見の体系化や思考の整理に集中しましょう。,10,1
direct_start,SATURN,,,双子座,,,土星が双子座で順行に戻ります。論理的思考と実践的な伝達力が完成し、重要な資格取得や執筆・教育分野で確固たる評価を得られます。,10,1
retrograde_start,SATURN,,,蟹座,,,土星が蟹座で逆行を開始します。感情の未熟さや家庭内の重圧・責任を見つめ直す時期です。内省を通じて真の精神的自立と温かい包容力を育みましょう。,10,1
direct_start,SATURN,,,蟹座,,,土星が蟹座で順行に戻ります。家族や親しい共同体との絆が盤石に固まり、精神的な安心感と責任ある温かな居場所が確立されます。,10,1
retrograde_start,SATURN,,,獅子座,,,土星が獅子座で逆行を開始します。承認欲求や見栄を手放し、本物の自信とリーダーシップを内面に構築する時期です。地道な創作や自己鍛錬に励みましょう。,10,1
direct_start,SATURN,,,獅子座,,,土星が獅子座で順行に戻ります。磨き上げられた真の実力と風格が認められ、揺るぎない威厳を持って舞台の中心で輝くことができます。,10,1
retrograde_start,SATURN,,,乙女座,,,土星が乙女座で逆行を開始します。過度な批判精神や健康不安を見直し、日々のルーティンや実務の仕組みを根本から改善する時期です。,10,1
direct_start,SATURN,,,乙女座,,,土星が乙女座で順行に戻ります。緻密な実務能力と洗練された生活習慣が確立され、プロフェッショナルとしての高い信頼を獲得できます。,10,1
retrograde_start,SATURN,,,天秤座,,,土星が高揚の座である天秤座で逆行を開始します。対人関係やパートナーシップの責任・契約を真摯に見直す時期です。対等で誠実な公正さを養いましょう。,10,1
direct_start,SATURN,,,天秤座,,,土星が天秤座で順行に戻ります。お互いを高め合う強固な信頼関係や永続的な契約が成立し、成熟したパートナーシップを築けます。,10,1
retrograde_start,SATURN,,,蠍座,,,土星が蠍座で逆行を開始します。深層心理の恐れや執着、共有財産の管理を徹底的に見直す時期です。不要な感情を手放し、真の強靭さを手に入れましょう。,10,1
direct_start,SATURN,,,蠍座,,,土星が蠍座で順行に戻ります。過酷な試練を耐え抜いた不屈の精神力と深い絆が完成し、根本的な再生と変容を成し遂げられます。,10,1
retrograde_start,SATURN,,,射手座,,,土星が射手座で逆行を開始します。独善的な信念や曖昧な理想主義を見直し、現実に基づいた真の哲学と理念を再構築する時期です。,10,1
direct_start,SATURN,,,射手座,,,土星が射手座で順行に戻ります。人生の指針となる高いビジョンや専門知識が確固たる形となり、未来への長期的な探求を自信を持って再開できます。,10,1
retrograde_start,SATURN,,,山羊座,,,土星が本来の座である山羊座で逆行を開始します。キャリアの構造や組織の責任・社会的なルールを根本から点検し、より盤石な体制を整える時期です。,10,1
direct_start,SATURN,,,山羊座,,,土星が山羊座で順行に戻ります。最高峰の統率力と構築力が発揮され、社会的な大事業や長期的な目標において揺るぎない金字塔を打ち立てられます。,10,1
retrograde_start,SATURN,,,水瓶座,,,土星が本来の座である水瓶座で逆行を開始します。未来への改革案やコミュニティの規律を再検討する時期です。理想論にとどまらない現実的な仕組みを練り直しましょう。,10,1
direct_start,SATURN,,,水瓶座,,,土星が水瓶座で順行に戻ります。革新的な社会変革や仲間との連帯が強固なシステムとして結実し、未来に向けた新しい社会基盤が完成します。,10,1
retrograde_start,SATURN,,,魚座,,,土星が魚座で逆行を開始します。曖昧な感情や現実逃避、過度な被害者意識を整理する時期です。精神的な境界線を明確にし、心の芯を強く育てましょう。,10,1
direct_start,SATURN,,,魚座,,,土星が魚座で順行に戻ります。深い慈悲やスピリチュアルな理想を現実の奉仕活動や芸術として形にする実務力が整い、確かな癒やしをもたらすことができます。,10,1
retrograde_start,URANUS,,,牡羊座,,,天王星が牡羊座で逆行を開始します。急進的すぎる衝動や反逆心を内省し、自らの内なるオリジナリティと真の独立心をじっくり育てる期間です。,10,1
direct_start,URANUS,,,牡羊座,,,天王星が牡羊座で順行に戻ります。先駆者としての圧倒的なブレイクスルーの力が解放され、唯一無二の道を切り拓く大改革が一気に加速します。,10,1
retrograde_start,URANUS,,,牡牛座,,,天王星が牡牛座で逆行を開始します。経済システムや所有の概念、価値観の刷新を内省する時期です。デジタル化や新しい資産運用への準備を整えましょう。,10,1
direct_start,URANUS,,,牡牛座,,,天王星が牡牛座で順行に戻ります。収入源の多角化や画期的な才能の発掘が進み、物質的・経済的な大改革がダイナミックに展開します。,10,1
retrograde_start,URANUS,,,双子座,,,天王星が双子座で逆行を開始します。情報や技術の急速な進化を内面で消化する時期です。独創的なアイデアや通信手段を吟味し、思考を研ぎ澄ましましょう。,10,1
direct_start,URANUS,,,双子座,,,天王星が双子座で順行に戻ります。最先端の知識や革新的なコミュニケーションが爆発的に広がり、知的な大革命を起こすことができます。,10,1
retrograde_start,URANUS,,,蟹座,,,天王星が蟹座で逆行を開始します。家族観や住まい・情緒的な自立のあり方を内省する時期です。古い執着を手放し、自由で風通しの良い居場所を模索しましょう。,10,1
direct_start,URANUS,,,蟹座,,,天王星が蟹座で順行に戻ります。プライベートな生活様式や住環境の刷新が進み、お互いの個性を尊重し合える新しい形の家族愛が確立されます。,10,1
retrograde_start,URANUS,,,獅子座,,,天王星が獅子座で逆行を開始します。自己表現やプライドのあり方を見直す時期です。奇をてらった演出をやめ、魂から湧き出る真の個性を磨きましょう。,10,1
direct_start,URANUS,,,獅子座,,,天王星が獅子座で順行に戻ります。独創的なクリエイティビティと圧倒的な存在感が解き放たれ、時代をリードする唯一無二の表現で人々を魅了します。,10,1
retrograde_start,URANUS,,,乙女座,,,天王星が乙女座で逆行を開始します。労働環境や日常ルーティン、健康法のイノベーションを点検する時期です。最新の効率化ツールを精査しましょう。,10,1
direct_start,URANUS,,,乙女座,,,天王星が乙女座で順行に戻ります。仕事の自動化やヘルスケアの革新的な改善が一気に進み、スマートで無駄のないライフスタイルが完成します。,10,1
retrograde_start,URANUS,,,天秤座,,,天王星が天秤座で逆行を開始します。人間関係やパートナーシップにおける自由と自立のバランスを見つめ直す時期です。固定観念を手放しましょう。,10,1
direct_start,URANUS,,,天秤座,,,天王星が天秤座で順行に戻ります。型にはまらない斬新なパートナーシップや画期的なコラボレーションが成立し、新しい時代の社交が花開きます。,10,1
retrograde_start,URANUS,,,蠍座,,,天王星が高揚の座である蠍座で逆行を開始します。深層心理の恐れや共有財産の抜本的変革を内省する時期です。魂の完全な脱皮への準備を整えましょう。,10,1
direct_start,URANUS,,,蠍座,,,天王星が蠍座で順行に戻ります。劇的な心理的覚醒や隠された真実の解明が進み、根底からの再生と大逆転のブレイクスルーを遂げられます。,10,1
retrograde_start,URANUS,,,射手座,,,天王星が射手座で逆行を開始します。思想や哲学、冒険のビジョンを内面で再構築する時期です。真の自由とは何かを深く探求しましょう。,10,1
direct_start,URANUS,,,射手座,,,天王星が射手座で順行に戻ります。国境や既成概念を超えた壮大なイノベーションが加速し、世界を舞台にした革新的な探求へ飛び出せます。,10,1
retrograde_start,URANUS,,,山羊座,,,天王星が山羊座で逆行を開始します。社会システムや組織の構造改革を内省する時期です。古い体制への反発を抑え、現実的で持続可能な刷新プランを練りましょう。,10,1
direct_start,URANUS,,,山羊座,,,天王星が山羊座で順行に戻ります。伝統的な社会構造やビジネスモデルの近代化が一気に加速し、新時代にふさわしい革新的な仕組みが確立されます。,10,1
retrograde_start,URANUS,,,水瓶座,,,天王星が本来の座である水瓶座で逆行を開始します。急進的な未来ビジョンやテクノロジーのあり方を内省する時期です。真の自由と人道主義の精神を深めましょう。,10,1
direct_start,URANUS,,,水瓶座,,,天王星が水瓶座で順行に戻ります。人類規模のイノベーションやデジタル革命が猛スピードで進展し、誰もが自由に繋がれる新時代への扉が開かれます。,10,1
retrograde_start,URANUS,,,魚座,,,天王星が魚座で逆行を開始します。潜在意識の解放やスピリチュアルな直感の刷新を内省する時期です。境界線を超えた内なる目覚めを静かに育みましょう。,10,1
direct_start,URANUS,,,魚座,,,天王星が魚座で順行に戻ります。時代を包み込む慈悲の心と画期的な霊的覚醒が広がり、人々の心を癒やすスピリチュアルな革命が巻き起こります。,10,1
retrograde_start,NEPTUNE,,,牡羊座,,,海王星が牡羊座で逆行を開始します。衝動的な理想主義や自己犠牲のパターンを内省する時期です。真の霊的勇気とは何かを静かに見つめ直しましょう。,10,1
direct_start,NEPTUNE,,,牡羊座,,,海王星が牡羊座で順行に戻ります。崇高な魂の情熱が解き放たれ、直感を信じて先駆的な夢や芸術的ビジョンへ果敢に踏み出せるようになります。,10,1
retrograde_start,NEPTUNE,,,牡牛座,,,海王星が牡牛座で逆行を開始します。物質的な豊かさへの幻想や金銭面の甘い見通しを見直す時期です。精神的な充足と現実的な価値観の調和を図りましょう。,10,1
direct_start,NEPTUNE,,,牡牛座,,,海王星が牡牛座で順行に戻ります。五感を通じた豊かな芸術的感性や精神的な恵みが実り、心から満たされる豊かさを現実世界で具現化できます。,10,1
retrograde_start,NEPTUNE,,,双子座,,,海王星が双子座で逆行を開始します。情報の曖昧さや言葉による幻想・誤解を整理する時期です。思考を静め、直感的な真理に耳を澄ませましょう。,10,1
direct_start,NEPTUNE,,,双子座,,,海王星が双子座で順行に戻ります。詩的なインスピレーションやテレパシーのような共感力が言葉に宿り、人々の心を動かすメッセージを伝えられます。,10,1
retrograde_start,NEPTUNE,,,蟹座,,,海王星が蟹座で逆行を開始します。過度な感情移入や家族への甘え・依存を見つめ直す時期です。内なる聖域を整え、無条件の愛を育みましょう。,10,1
direct_start,NEPTUNE,,,蟹座,,,海王星が蟹座で順行に戻ります。深い魂の共感と家庭・コミュニティへの慈愛が満ち溢れ、すべてを優しく包み込む安心の居場所が確立されます。,10,1
retrograde_start,NEPTUNE,,,獅子座,,,海王星が獅子座で逆行を開始します。自己顕示の幻想やドラマチックな妄想を内省する時期です。純粋な魂の輝きと真のクリエイティビティを取り戻しましょう。,10,1
direct_start,NEPTUNE,,,獅子座,,,海王星が獅子座で順行に戻ります。圧倒的な芸術的カリスマ性と感動を呼ぶ自己表現が開花し、多くの人々の心に夢と希望を灯すことができます。,10,1
retrograde_start,NEPTUNE,,,乙女座,,,海王星が乙女座で逆行を開始します。完璧主義への過度な執着や健康面の不安を癒やす時期です。日々の暮らしの中に神聖な祈りと感謝を取り戻しましょう。,10,1
direct_start,NEPTUNE,,,乙女座,,,海王星が乙女座で順行に戻ります。奉仕の精神と実務能力が美しく調和し、人々を癒やし救済する具体的なケアや活動が大きな成果を上げます。,10,1
retrograde_start,NEPTUNE,,,天秤座,,,海王星が天秤座で逆行を開始します。人間関係における過度な理想化や境界線の曖昧さを見直す時期です。互いを尊重する真の魂の調和を求めましょう。,10,1
direct_start,NEPTUNE,,,天秤座,,,海王星が天秤座で順行に戻ります。純粋な美意識と無条件の愛に基づく洗練された絆が育まれ、魂で響き合うパートナーシップが結ばれます。,10,1
retrograde_start,NEPTUNE,,,蠍座,,,海王星が蠍座で逆行を開始します。深層心理の恐れや霊的な執着を徹底的に浄化する時期です。魂の奥底に光を当て、真の癒やしを受け入れましょう。,10,1
direct_start,NEPTUNE,,,蠍座,,,海王星が蠍座で順行に戻ります。神秘的な洞察力と魂の再生の力が最高潮に達し、計り知れない霊的変容と深い結びつきを果たすことができます。,10,1
retrograde_start,NEPTUNE,,,射手座,,,海王星が射手座で逆行を開始します。独善的な宗教観や非現実的な理想を見つめ直す時期です。大いなる真理を探求し、普遍的な愛の哲学を深めましょう。,10,1
direct_start,NEPTUNE,,,射手座,,,海王星が射手座で順行に戻ります。高次元のスピリチュアルなビジョンや精神的探求が解き放たれ、国境を超えた崇高な理想へ世界を導けます。,10,1
retrograde_start,NEPTUNE,,,山羊座,,,海王星が山羊座で逆行を開始します。社会的な野心と霊的な使命の乖離を内省する時期です。現実の枠組みの中に崇高な夢をどう組み込むか再検討しましょう。,10,1
direct_start,NEPTUNE,,,山羊座,,,海王星が山羊座で順行に戻ります。崇高な理想や芸術的ビジョンを社会的な現実の仕組みとして具現化する力が整い、確固たる成果を生み出せます。,10,1
retrograde_start,NEPTUNE,,,水瓶座,,,海王星が水瓶座で逆行を開始します。人類規模の理想や急進的な思想への盲信を見直す時期です。真の友愛と自由な連帯のあり方を深く内省しましょう。,10,1
direct_start,NEPTUNE,,,水瓶座,,,海王星が水瓶座で順行に戻ります。未来への崇高な人道主義と自由なネットワークが美しく結実し、国境や人種を超えた調和の輪が広がります。,10,1
retrograde_start,NEPTUNE,,,魚座,,,海王星が本来の座である魚座で逆行を開始します。精神的な境界線の曖昧さや過度な感傷を浄化する時期です。静かな祈りを通じて魂の純度を高めましょう。,10,1
direct_start,NEPTUNE,,,魚座,,,海王星が魚座で順行に戻ります。宇宙的な無条件の愛と究極のインスピレーションが解き放たれ、すべてを優しく包み込む神聖な癒やしがもたらされます。,10,1
retrograde_start,PLUTO,,,牡羊座,,,冥王星が牡羊座で逆行を開始します。強引な力への執着や破壊的衝動を内省する時期です。真の勇気と不屈の意志力を内面にじっくり培いましょう。,10,1
direct_start,PLUTO,,,牡羊座,,,冥王星が牡羊座で順行に戻ります。先駆者としての圧倒的な破壊と再生の力が解放され、古い世界を根底から塗り替える大革命が始動します。,10,1
retrograde_start,PLUTO,,,牡牛座,,,冥王星が牡牛座で逆行を開始します。物質的な執着や経済的な独占欲を浄化する時期です。本質的な豊かさと肉体の生命力を根底から見つめ直しましょう。,10,1
direct_start,PLUTO,,,牡牛座,,,冥王星が牡牛座で順行に戻ります。揺るぎない財政基盤の再生や潜在的な才能の覚醒が進み、莫大な価値を生み出す根本的変容を遂げられます。,10,1
retrograde_start,PLUTO,,,双子座,,,冥王星が双子座で逆行を開始します。情報の操作や知的な支配欲を内省する時期です。思考の深淵を探求し、真実を見抜く洞察力を磨きましょう。,10,1
direct_start,PLUTO,,,双子座,,,冥王星が双子座で順行に戻ります。言論や情報ネットワークに根本的なパラダイムシフトがもたらされ、深遠な真理を伝える強烈な発信力が宿ります。,10,1
retrograde_start,PLUTO,,,蟹座,,,冥王星が蟹座で逆行を開始します。家族やルーツへの過剰な防衛本能やトラウマを浄化する時期です。魂の深い安心感を取り戻す内省を行いましょう。,10,1
direct_start,PLUTO,,,蟹座,,,冥王星が蟹座で順行に戻ります。心の根底や家族の絆が強力に再生され、何ものにも揺るがない絶対的な安心の居場所が確立されます。,10,1
retrograde_start,PLUTO,,,獅子座,,,冥王星が獅子座で逆行を開始します。権力への執着や傲慢な自己顕示を浄化する時期です。魂の王としての真の威厳と誇りを内面に築きましょう。,10,1
direct_start,PLUTO,,,獅子座,,,冥王星が獅子座で順行に戻ります。圧倒的なカリスマ性と創造的エネルギーが爆発し、唯一無二のリーダーとして人々を力強く牽引できます。,10,1
retrograde_start,PLUTO,,,乙女座,,,冥王星が乙女座で逆行を開始します。完璧主義への強迫観念や健康不安を浄化する時期です。生活と労働の仕組みを根本からデトックスしましょう。,10,1
direct_start,PLUTO,,,乙女座,,,冥王星が乙女座で順行に戻ります。医療や実務、労働環境の抜本的な構造改革が進み、驚異的な再生力と高い生産性を実現できます。,10,1
retrograde_start,PLUTO,,,天秤座,,,冥王星が天秤座で逆行を開始します。対人関係の力関係や依存・支配のパターンを浄化する時期です。真に対等で誠実な絆を内面で再構築しましょう。,10,1
direct_start,PLUTO,,,天秤座,,,冥王星が天秤座で順行に戻ります。パートナーシップや社会契約の根本的な再構築が進み、魂レベルで深く結ばれた運命の関係が確立されます。,10,1
retrograde_start,PLUTO,,,蠍座,,,冥王星が本来の座である蠍座で逆行を開始します。潜在意識の最深部にある恐れやカルマを徹底的に浄化する時期です。完全なる魂の脱皮へ備えましょう。,10,1
direct_start,PLUTO,,,蠍座,,,冥王星が蠍座で順行に戻ります。究極の再生力と変容のエネルギーが最高潮に達し、あらゆる困難を乗り越えて奇跡的な復活を遂げられます。,10,1
retrograde_start,PLUTO,,,射手座,,,冥王星が射手座で逆行を開始します。独善的な狂信や過激な思想を浄化する時期です。普遍的な真理と高潔な精神の探求へと立ち戻りましょう。,10,1
direct_start,PLUTO,,,射手座,,,冥王星が射手座で順行に戻ります。世界規模の価値観のパラダイムシフトが加速し、未知の領域へ向けた壮大な精神の変革を成し遂げられます。,10,1
retrograde_start,PLUTO,,,山羊座,,,冥王星が山羊座で逆行を開始します。古い権力構造や社会体制の歪みを内省する時期です。私利私欲を捨て、真に持続可能な責任のあり方を問い直しましょう。,10,1
direct_start,PLUTO,,,山羊座,,,冥王星が山羊座で順行に戻ります。社会構造やキャリアの抜本的な再構築が完成し、時代を支える強固で永続的な基盤が打ち立てられます。,10,1
retrograde_start,PLUTO,,,水瓶座,,,冥王星が水瓶座で逆行を開始します。テクノロジーの暴走や急進的な社会改革の歪みを内省する時期です。真の人権と自由の本質を深めましょう。,10,1
direct_start,PLUTO,,,水瓶座,,,冥王星が水瓶座で順行に戻ります。新時代の社会革命とテクノロジーの進化が爆発的に進み、自由で平等な未来社会への大転換が加速します。,10,1
retrograde_start,PLUTO,,,魚座,,,冥王星が魚座で逆行を開始します。人類全体の集合的無意識のカルマや霊的混乱を浄化する時期です。深い祈りの中で魂の解放を待ちましょう。,10,1
direct_start,PLUTO,,,魚座,,,冥王星が魚座で順行に戻ります。大いなる霊的再生と魂の救済が成し遂げられ、すべての境界を超えた崇高な愛と調和の時代へと昇華します。,10,1
