"Trigger_ID","Target_Category","Display_Title","Threshold_Orb","Progress_Max_Days","Arrival_Text","Next_Action_Hint"
"LUCKY_LOVE_VENUS","Love","最高の恋愛運モード突入まで","5","14","今日は愛の女神があなたに微笑んでいます。最高の自分を表現して！","新しい服を新調したり、美容室の予約を入れて自分を磨いておきましょう。"
"ROMANTIC_CHANCE_MOON","Love","感性が高まるロマンス期まで","3","3","心が震えるような出会いや感動が訪れる日。素直な気持ちを大切に。","映画や音楽で感性を豊かにし、リラックスした心の状態を作ってください。"
"RELATIONSHIP_GLORY","Love","パートナーシップの黄金期まで","6","21","大切な人との絆が確かな形になる日。誠実な対話が未来を拓きます。","相手への感謝を言葉にする準備をし、共有できる未来の計画を考えて。"
"DEEP_BOND_SCORPIO","Love","魂が触れ合う濃密な時間まで","4","10","表面的な付き合いを超えた、深い信頼関係が築かれる運命の日です。","嘘偽りのない自分をさらけ出す勇気を持ち、深い対話の時間を確保して。"
"SOCIAL_NETWORK_EXP","Love","新しい出会いのチャンス到来まで","5","12","あなたを支える強力な仲間との出会いがある日。世界が広がります。","SNSのプロフィールを更新したり、気になるコミュニティに目星をつけて。"
"PASSIONATE_ENCOUNTER","Love","情熱的な恋の火が灯るまで","5","7","ドラマティックな展開が期待できる日。あなたの勇気が鍵を握ります。","アクティブな場所へ出向く準備をし、自分の情熱を隠さず表に出して。"
"STABLE_LOVE_FOUND","Love","信頼で結ばれる安定期まで","4","14","お互いの存在が空気のように自然に馴染む日。静かな幸福を噛み締めて。","派手な演出よりも、日常の何気ない会話や食事の時間を大切に整えて。"
"WORK_SUCCESS_JUPITER","Work","仕事のビッグチャンス到来まで","8","30","これまでの努力が大きな成果として実る日。自信を持って勝負に出て。","自分の成果をまとめた資料を整理し、いつでもプレゼンできる状態に。"
"CAREER_PEAK_MC","Work","キャリアのピークタイム到達まで","5","10","社会的な評価が最高潮に達する日。リーダーシップを発揮してください。","周囲からの信頼に応えられるよう、自身の役割と責任を再確認して。"
"CREATIVE_FLOW_SUN","Work","創造力が爆発する全集中期まで","6","7","唯一無二のアイデアが形になる日。あなたの個性が世界に認められます。","インスピレーションを逃さないよう、メモの準備と一人の時間の確保を。"
"DECISION_SPEED_UP","Work","的確な判断ができる決断期まで","4","5","迷いが晴れ、進むべき道が明確になる日。直感を信じて即断即決を。","散らかった思考やデスクを整理し、クリアな視界を確保しておきましょう。"
"NEGOTIATION_POWER","Work","交渉を有利に進める対話期まで","5","7","あなたの言葉が相手の心に深く届く日。重要な契約や提案に最適です。","想定される質問への回答を準備し、誠実さと論理性を磨いておいて。"
"BUSINESS_EXPANSION","Work","事業拡大の追い風が吹くまで","7","25","新しいステージへ進む準備が整う日。スケールの大きな提案が通ります。","既存の枠組みに囚われない、自由で大胆なビジョンを練り上げてください。"
"PROJECT_COMPLETION","Work","長期プロジェクトの達成日まで","5","20","一つの大きな節目を越え、達成感を味わう日。次の山が見えてきます。","これまでの工程を振り返り、関わった人々への感謝を伝えておきましょう。"
"MONEY_LUCK_TAURUS","Money","金運の波が最高潮に達するまで","5","14","物質的な豊かさを引き寄せる力が最大になる日。賢い選択が実を結びます。","収支のバランスを見直し、将来のための投資計画を具体的に立てて。"
"SAVINGS_GROWTH","Money","財政基盤が安定する蓄財期まで","6","60","無駄が削ぎ落とされ、確かな資産が積み上がる日。長期的な安心を手に。","固定費の削減や貯蓄用口座の整理など、足元を固める作業を優先して。"
"SELF_REFORM_URANUS","General","人生を刷新する覚醒の日まで","6","21","古い殻を脱ぎ捨て、新しい自分に生まれ変わる衝撃的な一日です。","執着しているものを手放す覚悟を決め、変化を恐れず受け入れる心構えを。"
"SPIRITUAL_HEALING","Health","魂のデトックスが完了するまで","4","10","心身ともに浄化され、深い癒やしが訪れる日。新しい活力が湧きます。","良質な睡眠と食事を意識し、不要な情報の入力を遮断して静かに過ごして。"
"FATED_TURNING_POINT","General","宿命的な転換点が訪れるまで","3","30","逃れられない大きな運命の流れが動き出す日。覚悟を決めて進んで。","身の回りを徹底的に掃除し、新しいエネルギーが入るスペースを作って。"
"INNER_PEACE_MOON","Health","内面の静寂を取り戻す日まで","2","3","誰にも邪魔されない心の平安が得られる日。自分を愛してください。","心地よい香りのアロマや音楽を準備し、自分を甘やかす究極の計画を。"
"VICTORY_MARS","General","宿敵に打ち勝ち勝利を掴むまで","4","7","どんな障害も突破できる強い力が宿る日。自分を信じて突き進んで。","戦略を綿密に立て、勝負どころを見極めるための冷静さを養っておいて。"
"STUDY_EFFICIENCY_MAX","Work","知性が研ぎ澄まされる学習期まで","4","7","複雑な課題を短時間で理解し、自分のものにできる知的な勝負日です。","学習計画を細かく立て、集中を妨げるものを排除した環境を整えて。"
"PUBLIC_RECOGNITION","Work","公的な場での脚光を浴びるまで","5","14","あなたの才能が公に認められ、信頼を勝ち取る日。堂々と振る舞って。","自己紹介や実績を語るスピーチの練習をし、プロ意識を高く持って。"
"FAMILY_HAPPINESS","General","家庭に平穏と喜びが戻る日まで","5","10","心安らぐ居場所が確立され、家族との絆が深まる温かな日です。","身近な人への小さなプレゼントや、共に過ごすための美味しい食事の準備を。"
"TALENT_DISCOVERY","General","眠れる才能が目覚める日まで","6","15","自分でも気づかなかった可能性が開花する日。新しい扉が開きます。","コンプレックスを裏返して強みに変えるワークを行い、自己対話を深めて。"
"HOUSE_BRIGHTENING","General","住環境が劇的に好転する日まで","5","20","居心地の良い空間が完成し、運気が底上げされる日。生活の質が向上。","不要な家具の処分や、日当たりの確保など、空間の浄化に努めてください。"
"GLOBAL_CONNECTION","General","広い世界との繋がりができるまで","7","30","国境や文化を越えた新しい視点が手に入る日。未知の体験が待っています。","語学の学習を始めたり、海外のニュースに触れて視野を広げておきましょう。"
"LEADERSHIP_AWAKENING","Work","統率力が真価を発揮する日まで","4","14","あなたの存在が周囲を導き、一つの目的に向かわせる日。誠実さが鍵。","チームメンバー一人一人の声に耳を傾け、信頼関係の土台を築いて。"
"MIND_BODY_BALANCE","Health","心と体の調和が完璧に整うまで","3","7","無理のないリズムが定着し、ベストパフォーマンスを出せる日です。","軽い運動と瞑想をルーティン化し、自分のバイオリズムを記録して。"
"SOCIAL_CONTRIBUTION","General","あなたの活動が社会に届くまで","6","25","個人的な試みが公的な価値を持ち始める日。貢献の喜びを知るでしょう。","自分のスキルが誰を救えるかを再定義し、発信の質を高めておきましょう。"
"DESTINY_MEETING","Love","運命を感じる人物と出会うまで","3","10","魂が引き合うような、強い引力を感じる出会いの日。逃さないで。","直感を研ぎ澄ませ、いつもとは違う場所やイベントに足を運ぶ勇気を。"
"LUCKY_LOVE_VENUS_MOON_POS","Love","最高の恋愛運モード突入まで","5","3","今日は愛の女神があなたに微笑んでいます。最高の自分を表現して！","新しい服を新調したり、美容室の予約を入れて自分を磨いておきましょう。"
"LUCKY_LOVE_VENUS_MOON_NEG_EXIT","Love","恋愛面の負荷を抜けるまで","5","3","恋愛面の負荷が抜け、落ち着きを取り戻す日。","無理に広げず、影響が抜けるまで整理と回復を優先する。"
"LUCKY_LOVE_VENUS_SHORT_POS","Love","最高の恋愛運モード突入まで","5","14","今日は愛の女神があなたに微笑んでいます。最高の自分を表現して！","新しい服を新調したり、美容室の予約を入れて自分を磨いておきましょう。"
"LUCKY_LOVE_VENUS_SHORT_NEG_EXIT","Love","恋愛面の負荷を抜けるまで","5","14","恋愛面の負荷が抜け、落ち着きを取り戻す日。","無理に広げず、影響が抜けるまで整理と回復を優先する。"
"LUCKY_LOVE_VENUS_MID_POS","Love","最高の恋愛運モード突入まで","5","30","今日は愛の女神があなたに微笑んでいます。最高の自分を表現して！","新しい服を新調したり、美容室の予約を入れて自分を磨いておきましょう。"
"LUCKY_LOVE_VENUS_MID_NEG_EXIT","Love","恋愛面の負荷を抜けるまで","5","30","恋愛面の負荷が抜け、落ち着きを取り戻す日。","無理に広げず、影響が抜けるまで整理と回復を優先する。"
"LUCKY_LOVE_VENUS_LONG_POS","Love","最高の恋愛運モード突入まで","5","60","今日は愛の女神があなたに微笑んでいます。最高の自分を表現して！","新しい服を新調したり、美容室の予約を入れて自分を磨いておきましょう。"
"LUCKY_LOVE_VENUS_LONG_NEG_EXIT","Love","恋愛面の負荷を抜けるまで","5","60","恋愛面の負荷が抜け、落ち着きを取り戻す日。","無理に広げず、影響が抜けるまで整理と回復を優先する。"
"ROMANTIC_CHANCE_MOON_MOON_POS","Love","感性が高まるロマンス期まで","3","3","心が震えるような出会いや感動が訪れる日。素直な気持ちを大切に。","映画や音楽で感性を豊かにし、リラックスした心の状態を作ってください。"
"ROMANTIC_CHANCE_MOON_MOON_NEG_EXIT","Love","恋愛面の負荷を抜けるまで","3","3","恋愛面の負荷が抜け、落ち着きを取り戻す日。","無理に広げず、影響が抜けるまで整理と回復を優先する。"
"ROMANTIC_CHANCE_MOON_SHORT_POS","Love","感性が高まるロマンス期まで","3","7","心が震えるような出会いや感動が訪れる日。素直な気持ちを大切に。","映画や音楽で感性を豊かにし、リラックスした心の状態を作ってください。"
"ROMANTIC_CHANCE_MOON_SHORT_NEG_EXIT","Love","恋愛面の負荷を抜けるまで","3","7","恋愛面の負荷が抜け、落ち着きを取り戻す日。","無理に広げず、影響が抜けるまで整理と回復を優先する。"
"ROMANTIC_CHANCE_MOON_MID_POS","Love","感性が高まるロマンス期まで","3","30","心が震えるような出会いや感動が訪れる日。素直な気持ちを大切に。","映画や音楽で感性を豊かにし、リラックスした心の状態を作ってください。"
"ROMANTIC_CHANCE_MOON_MID_NEG_EXIT","Love","恋愛面の負荷を抜けるまで","3","30","恋愛面の負荷が抜け、落ち着きを取り戻す日。","無理に広げず、影響が抜けるまで整理と回復を優先する。"
"ROMANTIC_CHANCE_MOON_LONG_POS","Love","感性が高まるロマンス期まで","3","60","心が震えるような出会いや感動が訪れる日。素直な気持ちを大切に。","映画や音楽で感性を豊かにし、リラックスした心の状態を作ってください。"
"ROMANTIC_CHANCE_MOON_LONG_NEG_EXIT","Love","恋愛面の負荷を抜けるまで","3","60","恋愛面の負荷が抜け、落ち着きを取り戻す日。","無理に広げず、影響が抜けるまで整理と回復を優先する。"
"RELATIONSHIP_GLORY_MOON_POS","Love","パートナーシップの黄金期まで","6","3","大切な人との絆が確かな形になる日。誠実な対話が未来を拓きます。","相手への感謝を言葉にする準備をし、共有できる未来の計画を考えて。"
"RELATIONSHIP_GLORY_MOON_NEG_EXIT","Love","恋愛面の負荷を抜けるまで","6","3","恋愛面の負荷が抜け、落ち着きを取り戻す日。","無理に広げず、影響が抜けるまで整理と回復を優先する。"
"RELATIONSHIP_GLORY_SHORT_POS","Love","パートナーシップの黄金期まで","6","21","大切な人との絆が確かな形になる日。誠実な対話が未来を拓きます。","相手への感謝を言葉にする準備をし、共有できる未来の計画を考えて。"
"RELATIONSHIP_GLORY_SHORT_NEG_EXIT","Love","恋愛面の負荷を抜けるまで","6","21","恋愛面の負荷が抜け、落ち着きを取り戻す日。","無理に広げず、影響が抜けるまで整理と回復を優先する。"
"RELATIONSHIP_GLORY_MID_POS","Love","パートナーシップの黄金期まで","6","30","大切な人との絆が確かな形になる日。誠実な対話が未来を拓きます。","相手への感謝を言葉にする準備をし、共有できる未来の計画を考えて。"
"RELATIONSHIP_GLORY_MID_NEG_EXIT","Love","恋愛面の負荷を抜けるまで","6","30","恋愛面の負荷が抜け、落ち着きを取り戻す日。","無理に広げず、影響が抜けるまで整理と回復を優先する。"
"RELATIONSHIP_GLORY_LONG_POS","Love","パートナーシップの黄金期まで","6","60","大切な人との絆が確かな形になる日。誠実な対話が未来を拓きます。","相手への感謝を言葉にする準備をし、共有できる未来の計画を考えて。"
"RELATIONSHIP_GLORY_LONG_NEG_EXIT","Love","恋愛面の負荷を抜けるまで","6","60","恋愛面の負荷が抜け、落ち着きを取り戻す日。","無理に広げず、影響が抜けるまで整理と回復を優先する。"
"DEEP_BOND_SCORPIO_MOON_POS","Love","魂が触れ合う濃密な時間まで","4","3","表面的な付き合いを超えた、深い信頼関係が築かれる運命の日です。","嘘偽りのない自分をさらけ出す勇気を持ち、深い対話の時間を確保して。"
"DEEP_BOND_SCORPIO_MOON_NEG_EXIT","Love","恋愛面の負荷を抜けるまで","4","3","恋愛面の負荷が抜け、落ち着きを取り戻す日。","無理に広げず、影響が抜けるまで整理と回復を優先する。"
"DEEP_BOND_SCORPIO_SHORT_POS","Love","魂が触れ合う濃密な時間まで","4","10","表面的な付き合いを超えた、深い信頼関係が築かれる運命の日です。","嘘偽りのない自分をさらけ出す勇気を持ち、深い対話の時間を確保して。"
"DEEP_BOND_SCORPIO_SHORT_NEG_EXIT","Love","恋愛面の負荷を抜けるまで","4","10","恋愛面の負荷が抜け、落ち着きを取り戻す日。","無理に広げず、影響が抜けるまで整理と回復を優先する。"
"DEEP_BOND_SCORPIO_MID_POS","Love","魂が触れ合う濃密な時間まで","4","30","表面的な付き合いを超えた、深い信頼関係が築かれる運命の日です。","嘘偽りのない自分をさらけ出す勇気を持ち、深い対話の時間を確保して。"
"DEEP_BOND_SCORPIO_MID_NEG_EXIT","Love","恋愛面の負荷を抜けるまで","4","30","恋愛面の負荷が抜け、落ち着きを取り戻す日。","無理に広げず、影響が抜けるまで整理と回復を優先する。"
"DEEP_BOND_SCORPIO_LONG_POS","Love","魂が触れ合う濃密な時間まで","4","60","表面的な付き合いを超えた、深い信頼関係が築かれる運命の日です。","嘘偽りのない自分をさらけ出す勇気を持ち、深い対話の時間を確保して。"
"DEEP_BOND_SCORPIO_LONG_NEG_EXIT","Love","恋愛面の負荷を抜けるまで","4","60","恋愛面の負荷が抜け、落ち着きを取り戻す日。","無理に広げず、影響が抜けるまで整理と回復を優先する。"
"SOCIAL_NETWORK_EXP_MOON_POS","Love","新しい出会いのチャンス到来まで","5","3","あなたを支える強力な仲間との出会いがある日。世界が広がります。","SNSのプロフィールを更新したり、気になるコミュニティに目星をつけて。"
"SOCIAL_NETWORK_EXP_MOON_NEG_EXIT","Love","恋愛面の負荷を抜けるまで","5","3","恋愛面の負荷が抜け、落ち着きを取り戻す日。","無理に広げず、影響が抜けるまで整理と回復を優先する。"
"SOCIAL_NETWORK_EXP_SHORT_POS","Love","新しい出会いのチャンス到来まで","5","12","あなたを支える強力な仲間との出会いがある日。世界が広がります。","SNSのプロフィールを更新したり、気になるコミュニティに目星をつけて。"
"SOCIAL_NETWORK_EXP_SHORT_NEG_EXIT","Love","恋愛面の負荷を抜けるまで","5","12","恋愛面の負荷が抜け、落ち着きを取り戻す日。","無理に広げず、影響が抜けるまで整理と回復を優先する。"
"SOCIAL_NETWORK_EXP_MID_POS","Love","新しい出会いのチャンス到来まで","5","30","あなたを支える強力な仲間との出会いがある日。世界が広がります。","SNSのプロフィールを更新したり、気になるコミュニティに目星をつけて。"
"SOCIAL_NETWORK_EXP_MID_NEG_EXIT","Love","恋愛面の負荷を抜けるまで","5","30","恋愛面の負荷が抜け、落ち着きを取り戻す日。","無理に広げず、影響が抜けるまで整理と回復を優先する。"
"SOCIAL_NETWORK_EXP_LONG_POS","Love","新しい出会いのチャンス到来まで","5","60","あなたを支える強力な仲間との出会いがある日。世界が広がります。","SNSのプロフィールを更新したり、気になるコミュニティに目星をつけて。"
"SOCIAL_NETWORK_EXP_LONG_NEG_EXIT","Love","恋愛面の負荷を抜けるまで","5","60","恋愛面の負荷が抜け、落ち着きを取り戻す日。","無理に広げず、影響が抜けるまで整理と回復を優先する。"
"PASSIONATE_ENCOUNTER_MOON_POS","Love","情熱的な恋の火が灯るまで","5","3","ドラマティックな展開が期待できる日。あなたの勇気が鍵を握ります。","アクティブな場所へ出向く準備をし、自分の情熱を隠さず表に出して。"
"PASSIONATE_ENCOUNTER_MOON_NEG_EXIT","Love","恋愛面の負荷を抜けるまで","5","3","恋愛面の負荷が抜け、落ち着きを取り戻す日。","無理に広げず、影響が抜けるまで整理と回復を優先する。"
"PASSIONATE_ENCOUNTER_SHORT_POS","Love","情熱的な恋の火が灯るまで","5","7","ドラマティックな展開が期待できる日。あなたの勇気が鍵を握ります。","アクティブな場所へ出向く準備をし、自分の情熱を隠さず表に出して。"
"PASSIONATE_ENCOUNTER_SHORT_NEG_EXIT","Love","恋愛面の負荷を抜けるまで","5","7","恋愛面の負荷が抜け、落ち着きを取り戻す日。","無理に広げず、影響が抜けるまで整理と回復を優先する。"
"PASSIONATE_ENCOUNTER_MID_POS","Love","情熱的な恋の火が灯るまで","5","30","ドラマティックな展開が期待できる日。あなたの勇気が鍵を握ります。","アクティブな場所へ出向く準備をし、自分の情熱を隠さず表に出して。"
"PASSIONATE_ENCOUNTER_MID_NEG_EXIT","Love","恋愛面の負荷を抜けるまで","5","30","恋愛面の負荷が抜け、落ち着きを取り戻す日。","無理に広げず、影響が抜けるまで整理と回復を優先する。"
"PASSIONATE_ENCOUNTER_LONG_POS","Love","情熱的な恋の火が灯るまで","5","60","ドラマティックな展開が期待できる日。あなたの勇気が鍵を握ります。","アクティブな場所へ出向く準備をし、自分の情熱を隠さず表に出して。"
"PASSIONATE_ENCOUNTER_LONG_NEG_EXIT","Love","恋愛面の負荷を抜けるまで","5","60","恋愛面の負荷が抜け、落ち着きを取り戻す日。","無理に広げず、影響が抜けるまで整理と回復を優先する。"
"STABLE_LOVE_FOUND_MOON_POS","Love","信頼で結ばれる安定期まで","4","3","お互いの存在が空気のように自然に馴染む日。静かな幸福を噛み締めて。","派手な演出よりも、日常の何気ない会話や食事の時間を大切に整えて。"
"STABLE_LOVE_FOUND_MOON_NEG_EXIT","Love","恋愛面の負荷を抜けるまで","4","3","恋愛面の負荷が抜け、落ち着きを取り戻す日。","無理に広げず、影響が抜けるまで整理と回復を優先する。"
"STABLE_LOVE_FOUND_SHORT_POS","Love","信頼で結ばれる安定期まで","4","14","お互いの存在が空気のように自然に馴染む日。静かな幸福を噛み締めて。","派手な演出よりも、日常の何気ない会話や食事の時間を大切に整えて。"
"STABLE_LOVE_FOUND_SHORT_NEG_EXIT","Love","恋愛面の負荷を抜けるまで","4","14","恋愛面の負荷が抜け、落ち着きを取り戻す日。","無理に広げず、影響が抜けるまで整理と回復を優先する。"
"STABLE_LOVE_FOUND_MID_POS","Love","信頼で結ばれる安定期まで","4","30","お互いの存在が空気のように自然に馴染む日。静かな幸福を噛み締めて。","派手な演出よりも、日常の何気ない会話や食事の時間を大切に整えて。"
"STABLE_LOVE_FOUND_MID_NEG_EXIT","Love","恋愛面の負荷を抜けるまで","4","30","恋愛面の負荷が抜け、落ち着きを取り戻す日。","無理に広げず、影響が抜けるまで整理と回復を優先する。"
"STABLE_LOVE_FOUND_LONG_POS","Love","信頼で結ばれる安定期まで","4","60","お互いの存在が空気のように自然に馴染む日。静かな幸福を噛み締めて。","派手な演出よりも、日常の何気ない会話や食事の時間を大切に整えて。"
"STABLE_LOVE_FOUND_LONG_NEG_EXIT","Love","恋愛面の負荷を抜けるまで","4","60","恋愛面の負荷が抜け、落ち着きを取り戻す日。","無理に広げず、影響が抜けるまで整理と回復を優先する。"
"WORK_SUCCESS_JUPITER_MOON_POS","Work","仕事のビッグチャンス到来まで","8","3","これまでの努力が大きな成果として実る日。自信を持って勝負に出て。","自分の成果をまとめた資料を整理し、いつでもプレゼンできる状態に。"
"WORK_SUCCESS_JUPITER_MOON_NEG_EXIT","Work","仕事面の負荷を抜けるまで","8","3","仕事面の負荷が抜け、落ち着きを取り戻す日。","無理に広げず、影響が抜けるまで整理と回復を優先する。"
"WORK_SUCCESS_JUPITER_SHORT_POS","Work","仕事のビッグチャンス到来まで","8","30","これまでの努力が大きな成果として実る日。自信を持って勝負に出て。","自分の成果をまとめた資料を整理し、いつでもプレゼンできる状態に。"
"WORK_SUCCESS_JUPITER_SHORT_NEG_EXIT","Work","仕事面の負荷を抜けるまで","8","30","仕事面の負荷が抜け、落ち着きを取り戻す日。","無理に広げず、影響が抜けるまで整理と回復を優先する。"
"WORK_SUCCESS_JUPITER_MID_POS","Work","仕事のビッグチャンス到来まで","8","30","これまでの努力が大きな成果として実る日。自信を持って勝負に出て。","自分の成果をまとめた資料を整理し、いつでもプレゼンできる状態に。"
"WORK_SUCCESS_JUPITER_MID_NEG_EXIT","Work","仕事面の負荷を抜けるまで","8","30","仕事面の負荷が抜け、落ち着きを取り戻す日。","無理に広げず、影響が抜けるまで整理と回復を優先する。"
"WORK_SUCCESS_JUPITER_LONG_POS","Work","仕事のビッグチャンス到来まで","8","60","これまでの努力が大きな成果として実る日。自信を持って勝負に出て。","自分の成果をまとめた資料を整理し、いつでもプレゼンできる状態に。"
"WORK_SUCCESS_JUPITER_LONG_NEG_EXIT","Work","仕事面の負荷を抜けるまで","8","60","仕事面の負荷が抜け、落ち着きを取り戻す日。","無理に広げず、影響が抜けるまで整理と回復を優先する。"
"CAREER_PEAK_MC_MOON_POS","Work","キャリアのピークタイム到達まで","5","3","社会的な評価が最高潮に達する日。リーダーシップを発揮してください。","周囲からの信頼に応えられるよう、自身の役割と責任を再確認して。"
"CAREER_PEAK_MC_MOON_NEG_EXIT","Work","仕事面の負荷を抜けるまで","5","3","仕事面の負荷が抜け、落ち着きを取り戻す日。","無理に広げず、影響が抜けるまで整理と回復を優先する。"
"CAREER_PEAK_MC_SHORT_POS","Work","キャリアのピークタイム到達まで","5","10","社会的な評価が最高潮に達する日。リーダーシップを発揮してください。","周囲からの信頼に応えられるよう、自身の役割と責任を再確認して。"
"CAREER_PEAK_MC_SHORT_NEG_EXIT","Work","仕事面の負荷を抜けるまで","5","10","仕事面の負荷が抜け、落ち着きを取り戻す日。","無理に広げず、影響が抜けるまで整理と回復を優先する。"
"CAREER_PEAK_MC_MID_POS","Work","キャリアのピークタイム到達まで","5","30","社会的な評価が最高潮に達する日。リーダーシップを発揮してください。","周囲からの信頼に応えられるよう、自身の役割と責任を再確認して。"
"CAREER_PEAK_MC_MID_NEG_EXIT","Work","仕事面の負荷を抜けるまで","5","30","仕事面の負荷が抜け、落ち着きを取り戻す日。","無理に広げず、影響が抜けるまで整理と回復を優先する。"
"CAREER_PEAK_MC_LONG_POS","Work","キャリアのピークタイム到達まで","5","60","社会的な評価が最高潮に達する日。リーダーシップを発揮してください。","周囲からの信頼に応えられるよう、自身の役割と責任を再確認して。"
"CAREER_PEAK_MC_LONG_NEG_EXIT","Work","仕事面の負荷を抜けるまで","5","60","仕事面の負荷が抜け、落ち着きを取り戻す日。","無理に広げず、影響が抜けるまで整理と回復を優先する。"
"CREATIVE_FLOW_SUN_MOON_POS","Work","創造力が爆発する全集中期まで","6","3","唯一無二のアイデアが形になる日。あなたの個性が世界に認められます。","インスピレーションを逃さないよう、メモの準備と一人の時間の確保を。"
"CREATIVE_FLOW_SUN_MOON_NEG_EXIT","Work","仕事面の負荷を抜けるまで","6","3","仕事面の負荷が抜け、落ち着きを取り戻す日。","無理に広げず、影響が抜けるまで整理と回復を優先する。"
"CREATIVE_FLOW_SUN_SHORT_POS","Work","創造力が爆発する全集中期まで","6","7","唯一無二のアイデアが形になる日。あなたの個性が世界に認められます。","インスピレーションを逃さないよう、メモの準備と一人の時間の確保を。"
"CREATIVE_FLOW_SUN_SHORT_NEG_EXIT","Work","仕事面の負荷を抜けるまで","6","7","仕事面の負荷が抜け、落ち着きを取り戻す日。","無理に広げず、影響が抜けるまで整理と回復を優先する。"
"CREATIVE_FLOW_SUN_MID_POS","Work","創造力が爆発する全集中期まで","6","30","唯一無二のアイデアが形になる日。あなたの個性が世界に認められます。","インスピレーションを逃さないよう、メモの準備と一人の時間の確保を。"
"CREATIVE_FLOW_SUN_MID_NEG_EXIT","Work","仕事面の負荷を抜けるまで","6","30","仕事面の負荷が抜け、落ち着きを取り戻す日。","無理に広げず、影響が抜けるまで整理と回復を優先する。"
"CREATIVE_FLOW_SUN_LONG_POS","Work","創造力が爆発する全集中期まで","6","60","唯一無二のアイデアが形になる日。あなたの個性が世界に認められます。","インスピレーションを逃さないよう、メモの準備と一人の時間の確保を。"
"CREATIVE_FLOW_SUN_LONG_NEG_EXIT","Work","仕事面の負荷を抜けるまで","6","60","仕事面の負荷が抜け、落ち着きを取り戻す日。","無理に広げず、影響が抜けるまで整理と回復を優先する。"
"DECISION_SPEED_UP_MOON_POS","Work","的確な判断ができる決断期まで","4","3","迷いが晴れ、進むべき道が明確になる日。直感を信じて即断即決を。","散らかった思考やデスクを整理し、クリアな視界を確保しておきましょう。"
"DECISION_SPEED_UP_MOON_NEG_EXIT","Work","仕事面の負荷を抜けるまで","4","3","仕事面の負荷が抜け、落ち着きを取り戻す日。","無理に広げず、影響が抜けるまで整理と回復を優先する。"
"DECISION_SPEED_UP_SHORT_POS","Work","的確な判断ができる決断期まで","4","7","迷いが晴れ、進むべき道が明確になる日。直感を信じて即断即決を。","散らかった思考やデスクを整理し、クリアな視界を確保しておきましょう。"
"DECISION_SPEED_UP_SHORT_NEG_EXIT","Work","仕事面の負荷を抜けるまで","4","7","仕事面の負荷が抜け、落ち着きを取り戻す日。","無理に広げず、影響が抜けるまで整理と回復を優先する。"
"DECISION_SPEED_UP_MID_POS","Work","的確な判断ができる決断期まで","4","30","迷いが晴れ、進むべき道が明確になる日。直感を信じて即断即決を。","散らかった思考やデスクを整理し、クリアな視界を確保しておきましょう。"
"DECISION_SPEED_UP_MID_NEG_EXIT","Work","仕事面の負荷を抜けるまで","4","30","仕事面の負荷が抜け、落ち着きを取り戻す日。","無理に広げず、影響が抜けるまで整理と回復を優先する。"
"DECISION_SPEED_UP_LONG_POS","Work","的確な判断ができる決断期まで","4","60","迷いが晴れ、進むべき道が明確になる日。直感を信じて即断即決を。","散らかった思考やデスクを整理し、クリアな視界を確保しておきましょう。"
"DECISION_SPEED_UP_LONG_NEG_EXIT","Work","仕事面の負荷を抜けるまで","4","60","仕事面の負荷が抜け、落ち着きを取り戻す日。","無理に広げず、影響が抜けるまで整理と回復を優先する。"
"NEGOTIATION_POWER_MOON_POS","Work","交渉を有利に進める対話期まで","5","3","あなたの言葉が相手の心に深く届く日。重要な契約や提案に最適です。","想定される質問への回答を準備し、誠実さと論理性を磨いておいて。"
"NEGOTIATION_POWER_MOON_NEG_EXIT","Work","仕事面の負荷を抜けるまで","5","3","仕事面の負荷が抜け、落ち着きを取り戻す日。","無理に広げず、影響が抜けるまで整理と回復を優先する。"
"NEGOTIATION_POWER_SHORT_POS","Work","交渉を有利に進める対話期まで","5","7","あなたの言葉が相手の心に深く届く日。重要な契約や提案に最適です。","想定される質問への回答を準備し、誠実さと論理性を磨いておいて。"
"NEGOTIATION_POWER_SHORT_NEG_EXIT","Work","仕事面の負荷を抜けるまで","5","7","仕事面の負荷が抜け、落ち着きを取り戻す日。","無理に広げず、影響が抜けるまで整理と回復を優先する。"
"NEGOTIATION_POWER_MID_POS","Work","交渉を有利に進める対話期まで","5","30","あなたの言葉が相手の心に深く届く日。重要な契約や提案に最適です。","想定される質問への回答を準備し、誠実さと論理性を磨いておいて。"
"NEGOTIATION_POWER_MID_NEG_EXIT","Work","仕事面の負荷を抜けるまで","5","30","仕事面の負荷が抜け、落ち着きを取り戻す日。","無理に広げず、影響が抜けるまで整理と回復を優先する。"
"NEGOTIATION_POWER_LONG_POS","Work","交渉を有利に進める対話期まで","5","60","あなたの言葉が相手の心に深く届く日。重要な契約や提案に最適です。","想定される質問への回答を準備し、誠実さと論理性を磨いておいて。"
"NEGOTIATION_POWER_LONG_NEG_EXIT","Work","仕事面の負荷を抜けるまで","5","60","仕事面の負荷が抜け、落ち着きを取り戻す日。","無理に広げず、影響が抜けるまで整理と回復を優先する。"
"BUSINESS_EXPANSION_MOON_POS","Work","事業拡大の追い風が吹くまで","7","3","新しいステージへ進む準備が整う日。スケールの大きな提案が通ります。","既存の枠組みに囚われない、自由で大胆なビジョンを練り上げてください。"
"BUSINESS_EXPANSION_MOON_NEG_EXIT","Work","仕事面の負荷を抜けるまで","7","3","仕事面の負荷が抜け、落ち着きを取り戻す日。","無理に広げず、影響が抜けるまで整理と回復を優先する。"
"BUSINESS_EXPANSION_SHORT_POS","Work","事業拡大の追い風が吹くまで","7","25","新しいステージへ進む準備が整う日。スケールの大きな提案が通ります。","既存の枠組みに囚われない、自由で大胆なビジョンを練り上げてください。"
"BUSINESS_EXPANSION_SHORT_NEG_EXIT","Work","仕事面の負荷を抜けるまで","7","25","仕事面の負荷が抜け、落ち着きを取り戻す日。","無理に広げず、影響が抜けるまで整理と回復を優先する。"
"BUSINESS_EXPANSION_MID_POS","Work","事業拡大の追い風が吹くまで","7","30","新しいステージへ進む準備が整う日。スケールの大きな提案が通ります。","既存の枠組みに囚われない、自由で大胆なビジョンを練り上げてください。"
"BUSINESS_EXPANSION_MID_NEG_EXIT","Work","仕事面の負荷を抜けるまで","7","30","仕事面の負荷が抜け、落ち着きを取り戻す日。","無理に広げず、影響が抜けるまで整理と回復を優先する。"
"BUSINESS_EXPANSION_LONG_POS","Work","事業拡大の追い風が吹くまで","7","60","新しいステージへ進む準備が整う日。スケールの大きな提案が通ります。","既存の枠組みに囚われない、自由で大胆なビジョンを練り上げてください。"
"BUSINESS_EXPANSION_LONG_NEG_EXIT","Work","仕事面の負荷を抜けるまで","7","60","仕事面の負荷が抜け、落ち着きを取り戻す日。","無理に広げず、影響が抜けるまで整理と回復を優先する。"
"PROJECT_COMPLETION_MOON_POS","Work","長期プロジェクトの達成日まで","5","3","一つの大きな節目を越え、達成感を味わう日。次の山が見えてきます。","これまでの工程を振り返り、関わった人々への感謝を伝えておきましょう。"
"PROJECT_COMPLETION_MOON_NEG_EXIT","Work","仕事面の負荷を抜けるまで","5","3","仕事面の負荷が抜け、落ち着きを取り戻す日。","無理に広げず、影響が抜けるまで整理と回復を優先する。"
"PROJECT_COMPLETION_SHORT_POS","Work","長期プロジェクトの達成日まで","5","20","一つの大きな節目を越え、達成感を味わう日。次の山が見えてきます。","これまでの工程を振り返り、関わった人々への感謝を伝えておきましょう。"
"PROJECT_COMPLETION_SHORT_NEG_EXIT","Work","仕事面の負荷を抜けるまで","5","20","仕事面の負荷が抜け、落ち着きを取り戻す日。","無理に広げず、影響が抜けるまで整理と回復を優先する。"
"PROJECT_COMPLETION_MID_POS","Work","長期プロジェクトの達成日まで","5","30","一つの大きな節目を越え、達成感を味わう日。次の山が見えてきます。","これまでの工程を振り返り、関わった人々への感謝を伝えておきましょう。"
"PROJECT_COMPLETION_MID_NEG_EXIT","Work","仕事面の負荷を抜けるまで","5","30","仕事面の負荷が抜け、落ち着きを取り戻す日。","無理に広げず、影響が抜けるまで整理と回復を優先する。"
"PROJECT_COMPLETION_LONG_POS","Work","長期プロジェクトの達成日まで","5","60","一つの大きな節目を越え、達成感を味わう日。次の山が見えてきます。","これまでの工程を振り返り、関わった人々への感謝を伝えておきましょう。"
"PROJECT_COMPLETION_LONG_NEG_EXIT","Work","仕事面の負荷を抜けるまで","5","60","仕事面の負荷が抜け、落ち着きを取り戻す日。","無理に広げず、影響が抜けるまで整理と回復を優先する。"
"MONEY_LUCK_TAURUS_MOON_POS","Money","金運の波が最高潮に達するまで","5","3","物質的な豊かさを引き寄せる力が最大になる日。賢い選択が実を結びます。","収支のバランスを見直し、将来のための投資計画を具体的に立てて。"
"MONEY_LUCK_TAURUS_MOON_NEG_EXIT","Money","金銭面の負荷を抜けるまで","5","3","金銭面の負荷が抜け、落ち着きを取り戻す日。","無理に広げず、影響が抜けるまで整理と回復を優先する。"
"MONEY_LUCK_TAURUS_SHORT_POS","Money","金運の波が最高潮に達するまで","5","14","物質的な豊かさを引き寄せる力が最大になる日。賢い選択が実を結びます。","収支のバランスを見直し、将来のための投資計画を具体的に立てて。"
"MONEY_LUCK_TAURUS_SHORT_NEG_EXIT","Money","金銭面の負荷を抜けるまで","5","14","金銭面の負荷が抜け、落ち着きを取り戻す日。","無理に広げず、影響が抜けるまで整理と回復を優先する。"
"MONEY_LUCK_TAURUS_MID_POS","Money","金運の波が最高潮に達するまで","5","30","物質的な豊かさを引き寄せる力が最大になる日。賢い選択が実を結びます。","収支のバランスを見直し、将来のための投資計画を具体的に立てて。"
"MONEY_LUCK_TAURUS_MID_NEG_EXIT","Money","金銭面の負荷を抜けるまで","5","30","金銭面の負荷が抜け、落ち着きを取り戻す日。","無理に広げず、影響が抜けるまで整理と回復を優先する。"
"MONEY_LUCK_TAURUS_LONG_POS","Money","金運の波が最高潮に達するまで","5","60","物質的な豊かさを引き寄せる力が最大になる日。賢い選択が実を結びます。","収支のバランスを見直し、将来のための投資計画を具体的に立てて。"
"MONEY_LUCK_TAURUS_LONG_NEG_EXIT","Money","金銭面の負荷を抜けるまで","5","60","金銭面の負荷が抜け、落ち着きを取り戻す日。","無理に広げず、影響が抜けるまで整理と回復を優先する。"
"SAVINGS_GROWTH_MOON_POS","Money","財政基盤が安定する蓄財期まで","6","3","無駄が削ぎ落とされ、確かな資産が積み上がる日。長期的な安心を手に。","固定費の削減や貯蓄用口座の整理など、足元を固める作業を優先して。"
"SAVINGS_GROWTH_MOON_NEG_EXIT","Money","金銭面の負荷を抜けるまで","6","3","金銭面の負荷が抜け、落ち着きを取り戻す日。","無理に広げず、影響が抜けるまで整理と回復を優先する。"
"SAVINGS_GROWTH_SHORT_POS","Money","財政基盤が安定する蓄財期まで","6","30","無駄が削ぎ落とされ、確かな資産が積み上がる日。長期的な安心を手に。","固定費の削減や貯蓄用口座の整理など、足元を固める作業を優先して。"
"SAVINGS_GROWTH_SHORT_NEG_EXIT","Money","金銭面の負荷を抜けるまで","6","30","金銭面の負荷が抜け、落ち着きを取り戻す日。","無理に広げず、影響が抜けるまで整理と回復を優先する。"
"SAVINGS_GROWTH_MID_POS","Money","財政基盤が安定する蓄財期まで","6","60","無駄が削ぎ落とされ、確かな資産が積み上がる日。長期的な安心を手に。","固定費の削減や貯蓄用口座の整理など、足元を固める作業を優先して。"
"SAVINGS_GROWTH_MID_NEG_EXIT","Money","金銭面の負荷を抜けるまで","6","60","金銭面の負荷が抜け、落ち着きを取り戻す日。","無理に広げず、影響が抜けるまで整理と回復を優先する。"
"SAVINGS_GROWTH_LONG_POS","Money","財政基盤が安定する蓄財期まで","6","60","無駄が削ぎ落とされ、確かな資産が積み上がる日。長期的な安心を手に。","固定費の削減や貯蓄用口座の整理など、足元を固める作業を優先して。"
"SAVINGS_GROWTH_LONG_NEG_EXIT","Money","金銭面の負荷を抜けるまで","6","60","金銭面の負荷が抜け、落ち着きを取り戻す日。","無理に広げず、影響が抜けるまで整理と回復を優先する。"
"SELF_REFORM_URANUS_MOON_POS","General","人生を刷新する覚醒の日まで","6","3","古い殻を脱ぎ捨て、新しい自分に生まれ変わる衝撃的な一日です。","執着しているものを手放す覚悟を決め、変化を恐れず受け入れる心構えを。"
"SELF_REFORM_URANUS_MOON_NEG_EXIT","General","運勢面の負荷を抜けるまで","6","3","運勢面の負荷が抜け、落ち着きを取り戻す日。","無理に広げず、影響が抜けるまで整理と回復を優先する。"
"SELF_REFORM_URANUS_SHORT_POS","General","人生を刷新する覚醒の日まで","6","21","古い殻を脱ぎ捨て、新しい自分に生まれ変わる衝撃的な一日です。","執着しているものを手放す覚悟を決め、変化を恐れず受け入れる心構えを。"
"SELF_REFORM_URANUS_SHORT_NEG_EXIT","General","運勢面の負荷を抜けるまで","6","21","運勢面の負荷が抜け、落ち着きを取り戻す日。","無理に広げず、影響が抜けるまで整理と回復を優先する。"
"SELF_REFORM_URANUS_MID_POS","General","人生を刷新する覚醒の日まで","6","30","古い殻を脱ぎ捨て、新しい自分に生まれ変わる衝撃的な一日です。","執着しているものを手放す覚悟を決め、変化を恐れず受け入れる心構えを。"
"SELF_REFORM_URANUS_MID_NEG_EXIT","General","運勢面の負荷を抜けるまで","6","30","運勢面の負荷が抜け、落ち着きを取り戻す日。","無理に広げず、影響が抜けるまで整理と回復を優先する。"
"SELF_REFORM_URANUS_LONG_POS","General","人生を刷新する覚醒の日まで","6","60","古い殻を脱ぎ捨て、新しい自分に生まれ変わる衝撃的な一日です。","執着しているものを手放す覚悟を決め、変化を恐れず受け入れる心構えを。"
"SELF_REFORM_URANUS_LONG_NEG_EXIT","General","運勢面の負荷を抜けるまで","6","60","運勢面の負荷が抜け、落ち着きを取り戻す日。","無理に広げず、影響が抜けるまで整理と回復を優先する。"
"SPIRITUAL_HEALING_MOON_POS","Health","魂のデトックスが完了するまで","4","3","心身ともに浄化され、深い癒やしが訪れる日。新しい活力が湧きます。","良質な睡眠と食事を意識し、不要な情報の入力を遮断して静かに過ごして。"
"SPIRITUAL_HEALING_MOON_NEG_EXIT","Health","心身面の負荷を抜けるまで","4","3","心身面の負荷が抜け、落ち着きを取り戻す日。","無理に広げず、影響が抜けるまで整理と回復を優先する。"
"SPIRITUAL_HEALING_SHORT_POS","Health","魂のデトックスが完了するまで","4","10","心身ともに浄化され、深い癒やしが訪れる日。新しい活力が湧きます。","良質な睡眠と食事を意識し、不要な情報の入力を遮断して静かに過ごして。"
"SPIRITUAL_HEALING_SHORT_NEG_EXIT","Health","心身面の負荷を抜けるまで","4","10","心身面の負荷が抜け、落ち着きを取り戻す日。","無理に広げず、影響が抜けるまで整理と回復を優先する。"
"SPIRITUAL_HEALING_MID_POS","Health","魂のデトックスが完了するまで","4","30","心身ともに浄化され、深い癒やしが訪れる日。新しい活力が湧きます。","良質な睡眠と食事を意識し、不要な情報の入力を遮断して静かに過ごして。"
"SPIRITUAL_HEALING_MID_NEG_EXIT","Health","心身面の負荷を抜けるまで","4","30","心身面の負荷が抜け、落ち着きを取り戻す日。","無理に広げず、影響が抜けるまで整理と回復を優先する。"
"SPIRITUAL_HEALING_LONG_POS","Health","魂のデトックスが完了するまで","4","60","心身ともに浄化され、深い癒やしが訪れる日。新しい活力が湧きます。","良質な睡眠と食事を意識し、不要な情報の入力を遮断して静かに過ごして。"
"SPIRITUAL_HEALING_LONG_NEG_EXIT","Health","心身面の負荷を抜けるまで","4","60","心身面の負荷が抜け、落ち着きを取り戻す日。","無理に広げず、影響が抜けるまで整理と回復を優先する。"
"FATED_TURNING_POINT_MOON_POS","General","宿命的な転換点が訪れるまで","3","3","逃れられない大きな運命の流れが動き出す日。覚悟を決めて進んで。","身の回りを徹底的に掃除し、新しいエネルギーが入るスペースを作って。"
"FATED_TURNING_POINT_MOON_NEG_EXIT","General","運勢面の負荷を抜けるまで","3","3","運勢面の負荷が抜け、落ち着きを取り戻す日。","無理に広げず、影響が抜けるまで整理と回復を優先する。"
"FATED_TURNING_POINT_SHORT_POS","General","宿命的な転換点が訪れるまで","3","30","逃れられない大きな運命の流れが動き出す日。覚悟を決めて進んで。","身の回りを徹底的に掃除し、新しいエネルギーが入るスペースを作って。"
"FATED_TURNING_POINT_SHORT_NEG_EXIT","General","運勢面の負荷を抜けるまで","3","30","運勢面の負荷が抜け、落ち着きを取り戻す日。","無理に広げず、影響が抜けるまで整理と回復を優先する。"
"FATED_TURNING_POINT_MID_POS","General","宿命的な転換点が訪れるまで","3","30","逃れられない大きな運命の流れが動き出す日。覚悟を決めて進んで。","身の回りを徹底的に掃除し、新しいエネルギーが入るスペースを作って。"
"FATED_TURNING_POINT_MID_NEG_EXIT","General","運勢面の負荷を抜けるまで","3","30","運勢面の負荷が抜け、落ち着きを取り戻す日。","無理に広げず、影響が抜けるまで整理と回復を優先する。"
"FATED_TURNING_POINT_LONG_POS","General","宿命的な転換点が訪れるまで","3","60","逃れられない大きな運命の流れが動き出す日。覚悟を決めて進んで。","身の回りを徹底的に掃除し、新しいエネルギーが入るスペースを作って。"
"FATED_TURNING_POINT_LONG_NEG_EXIT","General","運勢面の負荷を抜けるまで","3","60","運勢面の負荷が抜け、落ち着きを取り戻す日。","無理に広げず、影響が抜けるまで整理と回復を優先する。"
"INNER_PEACE_MOON_MOON_POS","Health","内面の静寂を取り戻す日まで","2","3","誰にも邪魔されない心の平安が得られる日。自分を愛してください。","心地よい香りのアロマや音楽を準備し、自分を甘やかす究極の計画を。"
"INNER_PEACE_MOON_MOON_NEG_EXIT","Health","心身面の負荷を抜けるまで","2","3","心身面の負荷が抜け、落ち着きを取り戻す日。","無理に広げず、影響が抜けるまで整理と回復を優先する。"
"INNER_PEACE_MOON_SHORT_POS","Health","内面の静寂を取り戻す日まで","2","7","誰にも邪魔されない心の平安が得られる日。自分を愛してください。","心地よい香りのアロマや音楽を準備し、自分を甘やかす究極の計画を。"
"INNER_PEACE_MOON_SHORT_NEG_EXIT","Health","心身面の負荷を抜けるまで","2","7","心身面の負荷が抜け、落ち着きを取り戻す日。","無理に広げず、影響が抜けるまで整理と回復を優先する。"
"INNER_PEACE_MOON_MID_POS","Health","内面の静寂を取り戻す日まで","2","30","誰にも邪魔されない心の平安が得られる日。自分を愛してください。","心地よい香りのアロマや音楽を準備し、自分を甘やかす究極の計画を。"
"INNER_PEACE_MOON_MID_NEG_EXIT","Health","心身面の負荷を抜けるまで","2","30","心身面の負荷が抜け、落ち着きを取り戻す日。","無理に広げず、影響が抜けるまで整理と回復を優先する。"
"INNER_PEACE_MOON_LONG_POS","Health","内面の静寂を取り戻す日まで","2","60","誰にも邪魔されない心の平安が得られる日。自分を愛してください。","心地よい香りのアロマや音楽を準備し、自分を甘やかす究極の計画を。"
"INNER_PEACE_MOON_LONG_NEG_EXIT","Health","心身面の負荷を抜けるまで","2","60","心身面の負荷が抜け、落ち着きを取り戻す日。","無理に広げず、影響が抜けるまで整理と回復を優先する。"
"VICTORY_MARS_MOON_POS","General","宿敵に打ち勝ち勝利を掴むまで","4","3","どんな障害も突破できる強い力が宿る日。自分を信じて突き進んで。","戦略を綿密に立て、勝負どころを見極めるための冷静さを養っておいて。"
"VICTORY_MARS_MOON_NEG_EXIT","General","運勢面の負荷を抜けるまで","4","3","運勢面の負荷が抜け、落ち着きを取り戻す日。","無理に広げず、影響が抜けるまで整理と回復を優先する。"
"VICTORY_MARS_SHORT_POS","General","宿敵に打ち勝ち勝利を掴むまで","4","7","どんな障害も突破できる強い力が宿る日。自分を信じて突き進んで。","戦略を綿密に立て、勝負どころを見極めるための冷静さを養っておいて。"
"VICTORY_MARS_SHORT_NEG_EXIT","General","運勢面の負荷を抜けるまで","4","7","運勢面の負荷が抜け、落ち着きを取り戻す日。","無理に広げず、影響が抜けるまで整理と回復を優先する。"
"VICTORY_MARS_MID_POS","General","宿敵に打ち勝ち勝利を掴むまで","4","30","どんな障害も突破できる強い力が宿る日。自分を信じて突き進んで。","戦略を綿密に立て、勝負どころを見極めるための冷静さを養っておいて。"
"VICTORY_MARS_MID_NEG_EXIT","General","運勢面の負荷を抜けるまで","4","30","運勢面の負荷が抜け、落ち着きを取り戻す日。","無理に広げず、影響が抜けるまで整理と回復を優先する。"
"VICTORY_MARS_LONG_POS","General","宿敵に打ち勝ち勝利を掴むまで","4","60","どんな障害も突破できる強い力が宿る日。自分を信じて突き進んで。","戦略を綿密に立て、勝負どころを見極めるための冷静さを養っておいて。"
"VICTORY_MARS_LONG_NEG_EXIT","General","運勢面の負荷を抜けるまで","4","60","運勢面の負荷が抜け、落ち着きを取り戻す日。","無理に広げず、影響が抜けるまで整理と回復を優先する。"
"STUDY_EFFICIENCY_MAX_MOON_POS","Work","知性が研ぎ澄まされる学習期まで","4","3","複雑な課題を短時間で理解し、自分のものにできる知的な勝負日です。","学習計画を細かく立て、集中を妨げるものを排除した環境を整えて。"
"STUDY_EFFICIENCY_MAX_MOON_NEG_EXIT","Work","仕事面の負荷を抜けるまで","4","3","仕事面の負荷が抜け、落ち着きを取り戻す日。","無理に広げず、影響が抜けるまで整理と回復を優先する。"
"STUDY_EFFICIENCY_MAX_SHORT_POS","Work","知性が研ぎ澄まされる学習期まで","4","7","複雑な課題を短時間で理解し、自分のものにできる知的な勝負日です。","学習計画を細かく立て、集中を妨げるものを排除した環境を整えて。"
"STUDY_EFFICIENCY_MAX_SHORT_NEG_EXIT","Work","仕事面の負荷を抜けるまで","4","7","仕事面の負荷が抜け、落ち着きを取り戻す日。","無理に広げず、影響が抜けるまで整理と回復を優先する。"
"STUDY_EFFICIENCY_MAX_MID_POS","Work","知性が研ぎ澄まされる学習期まで","4","30","複雑な課題を短時間で理解し、自分のものにできる知的な勝負日です。","学習計画を細かく立て、集中を妨げるものを排除した環境を整えて。"
"STUDY_EFFICIENCY_MAX_MID_NEG_EXIT","Work","仕事面の負荷を抜けるまで","4","30","仕事面の負荷が抜け、落ち着きを取り戻す日。","無理に広げず、影響が抜けるまで整理と回復を優先する。"
"STUDY_EFFICIENCY_MAX_LONG_POS","Work","知性が研ぎ澄まされる学習期まで","4","60","複雑な課題を短時間で理解し、自分のものにできる知的な勝負日です。","学習計画を細かく立て、集中を妨げるものを排除した環境を整えて。"
"STUDY_EFFICIENCY_MAX_LONG_NEG_EXIT","Work","仕事面の負荷を抜けるまで","4","60","仕事面の負荷が抜け、落ち着きを取り戻す日。","無理に広げず、影響が抜けるまで整理と回復を優先する。"
"PUBLIC_RECOGNITION_MOON_POS","Work","公的な場での脚光を浴びるまで","5","3","あなたの才能が公に認められ、信頼を勝ち取る日。堂々と振る舞って。","自己紹介や実績を語るスピーチの練習をし、プロ意識を高く持って。"
"PUBLIC_RECOGNITION_MOON_NEG_EXIT","Work","仕事面の負荷を抜けるまで","5","3","仕事面の負荷が抜け、落ち着きを取り戻す日。","無理に広げず、影響が抜けるまで整理と回復を優先する。"
"PUBLIC_RECOGNITION_SHORT_POS","Work","公的な場での脚光を浴びるまで","5","14","あなたの才能が公に認められ、信頼を勝ち取る日。堂々と振る舞って。","自己紹介や実績を語るスピーチの練習をし、プロ意識を高く持って。"
"PUBLIC_RECOGNITION_SHORT_NEG_EXIT","Work","仕事面の負荷を抜けるまで","5","14","仕事面の負荷が抜け、落ち着きを取り戻す日。","無理に広げず、影響が抜けるまで整理と回復を優先する。"
"PUBLIC_RECOGNITION_MID_POS","Work","公的な場での脚光を浴びるまで","5","30","あなたの才能が公に認められ、信頼を勝ち取る日。堂々と振る舞って。","自己紹介や実績を語るスピーチの練習をし、プロ意識を高く持って。"
"PUBLIC_RECOGNITION_MID_NEG_EXIT","Work","仕事面の負荷を抜けるまで","5","30","仕事面の負荷が抜け、落ち着きを取り戻す日。","無理に広げず、影響が抜けるまで整理と回復を優先する。"
"PUBLIC_RECOGNITION_LONG_POS","Work","公的な場での脚光を浴びるまで","5","60","あなたの才能が公に認められ、信頼を勝ち取る日。堂々と振る舞って。","自己紹介や実績を語るスピーチの練習をし、プロ意識を高く持って。"
"PUBLIC_RECOGNITION_LONG_NEG_EXIT","Work","仕事面の負荷を抜けるまで","5","60","仕事面の負荷が抜け、落ち着きを取り戻す日。","無理に広げず、影響が抜けるまで整理と回復を優先する。"
"FAMILY_HAPPINESS_MOON_POS","General","家庭に平穏と喜びが戻る日まで","5","3","心安らぐ居場所が確立され、家族との絆が深まる温かな日です。","身近な人への小さなプレゼントや、共に過ごすための美味しい食事の準備を。"
"FAMILY_HAPPINESS_MOON_NEG_EXIT","General","運勢面の負荷を抜けるまで","5","3","運勢面の負荷が抜け、落ち着きを取り戻す日。","無理に広げず、影響が抜けるまで整理と回復を優先する。"
"FAMILY_HAPPINESS_SHORT_POS","General","家庭に平穏と喜びが戻る日まで","5","10","心安らぐ居場所が確立され、家族との絆が深まる温かな日です。","身近な人への小さなプレゼントや、共に過ごすための美味しい食事の準備を。"
"FAMILY_HAPPINESS_SHORT_NEG_EXIT","General","運勢面の負荷を抜けるまで","5","10","運勢面の負荷が抜け、落ち着きを取り戻す日。","無理に広げず、影響が抜けるまで整理と回復を優先する。"
"FAMILY_HAPPINESS_MID_POS","General","家庭に平穏と喜びが戻る日まで","5","30","心安らぐ居場所が確立され、家族との絆が深まる温かな日です。","身近な人への小さなプレゼントや、共に過ごすための美味しい食事の準備を。"
"FAMILY_HAPPINESS_MID_NEG_EXIT","General","運勢面の負荷を抜けるまで","5","30","運勢面の負荷が抜け、落ち着きを取り戻す日。","無理に広げず、影響が抜けるまで整理と回復を優先する。"
"FAMILY_HAPPINESS_LONG_POS","General","家庭に平穏と喜びが戻る日まで","5","60","心安らぐ居場所が確立され、家族との絆が深まる温かな日です。","身近な人への小さなプレゼントや、共に過ごすための美味しい食事の準備を。"
"FAMILY_HAPPINESS_LONG_NEG_EXIT","General","運勢面の負荷を抜けるまで","5","60","運勢面の負荷が抜け、落ち着きを取り戻す日。","無理に広げず、影響が抜けるまで整理と回復を優先する。"
"TALENT_DISCOVERY_MOON_POS","General","眠れる才能が目覚める日まで","6","3","自分でも気づかなかった可能性が開花する日。新しい扉が開きます。","コンプレックスを裏返して強みに変えるワークを行い、自己対話を深めて。"
"TALENT_DISCOVERY_MOON_NEG_EXIT","General","運勢面の負荷を抜けるまで","6","3","運勢面の負荷が抜け、落ち着きを取り戻す日。","無理に広げず、影響が抜けるまで整理と回復を優先する。"
"TALENT_DISCOVERY_SHORT_POS","General","眠れる才能が目覚める日まで","6","15","自分でも気づかなかった可能性が開花する日。新しい扉が開きます。","コンプレックスを裏返して強みに変えるワークを行い、自己対話を深めて。"
"TALENT_DISCOVERY_SHORT_NEG_EXIT","General","運勢面の負荷を抜けるまで","6","15","運勢面の負荷が抜け、落ち着きを取り戻す日。","無理に広げず、影響が抜けるまで整理と回復を優先する。"
"TALENT_DISCOVERY_MID_POS","General","眠れる才能が目覚める日まで","6","30","自分でも気づかなかった可能性が開花する日。新しい扉が開きます。","コンプレックスを裏返して強みに変えるワークを行い、自己対話を深めて。"
"TALENT_DISCOVERY_MID_NEG_EXIT","General","運勢面の負荷を抜けるまで","6","30","運勢面の負荷が抜け、落ち着きを取り戻す日。","無理に広げず、影響が抜けるまで整理と回復を優先する。"
"TALENT_DISCOVERY_LONG_POS","General","眠れる才能が目覚める日まで","6","60","自分でも気づかなかった可能性が開花する日。新しい扉が開きます。","コンプレックスを裏返して強みに変えるワークを行い、自己対話を深めて。"
"TALENT_DISCOVERY_LONG_NEG_EXIT","General","運勢面の負荷を抜けるまで","6","60","運勢面の負荷が抜け、落ち着きを取り戻す日。","無理に広げず、影響が抜けるまで整理と回復を優先する。"
"HOUSE_BRIGHTENING_MOON_POS","General","住環境が劇的に好転する日まで","5","3","居心地の良い空間が完成し、運気が底上げされる日。生活の質が向上。","不要な家具の処分や、日当たりの確保など、空間の浄化に努めてください。"
"HOUSE_BRIGHTENING_MOON_NEG_EXIT","General","運勢面の負荷を抜けるまで","5","3","運勢面の負荷が抜け、落ち着きを取り戻す日。","無理に広げず、影響が抜けるまで整理と回復を優先する。"
"HOUSE_BRIGHTENING_SHORT_POS","General","住環境が劇的に好転する日まで","5","20","居心地の良い空間が完成し、運気が底上げされる日。生活の質が向上。","不要な家具の処分や、日当たりの確保など、空間の浄化に努めてください。"
"HOUSE_BRIGHTENING_SHORT_NEG_EXIT","General","運勢面の負荷を抜けるまで","5","20","運勢面の負荷が抜け、落ち着きを取り戻す日。","無理に広げず、影響が抜けるまで整理と回復を優先する。"
"HOUSE_BRIGHTENING_MID_POS","General","住環境が劇的に好転する日まで","5","30","居心地の良い空間が完成し、運気が底上げされる日。生活の質が向上。","不要な家具の処分や、日当たりの確保など、空間の浄化に努めてください。"
"HOUSE_BRIGHTENING_MID_NEG_EXIT","General","運勢面の負荷を抜けるまで","5","30","運勢面の負荷が抜け、落ち着きを取り戻す日。","無理に広げず、影響が抜けるまで整理と回復を優先する。"
"HOUSE_BRIGHTENING_LONG_POS","General","住環境が劇的に好転する日まで","5","60","居心地の良い空間が完成し、運気が底上げされる日。生活の質が向上。","不要な家具の処分や、日当たりの確保など、空間の浄化に努めてください。"
"HOUSE_BRIGHTENING_LONG_NEG_EXIT","General","運勢面の負荷を抜けるまで","5","60","運勢面の負荷が抜け、落ち着きを取り戻す日。","無理に広げず、影響が抜けるまで整理と回復を優先する。"
"GLOBAL_CONNECTION_MOON_POS","General","広い世界との繋がりができるまで","7","3","国境や文化を越えた新しい視点が手に入る日。未知の体験が待っています。","語学の学習を始めたり、海外のニュースに触れて視野を広げておきましょう。"
"GLOBAL_CONNECTION_MOON_NEG_EXIT","General","運勢面の負荷を抜けるまで","7","3","運勢面の負荷が抜け、落ち着きを取り戻す日。","無理に広げず、影響が抜けるまで整理と回復を優先する。"
"GLOBAL_CONNECTION_SHORT_POS","General","広い世界との繋がりができるまで","7","30","国境や文化を越えた新しい視点が手に入る日。未知の体験が待っています。","語学の学習を始めたり、海外のニュースに触れて視野を広げておきましょう。"
"GLOBAL_CONNECTION_SHORT_NEG_EXIT","General","運勢面の負荷を抜けるまで","7","30","運勢面の負荷が抜け、落ち着きを取り戻す日。","無理に広げず、影響が抜けるまで整理と回復を優先する。"
"GLOBAL_CONNECTION_MID_POS","General","広い世界との繋がりができるまで","7","30","国境や文化を越えた新しい視点が手に入る日。未知の体験が待っています。","語学の学習を始めたり、海外のニュースに触れて視野を広げておきましょう。"
"GLOBAL_CONNECTION_MID_NEG_EXIT","General","運勢面の負荷を抜けるまで","7","30","運勢面の負荷が抜け、落ち着きを取り戻す日。","無理に広げず、影響が抜けるまで整理と回復を優先する。"
"GLOBAL_CONNECTION_LONG_POS","General","広い世界との繋がりができるまで","7","60","国境や文化を越えた新しい視点が手に入る日。未知の体験が待っています。","語学の学習を始めたり、海外のニュースに触れて視野を広げておきましょう。"
"GLOBAL_CONNECTION_LONG_NEG_EXIT","General","運勢面の負荷を抜けるまで","7","60","運勢面の負荷が抜け、落ち着きを取り戻す日。","無理に広げず、影響が抜けるまで整理と回復を優先する。"
"LEADERSHIP_AWAKENING_MOON_POS","Work","統率力が真価を発揮する日まで","4","3","あなたの存在が周囲を導き、一つの目的に向かわせる日。誠実さが鍵。","チームメンバー一人一人の声に耳を傾け、信頼関係の土台を築いて。"
"LEADERSHIP_AWAKENING_MOON_NEG_EXIT","Work","仕事面の負荷を抜けるまで","4","3","仕事面の負荷が抜け、落ち着きを取り戻す日。","無理に広げず、影響が抜けるまで整理と回復を優先する。"
"LEADERSHIP_AWAKENING_SHORT_POS","Work","統率力が真価を発揮する日まで","4","14","あなたの存在が周囲を導き、一つの目的に向かわせる日。誠実さが鍵。","チームメンバー一人一人の声に耳を傾け、信頼関係の土台を築いて。"
"LEADERSHIP_AWAKENING_SHORT_NEG_EXIT","Work","仕事面の負荷を抜けるまで","4","14","仕事面の負荷が抜け、落ち着きを取り戻す日。","無理に広げず、影響が抜けるまで整理と回復を優先する。"
"LEADERSHIP_AWAKENING_MID_POS","Work","統率力が真価を発揮する日まで","4","30","あなたの存在が周囲を導き、一つの目的に向かわせる日。誠実さが鍵。","チームメンバー一人一人の声に耳を傾け、信頼関係の土台を築いて。"
"LEADERSHIP_AWAKENING_MID_NEG_EXIT","Work","仕事面の負荷を抜けるまで","4","30","仕事面の負荷が抜け、落ち着きを取り戻す日。","無理に広げず、影響が抜けるまで整理と回復を優先する。"
"LEADERSHIP_AWAKENING_LONG_POS","Work","統率力が真価を発揮する日まで","4","60","あなたの存在が周囲を導き、一つの目的に向かわせる日。誠実さが鍵。","チームメンバー一人一人の声に耳を傾け、信頼関係の土台を築いて。"
"LEADERSHIP_AWAKENING_LONG_NEG_EXIT","Work","仕事面の負荷を抜けるまで","4","60","仕事面の負荷が抜け、落ち着きを取り戻す日。","無理に広げず、影響が抜けるまで整理と回復を優先する。"
"MIND_BODY_BALANCE_MOON_POS","Health","心と体の調和が完璧に整うまで","3","3","無理のないリズムが定着し、ベストパフォーマンスを出せる日です。","軽い運動と瞑想をルーティン化し、自分のバイオリズムを記録して。"
"MIND_BODY_BALANCE_MOON_NEG_EXIT","Health","心身面の負荷を抜けるまで","3","3","心身面の負荷が抜け、落ち着きを取り戻す日。","無理に広げず、影響が抜けるまで整理と回復を優先する。"
"MIND_BODY_BALANCE_SHORT_POS","Health","心と体の調和が完璧に整うまで","3","7","無理のないリズムが定着し、ベストパフォーマンスを出せる日です。","軽い運動と瞑想をルーティン化し、自分のバイオリズムを記録して。"
"MIND_BODY_BALANCE_SHORT_NEG_EXIT","Health","心身面の負荷を抜けるまで","3","7","心身面の負荷が抜け、落ち着きを取り戻す日。","無理に広げず、影響が抜けるまで整理と回復を優先する。"
"MIND_BODY_BALANCE_MID_POS","Health","心と体の調和が完璧に整うまで","3","30","無理のないリズムが定着し、ベストパフォーマンスを出せる日です。","軽い運動と瞑想をルーティン化し、自分のバイオリズムを記録して。"
"MIND_BODY_BALANCE_MID_NEG_EXIT","Health","心身面の負荷を抜けるまで","3","30","心身面の負荷が抜け、落ち着きを取り戻す日。","無理に広げず、影響が抜けるまで整理と回復を優先する。"
"MIND_BODY_BALANCE_LONG_POS","Health","心と体の調和が完璧に整うまで","3","60","無理のないリズムが定着し、ベストパフォーマンスを出せる日です。","軽い運動と瞑想をルーティン化し、自分のバイオリズムを記録して。"
"MIND_BODY_BALANCE_LONG_NEG_EXIT","Health","心身面の負荷を抜けるまで","3","60","心身面の負荷が抜け、落ち着きを取り戻す日。","無理に広げず、影響が抜けるまで整理と回復を優先する。"
"SOCIAL_CONTRIBUTION_MOON_POS","General","あなたの活動が社会に届くまで","6","3","個人的な試みが公的な価値を持ち始める日。貢献の喜びを知るでしょう。","自分のスキルが誰を救えるかを再定義し、発信の質を高めておきましょう。"
"SOCIAL_CONTRIBUTION_MOON_NEG_EXIT","General","運勢面の負荷を抜けるまで","6","3","運勢面の負荷が抜け、落ち着きを取り戻す日。","無理に広げず、影響が抜けるまで整理と回復を優先する。"
"SOCIAL_CONTRIBUTION_SHORT_POS","General","あなたの活動が社会に届くまで","6","25","個人的な試みが公的な価値を持ち始める日。貢献の喜びを知るでしょう。","自分のスキルが誰を救えるかを再定義し、発信の質を高めておきましょう。"
"SOCIAL_CONTRIBUTION_SHORT_NEG_EXIT","General","運勢面の負荷を抜けるまで","6","25","運勢面の負荷が抜け、落ち着きを取り戻す日。","無理に広げず、影響が抜けるまで整理と回復を優先する。"
"SOCIAL_CONTRIBUTION_MID_POS","General","あなたの活動が社会に届くまで","6","30","個人的な試みが公的な価値を持ち始める日。貢献の喜びを知るでしょう。","自分のスキルが誰を救えるかを再定義し、発信の質を高めておきましょう。"
"SOCIAL_CONTRIBUTION_MID_NEG_EXIT","General","運勢面の負荷を抜けるまで","6","30","運勢面の負荷が抜け、落ち着きを取り戻す日。","無理に広げず、影響が抜けるまで整理と回復を優先する。"
"SOCIAL_CONTRIBUTION_LONG_POS","General","あなたの活動が社会に届くまで","6","60","個人的な試みが公的な価値を持ち始める日。貢献の喜びを知るでしょう。","自分のスキルが誰を救えるかを再定義し、発信の質を高めておきましょう。"
"SOCIAL_CONTRIBUTION_LONG_NEG_EXIT","General","運勢面の負荷を抜けるまで","6","60","運勢面の負荷が抜け、落ち着きを取り戻す日。","無理に広げず、影響が抜けるまで整理と回復を優先する。"
"DESTINY_MEETING_MOON_POS","Love","運命を感じる人物と出会うまで","3","3","魂が引き合うような、強い引力を感じる出会いの日。逃さないで。","直感を研ぎ澄ませ、いつもとは違う場所やイベントに足を運ぶ勇気を。"
"DESTINY_MEETING_MOON_NEG_EXIT","Love","恋愛面の負荷を抜けるまで","3","3","恋愛面の負荷が抜け、落ち着きを取り戻す日。","無理に広げず、影響が抜けるまで整理と回復を優先する。"
"DESTINY_MEETING_SHORT_POS","Love","運命を感じる人物と出会うまで","3","10","魂が引き合うような、強い引力を感じる出会いの日。逃さないで。","直感を研ぎ澄ませ、いつもとは違う場所やイベントに足を運ぶ勇気を。"
"DESTINY_MEETING_SHORT_NEG_EXIT","Love","恋愛面の負荷を抜けるまで","3","10","恋愛面の負荷が抜け、落ち着きを取り戻す日。","無理に広げず、影響が抜けるまで整理と回復を優先する。"
"DESTINY_MEETING_MID_POS","Love","運命を感じる人物と出会うまで","3","30","魂が引き合うような、強い引力を感じる出会いの日。逃さないで。","直感を研ぎ澄ませ、いつもとは違う場所やイベントに足を運ぶ勇気を。"
"DESTINY_MEETING_MID_NEG_EXIT","Love","恋愛面の負荷を抜けるまで","3","30","恋愛面の負荷が抜け、落ち着きを取り戻す日。","無理に広げず、影響が抜けるまで整理と回復を優先する。"
"DESTINY_MEETING_LONG_POS","Love","運命を感じる人物と出会うまで","3","60","魂が引き合うような、強い引力を感じる出会いの日。逃さないで。","直感を研ぎ澄ませ、いつもとは違う場所やイベントに足を運ぶ勇気を。"
"DESTINY_MEETING_LONG_NEG_EXIT","Love","恋愛面の負荷を抜けるまで","3","60","恋愛面の負荷が抜け、落ち着きを取り戻す日。","無理に広げず、影響が抜けるまで整理と回復を優先する。"
"MONEY_ASSET_GROWTH_JUPITER","Money","資産を育てる追い風が強まるまで","6","30","収入や資産形成に前向きな流れが入り、長期的な豊かさを育てやすい日です。","投資、貯蓄、収入源の候補を一度書き出し、伸ばすものを一つ選んでおきましょう。"
"MONEY_ASSET_GROWTH_JUPITER_MOON_POS","Money","資産を育てる追い風が強まるまで","3","3","収入や資産形成に前向きな流れが入り、長期的な豊かさを育てやすい日です。","投資、貯蓄、収入源の候補を一度書き出し、伸ばすものを一つ選んでおきましょう。"
"MONEY_ASSET_GROWTH_JUPITER_MOON_NEG_EXIT","Money","金銭面の負荷を抜けるまで","3","3","お金に関する焦りが落ち着き、現実的な判断を取り戻せる日です。","急な出費や不安を整理し、今月守る予算ラインを確認しておきましょう。"
"MONEY_ASSET_GROWTH_JUPITER_SHORT_POS","Money","資産を育てる追い風が強まるまで","5","14","収入や資産形成に前向きな流れが入り、長期的な豊かさを育てやすい日です。","投資、貯蓄、収入源の候補を一度書き出し、伸ばすものを一つ選んでおきましょう。"
"MONEY_ASSET_GROWTH_JUPITER_SHORT_NEG_EXIT","Money","金銭面の負荷を抜けるまで","5","14","お金に関する焦りが落ち着き、現実的な判断を取り戻せる日です。","急な出費や不安を整理し、今月守る予算ラインを確認しておきましょう。"
"MONEY_ASSET_GROWTH_JUPITER_MID_POS","Money","資産を育てる追い風が強まるまで","7","45","収入や資産形成に前向きな流れが入り、長期的な豊かさを育てやすい日です。","投資、貯蓄、収入源の候補を一度書き出し、伸ばすものを一つ選んでおきましょう。"
"MONEY_ASSET_GROWTH_JUPITER_MID_NEG_EXIT","Money","金銭面の負荷を抜けるまで","7","45","お金に関する焦りが落ち着き、現実的な判断を取り戻せる日です。","急な出費や不安を整理し、今月守る予算ラインを確認しておきましょう。"
"MONEY_ASSET_GROWTH_JUPITER_LONG_POS","Money","資産を育てる追い風が強まるまで","8","90","収入や資産形成に前向きな流れが入り、長期的な豊かさを育てやすい日です。","投資、貯蓄、収入源の候補を一度書き出し、伸ばすものを一つ選んでおきましょう。"
"MONEY_ASSET_GROWTH_JUPITER_LONG_NEG_EXIT","Money","金銭面の負荷を抜けるまで","8","90","お金に関する焦りが落ち着き、現実的な判断を取り戻せる日です。","急な出費や不安を整理し、今月守る予算ラインを確認しておきましょう。"
"MONEY_BUDGET_RESET_SATURN","Money","家計を立て直す安定期まで","5","30","支出の癖が見えやすくなり、堅実な金銭管理へ戻しやすい日です。","固定費、サブスク、未整理の請求を確認し、削れる項目を一つ決めておきましょう。"
"MONEY_BUDGET_RESET_SATURN_MOON_POS","Money","家計を立て直す安定期まで","3","3","支出の癖が見えやすくなり、堅実な金銭管理へ戻しやすい日です。","固定費、サブスク、未整理の請求を確認し、削れる項目を一つ決めておきましょう。"
"MONEY_BUDGET_RESET_SATURN_MOON_NEG_EXIT","Money","金銭面の負荷を抜けるまで","3","3","お金の重さや制限感がほどけ、管理し直す余裕が戻る日です。","責めるよりも整える意識で、最低限守る支払いと貯蓄額を確認しておきましょう。"
"MONEY_BUDGET_RESET_SATURN_SHORT_POS","Money","家計を立て直す安定期まで","5","14","支出の癖が見えやすくなり、堅実な金銭管理へ戻しやすい日です。","固定費、サブスク、未整理の請求を確認し、削れる項目を一つ決めておきましょう。"
"MONEY_BUDGET_RESET_SATURN_SHORT_NEG_EXIT","Money","金銭面の負荷を抜けるまで","5","14","お金の重さや制限感がほどけ、管理し直す余裕が戻る日です。","責めるよりも整える意識で、最低限守る支払いと貯蓄額を確認しておきましょう。"
"MONEY_BUDGET_RESET_SATURN_MID_POS","Money","家計を立て直す安定期まで","7","45","支出の癖が見えやすくなり、堅実な金銭管理へ戻しやすい日です。","固定費、サブスク、未整理の請求を確認し、削れる項目を一つ決めておきましょう。"
"MONEY_BUDGET_RESET_SATURN_MID_NEG_EXIT","Money","金銭面の負荷を抜けるまで","7","45","お金の重さや制限感がほどけ、管理し直す余裕が戻る日です。","責めるよりも整える意識で、最低限守る支払いと貯蓄額を確認しておきましょう。"
"MONEY_BUDGET_RESET_SATURN_LONG_POS","Money","家計を立て直す安定期まで","8","90","支出の癖が見えやすくなり、堅実な金銭管理へ戻しやすい日です。","固定費、サブスク、未整理の請求を確認し、削れる項目を一つ決めておきましょう。"
"MONEY_BUDGET_RESET_SATURN_LONG_NEG_EXIT","Money","金銭面の負荷を抜けるまで","8","90","お金の重さや制限感がほどけ、管理し直す余裕が戻る日です。","責めるよりも整える意識で、最低限守る支払いと貯蓄額を確認しておきましょう。"
"MONEY_VALUE_UP_VENUS","Money","自分の価値が収入へつながるまで","5","14","魅力やセンスが評価され、報酬や買い物の満足度につながりやすい日です。","価格設定、見せ方、プロフィールを整え、自分の価値が伝わる形に磨いておきましょう。"
"MONEY_VALUE_UP_VENUS_MOON_POS","Money","自分の価値が収入へつながるまで","3","3","魅力やセンスが評価され、報酬や買い物の満足度につながりやすい日です。","価格設定、見せ方、プロフィールを整え、自分の価値が伝わる形に磨いておきましょう。"
"MONEY_VALUE_UP_VENUS_MOON_NEG_EXIT","Money","金銭面の負荷を抜けるまで","3","3","浪費や自己評価の揺れが落ち着き、必要なものを選び直せる日です。","欲しいものと必要なものを分け、満足度の高い支出だけを残しておきましょう。"
"MONEY_VALUE_UP_VENUS_SHORT_POS","Money","自分の価値が収入へつながるまで","5","14","魅力やセンスが評価され、報酬や買い物の満足度につながりやすい日です。","価格設定、見せ方、プロフィールを整え、自分の価値が伝わる形に磨いておきましょう。"
"MONEY_VALUE_UP_VENUS_SHORT_NEG_EXIT","Money","金銭面の負荷を抜けるまで","5","14","浪費や自己評価の揺れが落ち着き、必要なものを選び直せる日です。","欲しいものと必要なものを分け、満足度の高い支出だけを残しておきましょう。"
"MONEY_VALUE_UP_VENUS_MID_POS","Money","自分の価値が収入へつながるまで","7","45","魅力やセンスが評価され、報酬や買い物の満足度につながりやすい日です。","価格設定、見せ方、プロフィールを整え、自分の価値が伝わる形に磨いておきましょう。"
"MONEY_VALUE_UP_VENUS_MID_NEG_EXIT","Money","金銭面の負荷を抜けるまで","7","45","浪費や自己評価の揺れが落ち着き、必要なものを選び直せる日です。","欲しいものと必要なものを分け、満足度の高い支出だけを残しておきましょう。"
"MONEY_VALUE_UP_VENUS_LONG_POS","Money","自分の価値が収入へつながるまで","8","90","魅力やセンスが評価され、報酬や買い物の満足度につながりやすい日です。","価格設定、見せ方、プロフィールを整え、自分の価値が伝わる形に磨いておきましょう。"
"MONEY_VALUE_UP_VENUS_LONG_NEG_EXIT","Money","金銭面の負荷を抜けるまで","8","90","浪費や自己評価の揺れが落ち着き、必要なものを選び直せる日です。","欲しいものと必要なものを分け、満足度の高い支出だけを残しておきましょう。"
"MONEY_INCOME_CHANCE_MERCURY","Money","収入につながる情報が届くまで","4","10","副収入、契約、紹介など、お金につながる情報を拾いやすい日です。","気になる案件や連絡先を整理し、条件確認の質問を先に用意しておきましょう。"
"MONEY_INCOME_CHANCE_MERCURY_MOON_POS","Money","収入につながる情報が届くまで","3","3","副収入、契約、紹介など、お金につながる情報を拾いやすい日です。","気になる案件や連絡先を整理し、条件確認の質問を先に用意しておきましょう。"
"MONEY_INCOME_CHANCE_MERCURY_MOON_NEG_EXIT","Money","金銭面の負荷を抜けるまで","3","3","条件の見落としや連絡の混乱が収まり、判断材料を揃えやすい日です。","数字、期限、相手の条件を確認し、曖昧なまま進めない準備をしておきましょう。"
"MONEY_INCOME_CHANCE_MERCURY_SHORT_POS","Money","収入につながる情報が届くまで","5","14","副収入、契約、紹介など、お金につながる情報を拾いやすい日です。","気になる案件や連絡先を整理し、条件確認の質問を先に用意しておきましょう。"
"MONEY_INCOME_CHANCE_MERCURY_SHORT_NEG_EXIT","Money","金銭面の負荷を抜けるまで","5","14","条件の見落としや連絡の混乱が収まり、判断材料を揃えやすい日です。","数字、期限、相手の条件を確認し、曖昧なまま進めない準備をしておきましょう。"
"MONEY_INCOME_CHANCE_MERCURY_MID_POS","Money","収入につながる情報が届くまで","7","45","副収入、契約、紹介など、お金につながる情報を拾いやすい日です。","気になる案件や連絡先を整理し、条件確認の質問を先に用意しておきましょう。"
"MONEY_INCOME_CHANCE_MERCURY_MID_NEG_EXIT","Money","金銭面の負荷を抜けるまで","7","45","条件の見落としや連絡の混乱が収まり、判断材料を揃えやすい日です。","数字、期限、相手の条件を確認し、曖昧なまま進めない準備をしておきましょう。"
"MONEY_INCOME_CHANCE_MERCURY_LONG_POS","Money","収入につながる情報が届くまで","8","90","副収入、契約、紹介など、お金につながる情報を拾いやすい日です。","気になる案件や連絡先を整理し、条件確認の質問を先に用意しておきましょう。"
"MONEY_INCOME_CHANCE_MERCURY_LONG_NEG_EXIT","Money","金銭面の負荷を抜けるまで","8","90","条件の見落としや連絡の混乱が収まり、判断材料を揃えやすい日です。","数字、期限、相手の条件を確認し、曖昧なまま進めない準備をしておきましょう。"
"HEALTH_RECOVERY_MOON","Health","心身の回復リズムが整うまで","3","3","休息の質が上がり、心と体の緊張がゆるみやすい日です。","予定を詰め込みすぎず、睡眠、温かい食事、安心できる環境を先に確保しましょう。"
"HEALTH_RECOVERY_MOON_MOON_POS","Health","心身の回復リズムが整うまで","3","3","休息の質が上がり、心と体の緊張がゆるみやすい日です。","予定を詰め込みすぎず、睡眠、温かい食事、安心できる環境を先に確保しましょう。"
"HEALTH_RECOVERY_MOON_MOON_NEG_EXIT","Health","心身面の負荷を抜けるまで","3","3","疲労感や気分の波が落ち着き、無理のないペースへ戻せる日です。","消耗の原因を一つ減らし、回復に必要な時間を予定表に入れておきましょう。"
"HEALTH_RECOVERY_MOON_SHORT_POS","Health","心身の回復リズムが整うまで","5","10","休息の質が上がり、心と体の緊張がゆるみやすい日です。","予定を詰め込みすぎず、睡眠、温かい食事、安心できる環境を先に確保しましょう。"
"HEALTH_RECOVERY_MOON_SHORT_NEG_EXIT","Health","心身面の負荷を抜けるまで","5","10","疲労感や気分の波が落ち着き、無理のないペースへ戻せる日です。","消耗の原因を一つ減らし、回復に必要な時間を予定表に入れておきましょう。"
"HEALTH_RECOVERY_MOON_MID_POS","Health","心身の回復リズムが整うまで","6","30","休息の質が上がり、心と体の緊張がゆるみやすい日です。","予定を詰め込みすぎず、睡眠、温かい食事、安心できる環境を先に確保しましょう。"
"HEALTH_RECOVERY_MOON_MID_NEG_EXIT","Health","心身面の負荷を抜けるまで","6","30","疲労感や気分の波が落ち着き、無理のないペースへ戻せる日です。","消耗の原因を一つ減らし、回復に必要な時間を予定表に入れておきましょう。"
"HEALTH_RECOVERY_MOON_LONG_POS","Health","心身の回復リズムが整うまで","8","60","休息の質が上がり、心と体の緊張がゆるみやすい日です。","予定を詰め込みすぎず、睡眠、温かい食事、安心できる環境を先に確保しましょう。"
"HEALTH_RECOVERY_MOON_LONG_NEG_EXIT","Health","心身面の負荷を抜けるまで","8","60","疲労感や気分の波が落ち着き、無理のないペースへ戻せる日です。","消耗の原因を一つ減らし、回復に必要な時間を予定表に入れておきましょう。"
"HEALTH_ROUTINE_RESET_SATURN","Health","生活リズムを立て直す安定期まで","5","30","睡眠、食事、運動の基本を整え直し、体調管理を継続しやすい日です。","起床時間、食事時間、軽い運動のどれか一つを固定し、続けやすい形にしましょう。"
"HEALTH_ROUTINE_RESET_SATURN_MOON_POS","Health","生活リズムを立て直す安定期まで","3","3","睡眠、食事、運動の基本を整え直し、体調管理を継続しやすい日です。","起床時間、食事時間、軽い運動のどれか一つを固定し、続けやすい形にしましょう。"
"HEALTH_ROUTINE_RESET_SATURN_MOON_NEG_EXIT","Health","心身面の負荷を抜けるまで","3","3","乱れた習慣の影響が落ち着き、現実的な整え直しができる日です。","完璧を狙わず、今日から戻せる小さな習慣を一つだけ決めておきましょう。"
"HEALTH_ROUTINE_RESET_SATURN_SHORT_POS","Health","生活リズムを立て直す安定期まで","5","10","睡眠、食事、運動の基本を整え直し、体調管理を継続しやすい日です。","起床時間、食事時間、軽い運動のどれか一つを固定し、続けやすい形にしましょう。"
"HEALTH_ROUTINE_RESET_SATURN_SHORT_NEG_EXIT","Health","心身面の負荷を抜けるまで","5","10","乱れた習慣の影響が落ち着き、現実的な整え直しができる日です。","完璧を狙わず、今日から戻せる小さな習慣を一つだけ決めておきましょう。"
"HEALTH_ROUTINE_RESET_SATURN_MID_POS","Health","生活リズムを立て直す安定期まで","6","30","睡眠、食事、運動の基本を整え直し、体調管理を継続しやすい日です。","起床時間、食事時間、軽い運動のどれか一つを固定し、続けやすい形にしましょう。"
"HEALTH_ROUTINE_RESET_SATURN_MID_NEG_EXIT","Health","心身面の負荷を抜けるまで","6","30","乱れた習慣の影響が落ち着き、現実的な整え直しができる日です。","完璧を狙わず、今日から戻せる小さな習慣を一つだけ決めておきましょう。"
"HEALTH_ROUTINE_RESET_SATURN_LONG_POS","Health","生活リズムを立て直す安定期まで","8","60","睡眠、食事、運動の基本を整え直し、体調管理を継続しやすい日です。","起床時間、食事時間、軽い運動のどれか一つを固定し、続けやすい形にしましょう。"
"HEALTH_ROUTINE_RESET_SATURN_LONG_NEG_EXIT","Health","心身面の負荷を抜けるまで","8","60","乱れた習慣の影響が落ち着き、現実的な整え直しができる日です。","完璧を狙わず、今日から戻せる小さな習慣を一つだけ決めておきましょう。"
"HEALTH_DETOX_NEPTUNE","Health","深い浄化と休息が進むまで","6","45","心に溜まった疲れや情報過多を手放し、静かに回復しやすい日です。","SNSや刺激の強い情報を控え、入浴、瞑想、早寝など静かなケアを準備しましょう。"
"HEALTH_DETOX_NEPTUNE_MOON_POS","Health","深い浄化と休息が進むまで","3","3","心に溜まった疲れや情報過多を手放し、静かに回復しやすい日です。","SNSや刺激の強い情報を控え、入浴、瞑想、早寝など静かなケアを準備しましょう。"
"HEALTH_DETOX_NEPTUNE_MOON_NEG_EXIT","Health","心身面の負荷を抜けるまで","3","3","ぼんやりした不調や感情の重さが抜け、呼吸が深くなりやすい日です。","無理に答えを出さず、眠る前の情報量と予定量を減らしておきましょう。"
"HEALTH_DETOX_NEPTUNE_SHORT_POS","Health","深い浄化と休息が進むまで","5","10","心に溜まった疲れや情報過多を手放し、静かに回復しやすい日です。","SNSや刺激の強い情報を控え、入浴、瞑想、早寝など静かなケアを準備しましょう。"
"HEALTH_DETOX_NEPTUNE_SHORT_NEG_EXIT","Health","心身面の負荷を抜けるまで","5","10","ぼんやりした不調や感情の重さが抜け、呼吸が深くなりやすい日です。","無理に答えを出さず、眠る前の情報量と予定量を減らしておきましょう。"
"HEALTH_DETOX_NEPTUNE_MID_POS","Health","深い浄化と休息が進むまで","6","30","心に溜まった疲れや情報過多を手放し、静かに回復しやすい日です。","SNSや刺激の強い情報を控え、入浴、瞑想、早寝など静かなケアを準備しましょう。"
"HEALTH_DETOX_NEPTUNE_MID_NEG_EXIT","Health","心身面の負荷を抜けるまで","6","30","ぼんやりした不調や感情の重さが抜け、呼吸が深くなりやすい日です。","無理に答えを出さず、眠る前の情報量と予定量を減らしておきましょう。"
"HEALTH_DETOX_NEPTUNE_LONG_POS","Health","深い浄化と休息が進むまで","8","60","心に溜まった疲れや情報過多を手放し、静かに回復しやすい日です。","SNSや刺激の強い情報を控え、入浴、瞑想、早寝など静かなケアを準備しましょう。"
"HEALTH_DETOX_NEPTUNE_LONG_NEG_EXIT","Health","心身面の負荷を抜けるまで","8","60","ぼんやりした不調や感情の重さが抜け、呼吸が深くなりやすい日です。","無理に答えを出さず、眠る前の情報量と予定量を減らしておきましょう。"
"CREATIVE_ENDEAVOR_SHORT_NEG_EXIT","Work","創作面の負荷を抜けるまで","5","10","表現や制作の詰まりがほどけ、もう一度手を動かしやすい日です。","完成度を急がず、下書きや試作品として出せる形を一つ用意しておきましょう。"
"DAILY_ROUTINE_ADJUSTMENT_SHORT_NEG_EXIT","Health","日常リズムの乱れを抜けるまで","5","10","生活の小さな乱れが落ち着き、無理なく日常を立て直せる日です。","起床、食事、片づけのうち、今日戻す習慣を一つだけ決めておきましょう。"
"HOME_STABILITY_IC_SHORT_NEG_EXIT","General","家庭面の負荷を抜けるまで","5","10","家や身近な居場所に関する負担が和らぎ、安心を取り戻しやすい日です。","家の中で気になっている場所を一つ整え、落ち着ける空間を作っておきましょう。"
"HOUSE_BRIGHTENING_LONG_NEG","General","住環境の停滞を抜けるまで","8","60","住まいや生活環境の重さがほどけ、空間を明るく整え直せる日です。","不要なものを一つ手放し、光や風が入りやすい場所から整えておきましょう。"
"LOVE_REPAIR_MERCURY","Love","すれ違いを話し合える対話期まで","4","10","言葉の行き違いがほどけ、関係を修復するための会話がしやすい日です。","責める言葉ではなく、感じたことと望むことを短く伝える準備をしておきましょう。"
"LOVE_REPAIR_MERCURY_MOON_POS","Love","すれ違いを話し合える対話期まで","3","3","言葉の行き違いがほどけ、関係を修復するための会話がしやすい日です。","責める言葉ではなく、感じたことと望むことを短く伝える準備をしておきましょう。"
"LOVE_REPAIR_MERCURY_MOON_NEG_EXIT","Love","恋愛面の負荷を抜けるまで","3","3","誤解や返信待ちの重さが和らぎ、落ち着いて向き合える日です。","未送信の言葉や不安を書き出し、伝える必要があるものだけを残しましょう。"
"LOVE_REPAIR_MERCURY_SHORT_POS","Love","すれ違いを話し合える対話期まで","5","10","言葉の行き違いがほどけ、関係を修復するための会話がしやすい日です。","責める言葉ではなく、感じたことと望むことを短く伝える準備をしておきましょう。"
"LOVE_REPAIR_MERCURY_SHORT_NEG_EXIT","Love","恋愛面の負荷を抜けるまで","5","10","誤解や返信待ちの重さが和らぎ、落ち着いて向き合える日です。","未送信の言葉や不安を書き出し、伝える必要があるものだけを残しましょう。"
"LOVE_REPAIR_MERCURY_MID_POS","Love","すれ違いを話し合える対話期まで","6","30","言葉の行き違いがほどけ、関係を修復するための会話がしやすい日です。","責める言葉ではなく、感じたことと望むことを短く伝える準備をしておきましょう。"
"LOVE_REPAIR_MERCURY_MID_NEG_EXIT","Love","恋愛面の負荷を抜けるまで","6","30","誤解や返信待ちの重さが和らぎ、落ち着いて向き合える日です。","未送信の言葉や不安を書き出し、伝える必要があるものだけを残しましょう。"
"LOVE_REPAIR_MERCURY_LONG_POS","Love","すれ違いを話し合える対話期まで","8","60","言葉の行き違いがほどけ、関係を修復するための会話がしやすい日です。","責める言葉ではなく、感じたことと望むことを短く伝える準備をしておきましょう。"
"LOVE_REPAIR_MERCURY_LONG_NEG_EXIT","Love","恋愛面の負荷を抜けるまで","8","60","誤解や返信待ちの重さが和らぎ、落ち着いて向き合える日です。","未送信の言葉や不安を書き出し、伝える必要があるものだけを残しましょう。"
"LOVE_SPACE_RESET_URANUS","Love","新しい距離感が見つかるまで","6","30","束縛や思い込みから離れ、自由で健やかな関係性を選びやすい日です。","連絡頻度、会う頻度、自分時間の扱いを見直し、無理のない距離を決めましょう。"
"LOVE_SPACE_RESET_URANUS_MOON_POS","Love","新しい距離感が見つかるまで","3","3","束縛や思い込みから離れ、自由で健やかな関係性を選びやすい日です。","連絡頻度、会う頻度、自分時間の扱いを見直し、無理のない距離を決めましょう。"
"LOVE_SPACE_RESET_URANUS_MOON_NEG_EXIT","Love","恋愛面の負荷を抜けるまで","3","3","急な変化や距離感の乱れが落ち着き、自分らしい関係へ戻れる日です。","不安から急いで答えを出さず、必要な余白を先に確保しておきましょう。"
"LOVE_SPACE_RESET_URANUS_SHORT_POS","Love","新しい距離感が見つかるまで","5","10","束縛や思い込みから離れ、自由で健やかな関係性を選びやすい日です。","連絡頻度、会う頻度、自分時間の扱いを見直し、無理のない距離を決めましょう。"
"LOVE_SPACE_RESET_URANUS_SHORT_NEG_EXIT","Love","恋愛面の負荷を抜けるまで","5","10","急な変化や距離感の乱れが落ち着き、自分らしい関係へ戻れる日です。","不安から急いで答えを出さず、必要な余白を先に確保しておきましょう。"
"LOVE_SPACE_RESET_URANUS_MID_POS","Love","新しい距離感が見つかるまで","6","30","束縛や思い込みから離れ、自由で健やかな関係性を選びやすい日です。","連絡頻度、会う頻度、自分時間の扱いを見直し、無理のない距離を決めましょう。"
"LOVE_SPACE_RESET_URANUS_MID_NEG_EXIT","Love","恋愛面の負荷を抜けるまで","6","30","急な変化や距離感の乱れが落ち着き、自分らしい関係へ戻れる日です。","不安から急いで答えを出さず、必要な余白を先に確保しておきましょう。"
"LOVE_SPACE_RESET_URANUS_LONG_POS","Love","新しい距離感が見つかるまで","8","60","束縛や思い込みから離れ、自由で健やかな関係性を選びやすい日です。","連絡頻度、会う頻度、自分時間の扱いを見直し、無理のない距離を決めましょう。"
"LOVE_SPACE_RESET_URANUS_LONG_NEG_EXIT","Love","恋愛面の負荷を抜けるまで","8","60","急な変化や距離感の乱れが落ち着き、自分らしい関係へ戻れる日です。","不安から急いで答えを出さず、必要な余白を先に確保しておきましょう。"
"GENERAL_HOME_ORDER_MOON","General","暮らしの安心感が整うまで","4","10","家や身近な人間関係に落ち着きが戻り、生活の基盤を整えやすい日です。","部屋の一角、冷蔵庫、寝具など、安心感に直結する場所を先に整えましょう。"
"GENERAL_HOME_ORDER_MOON_MOON_POS","General","暮らしの安心感が整うまで","3","3","家や身近な人間関係に落ち着きが戻り、生活の基盤を整えやすい日です。","部屋の一角、冷蔵庫、寝具など、安心感に直結する場所を先に整えましょう。"
"GENERAL_HOME_ORDER_MOON_MOON_NEG_EXIT","General","運勢面の負荷を抜けるまで","3","3","家庭や生活まわりのざわつきが落ち着き、安心できる場所へ戻れる日です。","家族や同居人との小さな不満をためず、必要なことを短く共有しておきましょう。"
"GENERAL_HOME_ORDER_MOON_SHORT_POS","General","暮らしの安心感が整うまで","5","10","家や身近な人間関係に落ち着きが戻り、生活の基盤を整えやすい日です。","部屋の一角、冷蔵庫、寝具など、安心感に直結する場所を先に整えましょう。"
"GENERAL_HOME_ORDER_MOON_SHORT_NEG_EXIT","General","運勢面の負荷を抜けるまで","5","10","家庭や生活まわりのざわつきが落ち着き、安心できる場所へ戻れる日です。","家族や同居人との小さな不満をためず、必要なことを短く共有しておきましょう。"
"GENERAL_HOME_ORDER_MOON_MID_POS","General","暮らしの安心感が整うまで","6","30","家や身近な人間関係に落ち着きが戻り、生活の基盤を整えやすい日です。","部屋の一角、冷蔵庫、寝具など、安心感に直結する場所を先に整えましょう。"
"GENERAL_HOME_ORDER_MOON_MID_NEG_EXIT","General","運勢面の負荷を抜けるまで","6","30","家庭や生活まわりのざわつきが落ち着き、安心できる場所へ戻れる日です。","家族や同居人との小さな不満をためず、必要なことを短く共有しておきましょう。"
"GENERAL_HOME_ORDER_MOON_LONG_POS","General","暮らしの安心感が整うまで","8","60","家や身近な人間関係に落ち着きが戻り、生活の基盤を整えやすい日です。","部屋の一角、冷蔵庫、寝具など、安心感に直結する場所を先に整えましょう。"
"GENERAL_HOME_ORDER_MOON_LONG_NEG_EXIT","General","運勢面の負荷を抜けるまで","8","60","家庭や生活まわりのざわつきが落ち着き、安心できる場所へ戻れる日です。","家族や同居人との小さな不満をためず、必要なことを短く共有しておきましょう。"
"GENERAL_LEARNING_OPEN_MERCURY","General","新しい学びが開くまで","4","10","知的好奇心が高まり、必要な情報や学びの入口に出会いやすい日です。","読みたい資料、受けたい講座、調べたいテーマを一つに絞って準備しましょう。"
"GENERAL_LEARNING_OPEN_MERCURY_MOON_POS","General","新しい学びが開くまで","3","3","知的好奇心が高まり、必要な情報や学びの入口に出会いやすい日です。","読みたい資料、受けたい講座、調べたいテーマを一つに絞って準備しましょう。"
"GENERAL_LEARNING_OPEN_MERCURY_MOON_NEG_EXIT","General","運勢面の負荷を抜けるまで","3","3","情報過多や迷いが落ち着き、必要な知識を選び直せる日です。","あれもこれも追わず、今の目的に必要な情報源だけを残しましょう。"
"GENERAL_LEARNING_OPEN_MERCURY_SHORT_POS","General","新しい学びが開くまで","5","10","知的好奇心が高まり、必要な情報や学びの入口に出会いやすい日です。","読みたい資料、受けたい講座、調べたいテーマを一つに絞って準備しましょう。"
"GENERAL_LEARNING_OPEN_MERCURY_SHORT_NEG_EXIT","General","運勢面の負荷を抜けるまで","5","10","情報過多や迷いが落ち着き、必要な知識を選び直せる日です。","あれもこれも追わず、今の目的に必要な情報源だけを残しましょう。"
"GENERAL_LEARNING_OPEN_MERCURY_MID_POS","General","新しい学びが開くまで","6","30","知的好奇心が高まり、必要な情報や学びの入口に出会いやすい日です。","読みたい資料、受けたい講座、調べたいテーマを一つに絞って準備しましょう。"
"GENERAL_LEARNING_OPEN_MERCURY_MID_NEG_EXIT","General","運勢面の負荷を抜けるまで","6","30","情報過多や迷いが落ち着き、必要な知識を選び直せる日です。","あれもこれも追わず、今の目的に必要な情報源だけを残しましょう。"
"GENERAL_LEARNING_OPEN_MERCURY_LONG_POS","General","新しい学びが開くまで","8","60","知的好奇心が高まり、必要な情報や学びの入口に出会いやすい日です。","読みたい資料、受けたい講座、調べたいテーマを一つに絞って準備しましょう。"
"GENERAL_LEARNING_OPEN_MERCURY_LONG_NEG_EXIT","General","運勢面の負荷を抜けるまで","8","60","情報過多や迷いが落ち着き、必要な知識を選び直せる日です。","あれもこれも追わず、今の目的に必要な情報源だけを残しましょう。"
"WORK_FOCUS_MERCURY","Work","集中力が研ぎ澄まされる時間まで","4","10","思考が整理され、細かい作業や判断を効率よく進めやすい日です。","通知を減らし、最初に片づけるタスクを一つだけ決めて作業環境を整えましょう。"
"WORK_FOCUS_MERCURY_MOON_POS","Work","集中力が研ぎ澄まされる時間まで","3","3","思考が整理され、細かい作業や判断を効率よく進めやすい日です。","通知を減らし、最初に片づけるタスクを一つだけ決めて作業環境を整えましょう。"
"WORK_FOCUS_MERCURY_MOON_NEG_EXIT","Work","仕事面の負荷を抜けるまで","3","3","散らかった思考や連絡の混乱が収まり、優先順位を戻せる日です。","未返信、未整理のメモ、締切を確認し、今日見るものを絞っておきましょう。"
"WORK_FOCUS_MERCURY_SHORT_POS","Work","集中力が研ぎ澄まされる時間まで","5","10","思考が整理され、細かい作業や判断を効率よく進めやすい日です。","通知を減らし、最初に片づけるタスクを一つだけ決めて作業環境を整えましょう。"
"WORK_FOCUS_MERCURY_SHORT_NEG_EXIT","Work","仕事面の負荷を抜けるまで","5","10","散らかった思考や連絡の混乱が収まり、優先順位を戻せる日です。","未返信、未整理のメモ、締切を確認し、今日見るものを絞っておきましょう。"
"WORK_FOCUS_MERCURY_MID_POS","Work","集中力が研ぎ澄まされる時間まで","6","30","思考が整理され、細かい作業や判断を効率よく進めやすい日です。","通知を減らし、最初に片づけるタスクを一つだけ決めて作業環境を整えましょう。"
"WORK_FOCUS_MERCURY_MID_NEG_EXIT","Work","仕事面の負荷を抜けるまで","6","30","散らかった思考や連絡の混乱が収まり、優先順位を戻せる日です。","未返信、未整理のメモ、締切を確認し、今日見るものを絞っておきましょう。"
"WORK_FOCUS_MERCURY_LONG_POS","Work","集中力が研ぎ澄まされる時間まで","8","60","思考が整理され、細かい作業や判断を効率よく進めやすい日です。","通知を減らし、最初に片づけるタスクを一つだけ決めて作業環境を整えましょう。"
"WORK_FOCUS_MERCURY_LONG_NEG_EXIT","Work","仕事面の負荷を抜けるまで","8","60","散らかった思考や連絡の混乱が収まり、優先順位を戻せる日です。","未返信、未整理のメモ、締切を確認し、今日見るものを絞っておきましょう。"
"WORK_STABILITY_SATURN","Work","仕事の土台が固まる節目まで","6","45","責任や継続力が評価され、長く使える仕事の基盤を整えやすい日です。","手順書、契約、スケジュール、役割分担を見直し、抜けを減らしておきましょう。"
"WORK_STABILITY_SATURN_MOON_POS","Work","仕事の土台が固まる節目まで","3","3","責任や継続力が評価され、長く使える仕事の基盤を整えやすい日です。","手順書、契約、スケジュール、役割分担を見直し、抜けを減らしておきましょう。"
"WORK_STABILITY_SATURN_MOON_NEG_EXIT","Work","仕事面の負荷を抜けるまで","3","3","責任の重さや停滞感が整理され、現実的に進め直せる日です。","一人で抱えている作業を見つけ、相談する相手や期限を明確にしましょう。"
"WORK_STABILITY_SATURN_SHORT_POS","Work","仕事の土台が固まる節目まで","5","10","責任や継続力が評価され、長く使える仕事の基盤を整えやすい日です。","手順書、契約、スケジュール、役割分担を見直し、抜けを減らしておきましょう。"
"WORK_STABILITY_SATURN_SHORT_NEG_EXIT","Work","仕事面の負荷を抜けるまで","5","10","責任の重さや停滞感が整理され、現実的に進め直せる日です。","一人で抱えている作業を見つけ、相談する相手や期限を明確にしましょう。"
"WORK_STABILITY_SATURN_MID_POS","Work","仕事の土台が固まる節目まで","6","30","責任や継続力が評価され、長く使える仕事の基盤を整えやすい日です。","手順書、契約、スケジュール、役割分担を見直し、抜けを減らしておきましょう。"
"WORK_STABILITY_SATURN_MID_NEG_EXIT","Work","仕事面の負荷を抜けるまで","6","30","責任の重さや停滞感が整理され、現実的に進め直せる日です。","一人で抱えている作業を見つけ、相談する相手や期限を明確にしましょう。"
"WORK_STABILITY_SATURN_LONG_POS","Work","仕事の土台が固まる節目まで","8","90","責任や継続力が評価され、長く使える仕事の基盤を整えやすい日です。","手順書、契約、スケジュール、役割分担を見直し、抜けを減らしておきましょう。"
"WORK_STABILITY_SATURN_LONG_NEG_EXIT","Work","仕事面の負荷を抜けるまで","8","90","責任の重さや停滞感が整理され、現実的に進め直せる日です。","一人で抱えている作業を見つけ、相談する相手や期限を明確にしましょう。"
"GENERAL_LIFE_RESET_URANUS","General","人生の流れを切り替える日まで","6","45","古い前提を外し、新しい選択肢へ踏み出しやすい日です。","変えたい習慣や環境を一つ選び、小さく試せる行動に分解しておきましょう。"
"GENERAL_LIFE_RESET_URANUS_MOON_POS","General","人生の流れを切り替える日まで","3","3","古い前提を外し、新しい選択肢へ踏み出しやすい日です。","変えたい習慣や環境を一つ選び、小さく試せる行動に分解しておきましょう。"
"GENERAL_LIFE_RESET_URANUS_MOON_NEG_EXIT","General","運勢面の負荷を抜けるまで","3","3","急な変化の揺れが落ち着き、次の方向性を選び直せる日です。","変化への反応を書き出し、残すものと手放すものを整理しましょう。"
"GENERAL_LIFE_RESET_URANUS_SHORT_POS","General","人生の流れを切り替える日まで","5","10","古い前提を外し、新しい選択肢へ踏み出しやすい日です。","変えたい習慣や環境を一つ選び、小さく試せる行動に分解しておきましょう。"
"GENERAL_LIFE_RESET_URANUS_SHORT_NEG_EXIT","General","運勢面の負荷を抜けるまで","5","10","急な変化の揺れが落ち着き、次の方向性を選び直せる日です。","変化への反応を書き出し、残すものと手放すものを整理しましょう。"
"GENERAL_LIFE_RESET_URANUS_MID_POS","General","人生の流れを切り替える日まで","6","30","古い前提を外し、新しい選択肢へ踏み出しやすい日です。","変えたい習慣や環境を一つ選び、小さく試せる行動に分解しておきましょう。"
"GENERAL_LIFE_RESET_URANUS_MID_NEG_EXIT","General","運勢面の負荷を抜けるまで","6","30","急な変化の揺れが落ち着き、次の方向性を選び直せる日です。","変化への反応を書き出し、残すものと手放すものを整理しましょう。"
"GENERAL_LIFE_RESET_URANUS_LONG_POS","General","人生の流れを切り替える日まで","8","90","古い前提を外し、新しい選択肢へ踏み出しやすい日です。","変えたい習慣や環境を一つ選び、小さく試せる行動に分解しておきましょう。"
"GENERAL_LIFE_RESET_URANUS_LONG_NEG_EXIT","General","運勢面の負荷を抜けるまで","8","90","急な変化の揺れが落ち着き、次の方向性を選び直せる日です。","変化への反応を書き出し、残すものと手放すものを整理しましょう。"
"GENERAL_HOME_ORDER_MOON_LONG_NEG","General","暮らしの安心感を乱す重さを抜けるまで","8","60","家庭や生活まわりの停滞がほどけ、安心できる場所へ戻れる日です。","家の中で気になっている場所を一つ整え、落ち着ける空間を作っておきましょう。"
