Planet_A,Planet_B,Planet_A_House,Planet_B_House,Summary_Title,Summary_Text
Jupiter,Saturn,Solar_1,Solar_1,自己イメージの刷新,自分個人の立場や社会的な役割を新しくして、他人に頼らずに新たなスタートを切らざるを得ないような、現実的な変化がやってきます。急に増えた責任や慣れない環境の重さに圧倒され、これまでのやり方が通用しない現実に直面して、孤独や一時的なプレッシャーを感じることもあるでしょう。しかし、ここで現実から逃げずに自分の責任をしっかりと引き受け、一つ一つの課題に真摯に向き合っていくことで、誰かに依存することのない自立した自信と、今後の人生を自分の力でコントロールしていくための揺るぎない土台を築き上げることができます。
Jupiter,Saturn,Solar_1,Solar_2,生活基盤の再構築,自分自身が表舞台に立って新しい挑戦を始めようとする一方で、手元の資金や現実的な所得の面で厳しい制約や不自由さを感じる出来事がやってきます。慣れない環境で自分の力だけで稼ぐことの難しさに直面し、一時的な経済的不安や将来へのプレッシャーを覚えることもあるでしょう。しかし、ここで現実から逃げずに日々の支出を見直し、自分の持っているスキルや価値を地道に磨いていくことで、誰にも依存しない確かな金銭感覚と、今後の人生を自分の力で支えていくための揺るぎない生活基盤を築くことができます。
Jupiter,Saturn,Solar_1,Solar_3,伝わる言葉の模索,新しい活動を開始しようとする時期ですが、周囲とのコミュニケーションや日常的な情報発信において、思うように真意が伝わらないもどかしさに直面します。自分の考えをうまく言葉にできなかったり、身近な人間関係の中で孤立感やプレッシャーを覚えることもあるでしょう。しかし、ここで感情的にならずに自分の意見を丁寧に整理し、相手の話に真摯に耳を傾ける努力を重ねることで、誰からも信頼される伝える力と、生涯にわたって支え合える本当に必要な人間関係を築き上げることができます。
Jupiter,Saturn,Solar_1,Solar_4,暮らしの足元固め,外の世界に向けて新たな一歩を踏み出したいという意欲が高まる一方で、家庭環境や暮らしの基盤において、解決すべき現実的な問題や不自由さが発生します。住まいやプライベートな環境での責任が重くのしかかり、やりたいことに集中できないもどかしさやプレッシャーを感じることもあるでしょう。しかし、ここで外への焦りを抑えて足元の生活環境や家族との関係を丁寧に見直し、強固に整えることで、何があっても揺るぎない心の拠り所と、今後の挑戦を力強く支えてくれる確固たる生活の土台を手に入れることができます。
Jupiter,Saturn,Solar_1,Solar_5,純粋な楽しみの探求,主体的になって何か新しいことを表現し始めたい時期ですが、趣味やクリエイティブな活動、または自己表現において、自分の実力不足を感じて自由に楽しめないもどかしさに直面します。本当に好きなことに対して責任やプレッシャーを感じ、他人の目が気になって一時的なスランプを覚えることもあるでしょう。しかし、ここで目先の評価に振り回されず、基本から地道に練習や努力を重ねていくことで、誰にも真似できない本物の表現力と、自分の中に決して揺るぎない確かな自己肯定感を築くことができます。
Jupiter,Saturn,Solar_1,Solar_6,日々の役割の遂行,自分の能力を発揮して前に出たいという意欲が高まる一方で、日々の地道な業務や健康管理において、自分の思い通りにならない窮屈さや体調の限界に直面します。地味なルーティンや細かい作業が急増し、自分の時間を持てないもどかしさやストレスを感じることもあるでしょう。しかし、ここで不平不満を言わずに与えられた役割を一つ一つ丁寧にこなし、体調管理を徹底していくことで、社会的に高く評価される実務能力と、どのような環境でも安定して力を発揮できる健やかな体と信頼を獲得できます。
Jupiter,Saturn,Solar_1,Solar_7,対人関係のルール整備,自分を中心とした新しい挑戦を開始しようとする中で、パートナーや仕事関係の相手など、特定の人物との間で逃げられない対等な責任問題や衝突が発生します。人間関係のしがらみや契約上の厳しいルールに縛られ、自分の思い通りに動けないプレッシャーを感じることもあるでしょう。しかし、ここで相手に甘えたり現実から逃げたりせず、お互いの権利と責任を対等に話し合い、信頼関係を再構築することで、生涯にわたってあなたを支えてくれる強力なパートナーや、強固な人間関係のネットワークを築くことができます。
Jupiter,Saturn,Solar_1,Solar_8,共有資産の整理,自分の力で新たなスタートを切ろうとする時期ですが、他人から引き継いだ財産や共同のローン、または深い人間関係のしがらみにおいて、シビアな問題やお金の負担に向き合わざるを得なくなります。目に見えない他者とのしがらみや隠された義務に直面し、重いプレッシャーや不自由さを覚えることもあるでしょう。しかし、ここで他者への依存を断ち切り、共有しているルールやお金の流れを徹底的に整理して責任を果たすことで、誰にも脅かされることのない揺るぎない財産の土台と、深い信頼で結ばれた強固な関係性を手に入れることができます。
Jupiter,Saturn,Solar_1,Solar_9,長期ビジョンの検証,自分の存在感を高めていきたいという前向きな勢いがある一方で、専門的な学びや長期的な計画、または自分の信念において、これまでのやり方や視野の狭さを痛感する出来事が起こります。高い目標を掲げるものの、今の自分の知識や実力の限界に直面し、焦りや無力感を覚えることもあるでしょう。しかし、ここで甘い見通しを捨てて基礎から学び直し、一歩ずつ地道に計画を検証していくことで、誰にも崩されることのない深い専門性と、揺るぎない自信を持って人生の長期ビジョンを歩んでいくための確かな羅針盤を獲得できます。
Jupiter,Saturn,Solar_1,Solar_10,キャリアの責任の引き受け,自分自身を新しく刷新したいという意欲がある一方で、社会的な肩書や仕事上の重い責任が急激にのしかかり、自分のやりたいことが制限される窮屈さに直面します。プレッシャーの中で結果を求められ、自分の実力不足に悩みや限界を感じることもあるでしょう。しかし、ここでプレッシャーから逃げずに与えられた社会的役割を大人の責任として引き受け、地道に成果を出し続けることで、誰からも一目置かれる高い社会的信頼と、ビジネスにおいて自分の意思で采配を振るうことができる強固なキャリアの足場を確立できます。
Jupiter,Saturn,Solar_1,Solar_11,友人関係の整理,自分一人で新しい歩みを進めようとする一方で、これまでの友人関係や所属しているサークル、または未来のネットワークにおいて、関係の見直しや整理が必要になる出来事が起こります。価値観の合わない集団とのしがらみに直面し、一時的な人間関係の孤独やプレッシャーを感じることもあるでしょう。しかし、ここで不誠実な繋がりや無駄な社交をきっぱりと整理し、同じ志を持つ本物の仲間だけと丁寧に向き合うことで、今後のあなたの未来を心から支え続けてくれる、真に強固な人間の絆のネットワークを築くことができます。
Jupiter,Saturn,Solar_1,Solar_12,心の奥のしがらみの解消,自分自身を新しくして表舞台へ出ようとする一方で、心の中にある過去のトラウマや、解決していない隠れた責任問題が水面下から突如として浮上してきます。現実の行動を阻む見えない不安や健康上の問題に圧倒され、前進できない焦りや孤独を感じることもあるでしょう。しかし、ここで現実から目を背けずに自分の内面と真摯に向き合い、過去のしがらみを一つ一つ丁寧に受け入れ清算していくことで、誰の言葉にも脅かされない深い心の静けさと、今後の人生を再出発させるための強靭な自己信頼を手に入れることができます。
Jupiter,Saturn,Solar_2,Solar_1,自己管理による収入アップ,自分の能力でお金を稼ぐチャンスや豊かさを広げる機会が巡ってくる一方で、自分自身の体調の限界や、急増する自己管理への厳しい責任に直面します。稼ぎたい意欲に反して、自分の未熟さや役割の重さに圧倒され、一時的なプレッシャーや孤独を覚えることもあるでしょう。しかし、ここで誰かに頼る甘えを捨てて自分自身の生活態度を厳しく律し、新たな役割をしっかりと引き受け切ることで、他者に依存することのない自立した自信と、今後の収入を自力でコントロールし維持していくための強固な生活基盤を築くことができます。
Jupiter,Saturn,Solar_2,Solar_2,収支バランスの再編,金銭的なチャンスや臨時収入などの機会が広がる一方で、同時にお金の使い方や貯蓄について、厳しい自己規律や予期せぬ出費制限に向き合わざるを得なくなります。お金の出入りが激しくなり、今後の経済的なやりくりに対して強い不安や不自由さを感じることもあるでしょう。しかし、ここで目先の誘惑に負けずに無駄な出費を徹底的に抑え、地道に家計のルールを再設計することで、誰に頼ることもなく自らの手で未来の生活を支えていける、揺るぎない強固な金銭的安定と貯蓄の土台を築き上げることができます。
Jupiter,Saturn,Solar_2,Solar_3,学びを活かした収入源の確保,自分のスキルでお金を稼ぎたいという前向きな意欲が高まる一方で、周囲との日常的な連絡や会話、または自分のコミュニケーション能力において、厳しい課題やもどかしさに直面します。自分の考えがうまく伝わらず、取引先や身近な人間関係の中で行き詰まりやプレッシャーを感じることもあるでしょう。しかし、ここで焦らずに相手の話を最後まで丁寧に聞き、伝えるスキルを地道に磨いていくことで、誰からも信頼されるコミュニケーション能力と、自分の知見を活かしてお金に変えていくための確実なスキル基盤を獲得できます。
Jupiter,Saturn,Solar_2,Solar_4,家族を支える資金の準備,収入を増やしたいという前向きな意欲やチャンスがある一方で、家庭環境や暮らしの基盤において、予想外の責任や経済的な負担が発生します。住まいや家族の問題で自由にお金を使えなかったり、プライベートな環境を整えるためのプレッシャーを覚えることもあるでしょう。しかし、ここで現実から目を背けずに足元の生活環境や家族との関係を優先して整理し、地道に家庭のルールを整えることで、経済的な不安を解消する揺るぎない暮らしの安心と、今後の豊かさを力強く育む心の土台を手に入れることができます。
Jupiter,Saturn,Solar_2,Solar_5,自己投資と娯楽の規律,自分の能力でお金を増やすことや投資への興味が高まる一方で、趣味や遊び、または自己表現において、過度な支出への厳しいブレーキや、自分の実力不足に直面します。本当にやりたいことに対して責任を感じ、他人の目や評価が気になって一時的なスランプを感じることもあるでしょう。しかし、ここで一時の快楽や流行に流されず、自分の本当に好きな分野に対して地道に基礎から投資と練習を積み重ねることで、将来的に大きな価値を生み出す本物の専門スキルと、揺るぎない自信をその手に掴むことができます。
Jupiter,Saturn,Solar_2,Solar_6,日々の役割から得る豊かさ,収入を安定させたいという意欲やチャンスがある一方で、職場での日々の細かい実務や健康管理において、自分の思い通りにならない窮屈さや体調の限界に直面します。面倒な雑務や単調な作業が急増し、時間的・体力的なプレッシャーからストレスを感じることもあるでしょう。しかし、ここで不満を言わずに与えられた役割を一つ一つ完璧にこなし、日々の自己管理を徹底していくことで、仕事を通じて得られる確実な臨時収入の機会と、職場での揺るぎない高い評価と実務の強固な土台を築くことができます。
Jupiter,Saturn,Solar_2,Solar_7,共同ビジネスの契約整備,ビジネスや新しい仕事で金銭的なチャンスが広がる一方で、特定のパートナーや取引先との契約、あるいは対人関係において、逃げられない厳しい責任や制限が発生します。人間関係のしがらみや不合理な要求に縛られ、お金のことで自由が利かないもどかしさを感じることもあるでしょう。しかし、ここでなあなあな関係にせず、お互いの役割と契約内容を対等に整理して向き合うことで、無駄な損失を防ぎ、生涯にわたってあなたに確実な利益をもたらし続ける強力なビジネスパートナーを掴むことができます。
Jupiter,Saturn,Solar_2,Solar_8,他者とのお金の関係の清算,自力で収入を増やしようとする前向きな動きがある一方で、借入やローン、他人から引き継いだ財産やしがらみのあるお金に関して、非常に厳しい清算や見直しを求められます。目に見えない金銭的負担や義務に直面し、重いプレッシャーや不自由さを覚えることもあるでしょう。しかし、ここで現実から目を背けずに他者へのお金の甘えを完全に断ち切り、責任を持って義務を整理し切ることで、他人に脅かされることのない自分だけの純粋な資産と、深い信頼に基づく強固な経済的パートナーシップを手に入れることができます。
Jupiter,Saturn,Solar_2,Solar_9,専門スキルを高める自己投資,収入を拡大したいというチャンスや意欲がある一方で、自分自身の専門知識や長期的な計画において、実力不足や古い考え方の限界を痛感する出来事が起こります。高い目標を立てるものの、知識不足のために思うように進まず、焦りやプレッシャーを覚えることもあるでしょう。しかし、ここで手っ取り早く稼ごうとせず、基礎から地道に専門分野を学び直し、知識の土台を固めていくことで、将来の収入を圧倒的に高める本物の専門性と、自信を持って長期的なビジネスを拡大していくための確実な足場を獲得できます。
Jupiter,Saturn,Solar_2,Solar_10,社会的地位に見合う基盤作り,自力で稼ぐ力や豊かさを広げたいという前向きなチャンスがある一方で、社会的な肩書や仕事の重い責任がのしかかり、自分の自由なお金や時間が制限される窮屈さに直面します。プレッシャーの中で結果を求められ、自分の実力不足にプレッシャーを感じることもあるでしょう。しかし、ここで重圧から逃げずに与えられた社会的役割をしっかりと引き受け、地道に成果を出し続けることで、結果として大きな金銭的リターンと、今後のビジネスで圧倒的に有利に立ち回るための揺るぎないキャリアの基盤を手にできます。
Jupiter,Saturn,Solar_2,Solar_11,交際費の徹底見直し,自らのスキルで収入を伸ばす機会が巡ってくる一方で、友人関係や所属しているネットワーク、または未来のグループ活動において、無駄な交際費や厳しい予算制限に向き合わざるを得なくなります。人間関係でのしがらみやお金の使いすぎでストレスやプレッシャーを感じることもあるでしょう。しかし、ここで価値観の合わない集団との無駄な付き合いをきっぱりと整理し、本当に志が同じ仲間との関係に絞って向き合うことで、無駄なお金を完全にカットし、今後のあなたの経済活動を強力に支えてくれる本物のネットワークを築くことができます。
Jupiter,Saturn,Solar_2,Solar_12,不透明なお金の清算,自分自身のスキルで豊かさを広げようとする中で、過去の不透明なお金の使い方や、誰にも言えない金銭的しがらみが水面下から突如として浮上してきます。予期せぬ支出や見えないお金の流出に圧倒され、焦りや経済的プレッシャーを感じることもあるでしょう。しかし、ここで現実から目を背けずに自分の内面と真摯に向き合い、過去の金銭的しがらみを一つ一つ丁寧に受け入れ清算していくことで、不要な金銭の流出を完全に防ぎ、今後の人生を再出発させるための揺るぎない経済的安心を手に入れることができます。
Jupiter,Saturn,Solar_3,Solar_1,伝えるための自己改革,日常的な学びや新しい情報のやり取り、身近な対話を通じて視野を広げる機会が巡ってくる一方で、自分自身の体調の限界や、厳しい自己管理の責任に直面します。他人と交流したい気持ちに反して、自分の未熟さや役割の重さに圧倒され、一時的な孤独やプレッシャーを感じることもあるでしょう。しかし、ここで他人に頼る甘えを捨てて自分自身の生活態度を厳しく律し、伝えるための役割をしっかりと引き受け切ることで、他者に依存しない揺るぎない自己信頼と、今後の人間関係を自分の力で円滑に保っていくための確固たる土台を築くことができます。
Jupiter,Saturn,Solar_3,Solar_2,学びと収入の現実的なバランス,新しい資格の勉強や身近なコミュニケーションを活発に広げようとする一方で、手元の資金や現実的な所得の面で、厳しい支出制限や不自由さに直面します。学びたい意欲に反してお金を自由に使えないもどかしさを感じ、将来の生活へのプレッシャーを覚えることもあるでしょう。しかし、ここで現実から目を背けずに日々の無駄な出費を徹底的に抑え、お金のかからない方法で地道に知識やスキルを磨いていくことで、無駄のない強固な金銭感覚と、その知識を活かして将来的に自立して生きていくための揺るぎない土台を築けます。
Jupiter,Saturn,Solar_3,Solar_3,言葉づかいの徹底した見直し,新しい情報の収集やコミュニケーションの機会が広がる一方で、同時に日常的な連絡や会話、または自分のコミュニケーション能力において、厳しい課題や他者との摩擦に向き合わざるを得なくなります。自分の言葉が誤解されてもどかしさを感じ、対人関係での孤立やプレッシャーを覚えることもあるでしょう。しかし、ここで感情的に言い訳をせず、自分の発言に責任を持って丁寧に相手の話を聞き、伝える工夫を重ねることで、誰からも一目置かれる本物の伝達力と、揺るぎない深い対人関係の土台を築くことができます。
Jupiter,Saturn,Solar_3,Solar_4,暮らしの中での言葉の整理,日常的な学びや周囲との交流を広げたいという前向きな意欲がある一方で、家庭環境や暮らしの基盤において、解決すべき予想外の責任や精神的な負担が発生します。住まいや家族の心配事で落ち着いて学ぶ時間が持てず、プライベートな環境でのストレスを感じることもあるでしょう。しかし、ここで外への焦りを抑えて足元の生活環境や家族との対話を優先し、丁寧にルールを整えることで、毎日の暮らしに心からの安心を取り戻し、今後のすべての学びや活動を支える確固たる生活の土台を築くことができます。
Jupiter,Saturn,Solar_3,Solar_5,発信スキルの地道な鍛錬,自分の考えをSNSなどで活発に表現したいという前向きな意欲が高まる一方で、趣味や遊び、または自己表現において、自分の知識や実力不足を感じて自由に楽しめない限界に直面します。本当にやりたいことに対してプレッシャーを感じ、他人の目や評価が気になって自信を失うこともあるでしょう。しかし、ここで流行に流されず、自分の表現したい分野に対して地道に基礎的な練習や情報収集を繰り返すことで、将来的に大きな影響を与える本物の発信力と、他人の言葉に揺らぐことのない強い自己肯定感を獲得できます。
Jupiter,Saturn,Solar_3,Solar_6,実務を円滑にする対話の工夫,日々のコミュニケーションや学習を活発に進めたいという意欲がある一方で、職場での細かい実務や健康管理において、自分の思い通りにならない窮屈さや体調の限界に直面します。地味なルーティンや細かい作業が急増し、自分の時間を持てないもどかしさやプレッシャーを感じることもあるでしょう。しかし、ここで愚痴を言わずに与えられた役割を一つ一つ丁寧にこなし、体調管理を徹底していくことで、仕事を通じて得られる確かな知見の広がりと、職場での揺るぎない高い評価と実務の強固な土台を築くことができます。
Jupiter,Saturn,Solar_3,Solar_7,対等なパートナー関係のルール,新しい情報の共有や周囲との活発な交流を楽しむチャンスがある一方で、特定のパートナーや取引先との契約、あるいは1対1の対人関係において、逃げられない厳しい責任や対立が発生します。人間関係のしがらみや契約の制限に縛られ、自分の意見を通せないもどかしさやプレッシャーを感じることもあるでしょう。しかし、ここで関係をなあなあにせず、お互いの役割と連絡のルールを対等に整理して誠実に向き合うことで、トラブルを完全に防ぎ、今後のあなたの活動を心から支えてくれる本物の協力関係を築くことができます。
Jupiter,Saturn,Solar_3,Solar_8,共有関係からの学び,身近な人との会話や情報発信を活発に進めたい前向きな意欲がある一方で、借入やローン、他人から引き継いだ財産や深い人間関係のしがらみに関して、非常に厳しい清算や見直しを求められます。共有財産の問題や責任に直面し、重い経済的・心理的プレッシャーを感じることもあるでしょう。しかし、ここで現実から目を背けずに他者へのお金の甘えを完全に断ち切り、共有関係のルールを丁寧に整理し切ることで、誰にも脅かされない強固な自分だけの資産と、深い信頼に基づく強固な経済的パートナーシップを手に入れることができます。
Jupiter,Saturn,Solar_3,Solar_9,視野を広げる学び直し,日々のコミュニケーションや手軽な学びを楽しもうとする一方で、専門知識の修得や長期的な人生計画、または自身の信念において、実力不足や古い知識の限界を痛感する出来事が起こります。高い目標を立てるものの、知識不足のために思うように前進せず、焦りや精神的なプレッシャーを覚えることもあるでしょう。しかし、ここで手っ取り早く学ぼうとせず、基礎から地道に専門分野を学び直し、知識の土台を固めていくことで、将来の活躍を圧倒的に高める本物の専門性と、自信を持って長期ビジョンを進める確固たる足場を獲得できます。
Jupiter,Saturn,Solar_3,Solar_10,実務を支える対話力,周囲との活発な会話や新しい知識の吸収を楽しむチャンスがある一方で、社会的な肩書や仕事の重い責任が急激にのしかかり、自分の自由な時間や発言が制限される窮屈さに直面します。プレッシャーの中で結果を求められ、自分の力不足に悩みや限界を感じることもあるでしょう。しかし、ここで責任から逃げずに与えられた社会的役割を大人の義務としてしっかりと引き受け、地道に成果を出し続けることで、結果として大きな成果と、今後のビジネスで圧倒的に信頼される確固たる実務キャリアの基盤を手にできます。
Jupiter,Saturn,Solar_3,Solar_11,ネットワークの整理,日常的な学びや周囲との活発な交流を楽しむ一方で、友人関係や所属しているサークル、または未来のネットワークにおいて、関係の見直しや整理が必要になる出来事が起こります。価値観の合わない集団との無駄な付き合いに直面し、一時的な人間関係の孤独やプレッシャーを感じることもあるでしょう。しかし、ここで不誠実な繋がりや無駄な社交をきっぱりと整理し、同じ志を持つ本物の仲間だけと丁寧に向き合うことで、今後のあなたの未来を心から支え続けてくれる、真に強固な人間の絆のネットワークを築くことができます。
Jupiter,Saturn,Solar_3,Solar_12,水面下の情報整理,日常のコミュニケーションや知的な活動を広げようとする一方で、心の中にある過去の誤解や、解決していない隠れた責任問題が水面下から突如として浮上してきます。現実の行動を阻む見えない不安や健康上の問題に圧倒され、前進できない焦りや孤独を感じることもあるでしょう。しかし、ここで現実から目を背けずに自分の内面と真摯向き合い、過去のしがらみを一つ一つ丁寧に受け入れ清算していくことで、誰の言葉にも脅かされない深い心の静けさと、今後の人生を再出発させるための強靭な自己信頼を手に入れることができます。
Jupiter,Saturn,Solar_4,Solar_1,家庭を支える自立心,家庭環境を豊かにし、プライベートな生活基盤を広げようとする機会が巡ってくる一方で、自分自身の体調の限界や、急増する自己管理への厳しい責任に直面します。身内への甘えや依存に反して、自分の未熟さや役割の重さに圧倒され、一時的なプレッシャーや孤独を覚えることもあるでしょう。しかし、ここで誰かに頼る甘えを捨てて自分自身の生活態度を厳しく律し、家庭内での新たな役割をしっかりと引き受け切ることで、家族に依存することのない自立した自信と、今後の人生を自分の力で支えていくための強固な生活基盤を築くことができます。
Jupiter,Saturn,Solar_4,Solar_2,住まいと資金の計画,暮らしの環境を整え、住まいを快適にしたいという意欲やチャンスがある一方で、手元の資金や現実的な所得の面で、厳しい支出制限や不自由さに直面します。理想の住環境を作るためにお金を自由に使えないもどかしさを感じ、将来の生活へのプレッシャーを覚えることもあるでしょう。しかし、ここで現実から目を背けずに日々の無駄な出費を徹底的に抑え、お金のかからない方法で地道に生活環境を磨いていくことで、無駄のない強固な金銭感覚と、その知識を活かして将来的に自立して生きていくための揺るぎない土台を築けます。
Jupiter,Saturn,Solar_4,Solar_3,身内との対話のルール,家庭での団らんを楽しんだり、プライベートを充実させたいという前向きな意欲がある一方で、周囲との日常的な連絡や会話、または自分のコミュニケーション能力において、厳しい課題やもどかしさに直面します。自分の考えがうまく伝わらず、家族や身近な人間関係の中で行き詰まりやプレッシャーを感じることもあるでしょう。しかし、ここで焦らずに相手の話を最後まで丁寧に聞き、伝えるスキルを地道に磨いていくことで、誰からも信頼されるコミュニケーション能力と、自分の知見を活かして豊かな人間関係を築くための確実なスキル基盤を獲得できます。
Jupiter,Saturn,Solar_4,Solar_4,家事と責任の再設計,プライベートの時間を豊かにし、家庭環境を快適にする機会が広がる一方で、同時にお金の使い方や家庭内の役割について、厳しい自己規律や予期せぬ家事負担に向き合わざるを得なくなります。生活環境のルール作りが厳しくなり、今後の暮らしのやりくりに対して強い不安や不自由さを感じることもあるでしょう。しかし、ここで甘えを捨てて家事の役割分担を徹底的に見直し、地道に家庭のルールを再設計することで、誰に頼ることもなく自らの手で未来の生活を支えていける、揺るぎない強固な暮らしの安定と信頼の土台を築き上げることができます。
Jupiter,Saturn,Solar_4,Solar_5,趣味と家庭のバランス,家庭でのプライベートな時間を充実させたいという前向きな意欲が高まる一方で、趣味や遊び、または自己表現において、過度な支出への厳しいブレーキや、自分の実力不足に直面します。本当にやりたいことに対して責任を感じ、他人の目や評価が気になって一時的なスランプを感じることもあるでしょう。しかし、ここで一時の快楽や流行に流されず、自分の本当に好きな分野に対して地道に基礎から投資と練習を積み重ねることで、将来的に大きな価値を生み出す本物の専門スキルと、揺るぎない自信をその手に掴むことができます。
Jupiter,Saturn,Solar_4,Solar_6,生活習慣の徹底管理,家庭環境を整え、プライベートを充実させたいというチャンスがある一方で、職場での日々の細かい実務や健康管理において、自分の思い通りにならない窮屈さや体調の限界に直面します。面倒な雑務や単調な作業が急増し、時間的・体力的なプレッシャーからストレスを感じることもあるでしょう。しかし、ここで不満を言わずに与えられた役割を一つ一つ完璧にこなし、日々の自己管理を徹底していくことで、仕事を通じて得られる確かな家庭の安心と、職場での揺るぎない高い評価と実務の強固な土台を築くことができます。
Jupiter,Saturn,Solar_4,Solar_7,家庭と契約の徹底管理,家庭環境やプライベートな生活を快適にする機会が広がる一方で、特定のパートナーや取引先との契約、あるいは対人関係において、逃げられない厳しい責任や制限が発生します。人間関係のしがらみや不合理な要求に縛られ、プライベートのことで自由が利かないもどかしさを感じることもあるでしょう。しかし、ここでなあなあな関係にせず、お互いの役割と契約内容を対等に整理して向き合うことで、無駄な損失を防ぎ、生涯にわたってあなたに確実な利益をもたらし続ける強力なビジネスパートナーを掴むことができます。
Jupiter,Saturn,Solar_4,Solar_8,家族間のお金の清算,家庭環境を豊かにしようとする前向きな動きがある一方で、借入やローン、他人から引き継いだ財産やしがらみのあるお金に関して、非常に厳しい清算や見直しを求められます。目に見えない金銭的負担や義務に直面し、重いプレッシャーや不自由さを覚えることもあるでしょう。しかし、ここで現実から目を背けずに他者へのお金の甘えを完全に断ち切り、責任を持って義務を整理し切ることで、他人に脅かされることのない自分だけの純粋な資産と、深い信頼に基づく強固な経済的パートナーシップを手に入れることができます。
Jupiter,Saturn,Solar_4,Solar_9,家庭での学びの計画,プライベートの時間を豊かにしたいというチャンスがある一方で、自分自身の専門知識や長期的な計画において、実力不足や古い考え方の限界を痛感する出来事が起こります。高い目標を立てるものの、知識不足のために思うように進まず、焦りやプレッシャーを覚えることもあるでしょう。しかし、ここで手っ取り早く結果を得ようとせず、基礎から地道に専門分野を学び直し、知識の土台を固めていくことで、将来の収入を圧倒的に高める本物の専門性と、自信を持って長期的なビジネスを拡大していくための確実な足場を獲得できます。
Jupiter,Saturn,Solar_4,Solar_10,家庭と仕事の両立,家庭やプライベートを豊かに広げたいという前向きなチャンスがある一方で、社会的な肩書や仕事の重い責任がのしかかり、自分の自由な時間や家庭での時間が制限される窮屈さに直面します。プレッシャーの中で結果を求められ、自分の実力不足にプレッシャーを感じることもあるでしょう。しかし、ここで重圧から逃げずに与えられた社会的役割をしっかりと引き受け、地道に成果を出し続けることで、結果として大きな社会的評価と、今後のビジネスで圧倒的に有利に立ち回るための揺るぎないキャリアの基盤を手にできます。
Jupiter,Saturn,Solar_4,Solar_11,家庭と友人の線引き,家庭でのプライベートな時間を豊かに過ごす機会が巡ってくる一方で、友人関係や所属しているネットワーク、または未来のグループ活動において、無駄な交際費や厳しい予算制限に向き合わざるを得なくなります。人間関係でのしがらみやお金の使いすぎでストレスやプレッシャーを感じることもあるでしょう。しかし、ここで価値観の合わない集団との無駄な付き合いをきっぱりと整理し、本当に志が同じ仲間との関係に絞って向き合うことで、無駄なお金を完全にカットし、今後のあなたの経済活動を強力に支えてくれる本物のネットワークを築くことができます。
Jupiter,Saturn,Solar_4,Solar_12,心の奥の家庭環境整理,プライベートな家庭環境を豊かにしようとする中で、過去の不透明なお金の使い方や、誰にも言えない金銭的しがらみが水面下から突如として浮上してきます。予期せぬ支出や見えないお金の流出に圧倒され、焦りや経済的プレッシャーを感じることもあるでしょう。しかし、ここで現実から目を背けずに自分の内面と真摯に向き合い、過去の金銭的しがらみを一つ一つ丁寧に受け入れ清算していくことで、不要な金銭の流出を完全に防ぎ、今後の人生を再出発させるための揺るぎない経済的安心を手に入れることができます。
Jupiter,Saturn,Solar_5,Solar_1,自己表現のための自己改革,趣味や創作活動、または自己表現を通じて人生の喜びを広げる機会が巡ってくる一方で、自分自身の体調の限界や、厳しい自己管理の責任に直面します。自由に楽しみたい気持ちに反して、自分の未熟さや役割の重さに圧倒され、一時的な孤独やプレッシャーを感じることもあるでしょう。しかし、ここで誰かに頼る甘えを捨てて自分自身の生活態度を厳しく律し、伝えるための役割をしっかりと引き受け切ることで、他者に依存しない揺るぎない自己信頼と、今後の人間関係を自分の力で円滑に保っていくための確固たる土台を築くことができます。
Jupiter,Saturn,Solar_5,Solar_2,娯楽と収入の現実的配分,創作活動や自己表現、趣味を活発に広げようとする一方で、手元の資金や現実的な所得の面で、厳しい支出制限や不自由さに直面します。やりたい意欲に反してお金を自由に使えないもどかしさを感じ、将来の生活へのプレッシャーを覚えることもあるでしょう。しかし、ここで現実から目を背けずに日々の無駄な出費を徹底的に抑え、お金のかからない方法で地道に知識やスキルを磨いていくことで、無駄のない強固な金銭感覚と、その知識を活かして将来的に自立して生きていくための揺るぎない土台を築けます。
Jupiter,Saturn,Solar_5,Solar_3,趣味を活かした対話力,自分の好きなことを活発に表現したり発信したりする機会が広がる一方で、同時に日常的な連絡や会話、または自分のコミュニケーション能力において、厳しい課題や他者との摩擦に向き合わざるを得なくなります。自分の言葉が誤解されてもどかしさを感じ、対人関係での孤立やプレッシャーを覚えることもあるでしょう。しかし、ここで感情的に言い訳をせず、自分の発言に責任を持って丁寧に相手の話を聞き、伝える工夫を重ねることで、誰からも一目置かれる本物の伝達力と、揺るぎない深い対人関係の土台を築くことができます。
Jupiter,Saturn,Solar_5,Solar_4,家庭内での楽しみの整理,趣味や創作活動を活発に広げたいという前向きな意欲がある一方で、家庭環境や暮らしの基盤において、解決すべき予想外の責任や精神的な負担が発生します。住まいや家族の心配事で落ち着いて趣味を楽しむ時間が持てず、プライベートな環境でのストレスを感じることもあるでしょう。しかし、ここで外への焦りを抑えて足元の生活環境や家族との対話を優先し、丁寧にルールを整えることで、毎日の暮らしに心からの安心を取り戻し、今後のすべての学びや活動を支える確固たる生活の土台を築くことができます。
Jupiter,Saturn,Solar_5,Solar_5,自己表現の徹底した鍛錬,自分の好きなことを活発に表現したいという前向きな意欲が高まる一方で、趣味や遊び、または自己表現において、自分の実力不足を感じて自由に楽しめない限界に直面します。本当にやりたいことに対してプレッシャーを感じ、他人の目や評価が気になって自信を失うこともあるでしょう。しかし、ここで流行に流されず、自分の表現したい分野に対して地道に基礎的な練習や情報収集を繰り返すことで、将来的に大きな影響を与える本物の発信力と、他人の言葉に揺らぐことのない強い自己肯定感を獲得できます。
Jupiter,Saturn,Solar_5,Solar_6,実務に楽しみを見出す工夫,趣味やクリエイティブな活動を活発に進めたいという意欲がある一方で、職場での細かい実務や健康管理において、自分の思い通りにならない窮屈さや体調の限界に直面します。地味なルーティンや細かい作業が急増し、自分の時間を持てないもどかしさやプレッシャーを感じることもあるでしょう。しかし、ここで愚痴を言わずに与えられた役割を一つ一つ丁寧にこなし、体調管理を徹底していくことで、仕事を通じて得られる確かな知見の広がりと、職場での揺るぎない高い評価と実務の強固な土台を築くことができます。
Jupiter,Saturn,Solar_5,Solar_7,対等な協力関係の確立,自分の好きなことを活発に表現し、人間関係を広げるチャンスがある一方で、特定のパートナーや取引先との契約、あるいは1対1の対人関係において、逃げられない厳しい責任や対立が発生します。人間関係のしがらみや契約の制限に縛られ、自分の意見を通せないもどかしさやプレッシャーを感じることもあるでしょう。しかし、ここで関係をなあなあにせず、お互いの役割と連絡のルールを対等に整理して誠実に向き合うことで、トラブルを完全に防ぎ、今後のあなたの活動を心から支えてくれる本物の協力関係を築くことができます。
Jupiter,Saturn,Solar_5,Solar_8,共有資源の管理と娯楽,趣味や投資などを活発に進めたい前向きな意欲がある一方で、借入やローン、他人から引き継いだ財産や深い人間関係のしがらみに関して、非常に厳しい清算や見直しを求められます。共有財産の問題や責任に直面し、重い経済的・心理的プレッシャーを感じることもあるでしょう。しかし、ここで現実から目を背けずに他者へのお金の甘えを完全に断ち切り、共有関係のルールを丁寧に整理し切ることで、誰にも脅かされない強固な自分だけの資産と、深い信頼に基づく強固な経済的パートナーシップを手に入れることができます。
Jupiter,Saturn,Solar_5,Solar_9,自己表現を高める学び直し,趣味や好きなことを活発に楽しもうとする一方で、専門知識の修得や長期的な人生計画、または自身の信念において、実力不足や古い知識の限界を痛感する出来事が起こります。高い目標を立てるものの、知識不足のために思うように前進せず、焦りや精神的なプレッシャーを覚えることもあるでしょう。しかし、ここで手っ取り早く結果を出そうとせず、基礎から地道に専門分野を学び直し、知識の土台を固めていくことで、将来の活躍を圧倒的に高める本物の専門性と、自信を持って長期ビジョンを進める確固たる足場を獲得できます。
Jupiter,Saturn,Solar_5,Solar_10,自己表現を活かしたキャリア,趣味や自己表現を活発に広げるチャンスがある一方で、社会的な肩書や仕事の重い責任が急激にのしかかり、自分の自由な時間や発言が制限される窮屈さに直面します。プレッシャーの中で結果を求められ、自分の力不足に悩みや限界を感じることもあるでしょう。しかし、ここで責任から逃げずに与えられた社会的役割を大人の義務としてしっかりと引き受け、地道に成果を出し続けることで、結果として大きな成果と、今後のビジネスで圧倒的に信頼される確固たる実務キャリアの基盤を手にできます。
Jupiter,Saturn,Solar_5,Solar_11,趣味のサークルの整理,好きなことを活発に発信し、交流を楽しむ一方で、友人関係や所属しているサークル、または未来のネットワークにおいて、関係の見直しや整理が必要になる出来事が起こります。価値観の合わない集団との無駄な付き合いに直面し、一時的な人間関係の孤独やプレッシャーを感じることもあるでしょう。しかし、ここで不誠実な繋がりや無駄な社交をきっぱりと整理し、同じ志を持つ本物の仲間だけと丁寧に向き合うことで、今後のあなたの未来を心から支え続けてくれる、真に強固な人間の絆のネットワークを築くことができます。
Jupiter,Saturn,Solar_5,Solar_12,心の奥のこだわり解消,趣味や自己表現を活発に広げようとする一方で、心の中にある過去のトラウマや、解決していない隠れた責任問題が水面下から突如として浮上してきます。現実の行動を阻む見えない不安や健康上の問題に圧倒され、前進できない焦りや孤独を感じることもあるでしょう。しかし、ここで現実から目を背けずに自分の内面と真摯に向き合い、過去のしがらみを一つ一つ丁寧に受け入れ清算していくことで、誰の言葉にも脅かされない深い心の静けさと、今後の人生を再出発させるための強靭な自己信頼を手に入れることができます。
Jupiter,Saturn,Solar_6,Solar_1,生活習慣改善の自己改革,職場での仕事や日々の実務に精力的に取り組み、自分の役割を広げようとする中で、自分自身の体調の限界や、急増する自己管理への厳しい責任に直面します。仕事に打ち込みたい気持ちに反して、自分の未熟さや役割の重さに圧倒され、一時的なプレッシャーや孤独を覚えることもあるでしょう。しかし、ここで誰かに頼る甘えを捨てて自分自身の生活態度を厳しく律し、実務や健康面での新たな役割をしっかりと引き受け切ることで、他者に依存することのない自立した自信と、今後の人生を自分の力で支えていくための強固な生活基盤を築くことができます。
Jupiter,Saturn,Solar_6,Solar_2,日々の実務と資金計画,職場での仕事が精力的に進み、日々の役割を広げて活躍するチャンスが訪れる一方で、手元の資金や現実的な所得の面で、厳しい支出制限や不自由さに直面します。一生懸命働いているのにお金を自由に使えないもどかしさを感じ、将来の生活へのプレッシャーを覚えることもあるでしょう。しかし、ここで現実から目を背けずに日々の無駄な出費を徹底的に抑え、お金のかからない方法で地道に実務スキルを磨いていくことで、無駄のない強固な金銭感覚と、その技術を活かして将来的に自立して生きていくための揺るぎない土台を築けます。
Jupiter,Saturn,Solar_6,Solar_3,実務を支える丁寧な対話,日常の業務が忙しくなり、自分の活躍の場が広がるチャンスがある一方で、周囲との日常的な連絡や会話、または自分のコミュニケーション能力において、厳しい課題やもどかしさに直面します。自分の考えがうまく伝わらず、職場や身近な人間関係の中で行き詰まりやプレッシャーを感じることもあるでしょう。しかし、ここで焦らずに相手の話を最後まで丁寧に聞き、伝えるスキルを地道に磨いていくことで、誰からも信頼されるコミュニケーション能力と、自分の知見を活かして確実な仕事の成果を上げるためのスキル基盤を獲得できます。
Jupiter,Saturn,Solar_6,Solar_4,暮らしと仕事の習慣整理,職場での実務が忙しくなり、精力的に働こうとする意欲がある一方で、家庭環境や暮らしの基盤において、解決すべき予想外の責任や精神的な負担が発生します。住まいや家族の心配事で落ち着いて仕事に集中する時間が持てず、プライベートな環境でのストレスを感じることもあるでしょう。しかし、ここで外への焦りを抑えて足元の生活環境や家族との対話を優先し、丁寧にルールを整えることで、毎日の暮らしに心からの安心を取り戻し、今後のすべての仕事や実務を支える確固たる生活の土台を築くことができます。
Jupiter,Saturn,Solar_6,Solar_5,実務と自己表現のバランス,日常業務が精力的に進み、自分の役割を広げようとする意欲が高まる一方で、趣味や遊び、または自己表現において、過度な支出への厳しいブレーキや、自分の実力不足に直面します。本当にやりたいことに対して責任を感じ、他人の目や評価が気になって一時的なスランプを感じることもあるでしょう。しかし、ここで一時の快楽や流行に流されず、自分の本当に好きな分野に対して地道に基礎から投資と練習を積み重ねることで、将来的に大きな価値を生み出す本物の専門スキルと、揺るぎない自信をその手に掴むことができます。
Jupiter,Saturn,Solar_6,Solar_6,実務習慣の徹底した再編,仕事での役割が増え、自分の力を活かす機会が広がる一方で、同時にお仕事のやり方や健康管理について、厳しい自己規律や予期せぬ実務負担に向き合わざるを得なくなります。日々のルール作りや自己管理が厳しくなり、今後の健康維持や仕事のやり方に対して強い不安や不自由さを感じることもあるでしょう。しかし、ここで甘えを捨てて毎日の生活習慣を徹底的に見直し、地道に実務のルールを再設計することで、誰に頼ることもなく自らの手で未来の生活を支えていける、揺るぎない強固な健康習慣と実務の土台を築き上げることができます。
Jupiter,Saturn,Solar_6,Solar_7,職場パートナーシップの整備,日常の実務において、精力的に活動を広げるチャンスがある一方で、特定のパートナーや取引先との契約、あるいは1対1の対人関係において、逃げられない厳しい責任や対立が発生します。人間関係のしがらみや契約の制限に縛られ、自分の意見を通せないもどかしさやプレッシャーを感じることもあるでしょう。しかし、ここで関係をなあなあにせず、お互いの役割と連絡のルールを対等に整理して誠実に向き合うことで、トラブルを完全に防ぎ、今後のあなたの活動を心から支えてくれる本物の協力関係を築くことができます。
Jupiter,Saturn,Solar_6,Solar_8,実務の裏にある義務の整理,日々のお仕事を精力的にこなし、自分の実力を広げようとする前向きな意欲がある一方で、借入やローン、他人から引き継いだ財産やしがらみのあるお金に関して、非常に厳しい清算や見直しを求められます。共有財産の問題や裏方の責任に直面し、重い経済的・心理的プレッシャーを感じることもあるでしょう。しかし、ここで現実から目を背けずに他者へのお金の甘えを完全に断ち切り、共有関係のルールを丁寧に整理し切ることで、誰にも脅かされない強固な自分だけの資産と、深い信頼に基づく強固な経済的パートナーシップを手に入れることができます。
Jupiter,Saturn,Solar_6,Solar_9,実務を高める学び直し,職場での実務において、視野を広げて精力的に学ぼうとする一方で、専門知識の修得や長期的な人生計画、または自身の信念において、実力不足や古い知識の限界を痛感する出来事が起こります。高い目標を立てるものの、知識不足のために思うように前進せず、焦りや精神的なプレッシャーを覚えることもあるでしょう。しかし、ここで手っ取り早く結果を得ようとせず、基礎から地道に専門分野を学び直し、知識の土台を固めていくことで、将来の活躍を圧倒的に高める本物の専門性と、自信を持って長期ビジョンを進める確固たる足場を獲得できます。
Jupiter,Saturn,Solar_6,Solar_10,キャリア責任のまっとう,日々のお仕事において役割を広げ、精力的に活躍するチャンスがある一方で、社会的な肩書や仕事の重い責任が急激にのしかかり、自分の自由な時間や発言が制限される窮屈さに直面します。プレッシャーの中で結果を求められ、自分の力不足に悩みや限界を感じることもあるでしょう。しかし、ここで責任から逃げずに与えられた社会的役割を大人の義務としてしっかりと引き受け、地道に成果を出し続けることで、結果として大きな成果と、今後のビジネスで圧倒的に信頼される確固たる実務キャリアの基盤を手にできます。
Jupiter,Saturn,Solar_6,Solar_11,職場関係以外の交友整理,日々の実務に精力的に取り組み、同僚との関係を広げる一方で、友人関係や所属しているサークル、または未来のネットワークにおいて、関係の見直しや整理が必要になる出来事が起こります。価値観の合わない集団との無駄な付き合いに直面し、一時的な人間関係の孤独やプレッシャーを感じることもあるでしょう。しかし、ここで不誠実な繋がりや無駄な社交をきっぱりと整理し、同じ志を持つ本物の仲間だけと丁寧に向き合うことで、今後のあなたの未来を心から支え続けてくれる、真に強固な人間の絆のネットワークを築くことができます。
Jupiter,Saturn,Solar_6,Solar_12,水面下の過去の清算,日常の実務や職場での役割を精力的にこなそうとする一方で、心の中にある過去のトラウマや、解決していない隠れた責任問題が水面下から突如として浮上してきます。現実の行動を阻む見えない不安や健康上の問題に圧倒され、前進できない焦りや孤独を感じることもあるでしょう。しかし、ここで現実から目を背けずに自分の内面と真摯に向き合い、過去のしがらみを一つ一つ丁寧に受け入れ清算していくことで、誰の言葉にも脅かされない深い心の静けさと、今後の人生を再出発させるための強靭な自己信頼を手に入れることができます。
Jupiter,Saturn,Solar_7,Solar_1,パートナーを得るための自立,結婚やビジネスのパートナーなど、特定の他者との前向きな人間関係が広がる一方で、自分自身の体調の限界や、急増する自己管理への厳しい責任に直面します。相手に依存したい気持ちに反して、自分の未熟さや役割の重さに圧倒され、一時的なプレッシャーや孤独を覚えることもあるでしょう。しかし、ここで誰かに頼る甘えを捨てて自分自身の生活態度を厳しく律し、新たな役割をしっかりと引き受け切ることで、他者に依存することのない自立した自信と、今後の対人関係を自分の力で円滑に保っていくための確固たる土台を築くことができます。
Jupiter,Saturn,Solar_7,Solar_2,契約と資金の現実的バランス,対人関係が広がり、共同のビジネスや契約のチャンスが訪れる一方で、手元の資金や現実的な所得の面で、厳しい支出制限や不自由さに直面します。豊かな人間関係を楽しみたい意欲に反してお金を自由に使えないもどかしさを感じ、将来の生活へのプレッシャーを覚えることもあるでしょう。しかし、ここで現実から目を背けずに日々の無駄な出費を徹底的に抑え、お金のかからない方法で地道に知識やスキルを磨いていくことで、無駄のない強固な金銭感覚と、その知識を活かして将来的に自立して生きていくための揺るぎない土台を築けます。
Jupiter,Saturn,Solar_7,Solar_3,パートナーとの丁寧な対話,新たな対人関係やパートナー関係を活発に広げるチャンスがある一方で、同時に日常的な連絡や会話、または自分のコミュニケーション能力において、厳しい課題や他者との摩擦に向き合わざるを得なくなります。自分の言葉が誤解されてもどかしさを感じ、対人関係での孤立やプレッシャーを覚えることもあるでしょう。しかし、ここで感情的に言い訳をせず、自分の発言に責任を持って丁寧に相手の話を聞き、伝える工夫を重ねることで、誰からも一目置かれる本物の伝達力と、揺るぎない深い対人関係の土台を築くことができます。
Jupiter,Saturn,Solar_7,Solar_4,共同生活のルール整備,特定のパートナーとの関係が広がり、プライベートや家庭が豊かになるチャンスがある一方で、家庭環境や暮らしの基盤において、解決すべき予想外の責任や精神的な負担が発生します。住まいや家族の心配事で落ち着いて相手と向き合う時間が持てず、プライベートな環境でのストレスを感じることもあるでしょう。しかし、ここで外への焦りを抑えて足元の生活環境や家族との対話を優先し、丁寧にルールを整えることで、毎日の暮らしに心からの安心を取り戻し、今後のすべての人間関係や活動を支える確固たる生活の土台を築くことができます。
Jupiter,Saturn,Solar_7,Solar_5,対人関係における自己表現,素晴らしい人間関係やパートナー関係が広がる一方で、趣味や遊び、または自己表現において、過度な支出への厳しいブレーキや、自分の実力不足に直面します。本当にやりたいことに対して責任を感じ、他人の目や評価が気になって一時的なスランプを感じることもあるでしょう。しかし、ここで一時の快楽や流行に流されず、自分の本当に好きな分野に対して地道に基礎から投資と練習を積み重ねることで、将来的に大きな価値を生み出す本物の専門スキルと、揺るぎない自信をその手に掴むことができます。
Jupiter,Saturn,Solar_7,Solar_6,パートナー関係を支える実務,人間関係が豊かに広がり、協力的な人脈が得られるチャンスがある一方で、職場での日々の細かい実務や健康管理において、自分の思い通りにならない窮屈さや体調の限界に直面します。面倒な雑務や単調な作業が急増し、時間的・体力的なプレッシャーからストレスを感じることもあるでしょう。しかし、ここで不満を言わずに与えられた役割を一つ一つ完璧にこなし、日々の自己管理を徹底していくことで、良好な人間関係を維持する確固たる実務能力と、職場での揺るぎない高い評価と実務の強固な土台を築くことができます。
Jupiter,Saturn,Solar_7,Solar_7,契約ルールの一大整備,人間関係が広がり、新しいパートナーシップや契約の機会が増える一方で、特定の他者との間で逃げられない対等な責任問題や大きな見直しに向き合わざるを得なくなります。人間関係のしがらみや契約の制限に縛られ、自分の意見を通せないプレッシャーや制限を感じることもあるでしょう。しかし、ここで感情的にならずに自分の責任をしっかりと引き受け、お互いの役割分担を徹底的に見直し、対等に向き合うことで、誰に頼ることもなく自らの手で未来の生活を支えていける、揺るぎない強固な協力関係の土台を築き上げることができます。
Jupiter,Saturn,Solar_7,Solar_8,共同資産とパートナー関係,新しいパートナー関係や人脈が広がる前向きな動きがある一方で、借入やローン、他人から引き継いだ財産やしがらみのあるお金に関して、非常に厳しい清算や見直しを求められます。目に見えない金銭的負担や義務に直面し、重いプレッシャーや不自由さを覚えることもあるでしょう。しかし、ここで現実から目を背けずに他者へのお金の甘えを完全に断ち切り、責任を持って義務を整理し切ることで、他人に脅かされることのない自分だけの純粋な資産と、深い信頼に基づく強固な経済的パートナーシップを手に入れることができます。
Jupiter,Saturn,Solar_7,Solar_9,人脈を活かした学び直し,豊かな対人関係を通じて視野が広がるチャンスがある一方で、自分自身の専門知識や長期的な計画において、実力不足や古い考え方の限界を痛感する出来事が起こります。高い目標を立てるものの、知識不足のために思うように進まず、焦りやプレッシャーを覚えることもあるでしょう。しかし、ここで手っ取り早く結果を得ようとせず、基礎から地道に専門分野を学び直し、知識の土台を固めていくことで、将来の活躍を圧倒的に高める本物の専門性と、自信を持って長期的なビジネスを拡大していくための確実な足場を獲得できます。
Jupiter,Saturn,Solar_7,Solar_10,社会的地位と人脈の確立,人間関係やビジネスパートナーが広がる前向きなチャンスがある一方で、社会的な肩書や仕事の重い責任がのしかかり、自分の自由な時間や発言が制限される窮屈さに直面します。プレッシャーの中で結果を求められ、自分の実力不足にプレッシャーを感じることもあるでしょう。しかし、ここで重圧から逃げずに与えられた社会的役割をしっかりと引き受け、地道に成果を出し続けることで、結果として大きな社会的信頼と、今後のビジネスで圧倒的に有利に立ち回るための揺るぎないキャリアの基盤を手にできます。
Jupiter,Saturn,Solar_7,Solar_11,グループ活動の取捨選択,豊かなパートナーシップや人間関係を広げる機会が巡ってくる一方で、友人関係や所属しているネットワーク、または未来のグループ活動において、無駄な交際費や厳しい予算制限に向き合わざるを得なくなります。人間関係でのしがらみやお金の使いすぎでストレスやプレッシャーを感じることもあるでしょう。しかし、ここで価値観の合わない集団との無駄な付き合いをきっぱりと整理し、本当に志が同じ仲間との関係に絞って向き合うことで、無駄なお金を完全にカットし、今後のあなたの経済活動を強力に支えてくれる本物のネットワークを築くことができます。
Jupiter,Saturn,Solar_7,Solar_12,人間関係のしがらみの解消,良好な人間関係を広げていこうとする中で、過去の不透明なお金の使い方や、誰にも言えない金銭的しがらみが水面下から突如として浮上してきます。予期せぬ支出や見えないお金の流出に圧倒され、焦りや経済的プレッシャーを感じることもあるでしょう。しかし、ここで現実から目を背けずに自分の内面と真摯に向き合い、過去の金銭的しがらみを一つ一つ丁寧に受け入れ清算していくことで、不要な金銭の流出を完全に防ぎ、今後の人生を再出発させるための揺るぎない経済的安心を手に入れることができます。
Jupiter,Saturn,Solar_8,Solar_1,共有資産を支える自己改革,社会的なつながりや深い信頼関係、または共有の財産を広げる機会が巡ってくる一方で、自分自身の体調の限界や、急増する自己管理への厳しい責任に直面します。相手に依存したい気持ちに反して、自分の未熟さや役割の重さに圧倒され、一時的なプレッシャーや孤独を覚えることもあるでしょう。しかし、ここで誰かに頼る甘えを捨てて自分自身の生活態度を厳しく律し、新たな役割をしっかりと引き受け切ることで、他者に依存することのない自立した自信と、今後の対人関係を自分の力で円滑に保っていくための確固たる土台を築くことができます。
Jupiter,Saturn,Solar_8,Solar_2,共有財産と個人の資金計画,他者からの引き継ぎやローン、または共有の資金で恩恵を得るチャンスがある一方で、手元の資金や現実的な所得の面で、厳しい支出制限や不自由さに直面します。豊かな恩恵を楽しみたい意欲に反してお金を自由に使えないもどかしさを感じ、将来の生活へのプレッシャーを覚えることもあるでしょう。しかし、ここで現実から目を背けずに日々の無駄な出費を徹底的に抑え、お金のかからない方法で地道に知識やスキルを磨いていくことで、無駄のない強固な金銭感覚と、その知識を活かして将来的に自立して生きていくための揺るぎない土台を築けます。
Jupiter,Saturn,Solar_8,Solar_3,深い信頼関係を築く対話,深い人間関係や他者との共有資源を活発に広げるチャンスがある一方で、同時に日常的な連絡や会話、または自分のコミュニケーション能力において、厳しい課題や他者との摩擦に向き合わざるを得なくなります。自分の言葉が誤解されてもどかしさを感じ、対人関係での孤立やプレッシャーを覚えることもあるでしょう。しかし、ここで感情的に言い訳をせず、自分の発言に責任を持って丁寧に相手の話を聞き、伝える工夫を重ねることで、誰からも一目置かれる本物の伝達力と、揺るぎない深い対人関係の土台を築くことができます。
Jupiter,Saturn,Solar_8,Solar_4,共有財産と家庭のルール,他者との深い信頼関係や共有の財産を広げるチャンスがある一方で、家庭環境や暮らしの基盤において、解決すべき予想外の責任や精神的な負担が発生します。住まいや家族の心配事で落ち着いて相手と向き合う時間が持てず、プライベートな環境でのストレスを感じることもあるでしょう。しかし、ここで外への焦りを抑えて足元の生活環境や家族との対話を優先し、丁寧にルールを整えることで、毎日の暮らしに心からの安心を取り戻し、今後のすべての人間関係や活動を支える確固たる生活の土台を築くことができます。
Jupiter,Saturn,Solar_8,Solar_5,共有資産を活かした自己表現,深い信頼に基づく資産や投資が広がるチャンスがある一方で、趣味や遊び、または自己表現において、過度な支出への厳しいブレーキや、自分の実力不足に直面します。本当にやりたいことに対して責任を感じ、他人の目や評価が気になって一時的なスランプを感じることもあるでしょう。しかし、ここで一時の快楽や流行に流されず、自分の本当に好きな分野に対して地道に基礎から投資と練習を積み重ねることで、将来的に大きな価値を生み出す本物の専門スキルと、揺るぎない自信をその手に掴むことができます。
Jupiter,Saturn,Solar_8,Solar_6,共有関係を支える実務管理,他者との共有資源や信頼関係を広げるチャンスがある一方で、職場での日々の細かい実務や健康管理において、自分の思い通りにならない窮屈さや体調の限界に直面します。面倒な雑務や単調な作業が急増し、時間的・体力的なプレッシャーからストレスを感じることもあるでしょう。しかし、ここで不満を言わずに与えられた役割を一つ一つ完璧にこなし、日々の自己管理を徹底していくことで、良好な人間関係を維持する確固たる実務能力と、職場での揺るぎない高い評価と実務の強固な土台を築くことができます。
Jupiter,Saturn,Solar_8,Solar_7,共有財産と対人関係の契約,他者との共有の利益や深い信頼関係が広がる一方で、特定のパートナーや取引先との契約、あるいは1対1の対人関係において、逃げられない厳しい責任や対立が発生します。人間関係のしがらみや契約の制限に縛られ、自分の意見を通せないもどかしさやプレッシャーを感じることもあるでしょう。しかし、ここで関係をなあなあにせず、お互いの役割と連絡のルールを対等に整理して誠実に向き合うことで、トラブルを完全に防ぎ、今後のあなたの活動を心から支えてくれる本物の協力関係を築くことができます。
Jupiter,Saturn,Solar_8,Solar_8,共有資産の徹底的再編,他者との深い信頼関係やローン、相続といった共有資源から大きな豊かさを受け取るチャンスがある一方で、同時にお金の管理や返済、契約ルールに関して、厳しい自己規律や厳しい返済義務に向き合わざるを得なくなります。共有関係でのやり取りが激しくなり、今後の経済的な清算に対して強い不安や不自由さを感じることもあるでしょう。しかし、ここで甘えを捨てて無駄なローンや契約関係を徹底的に見直し、地道に返済や管理のルールを再設計することで、誰に頼ることもなく自らの手で未来の生活を支えていける、揺るぎない強固な資産基盤を築き上げることができます。
Jupiter,Saturn,Solar_8,Solar_9,深い信頼を活かした学び,深い人間関係や他者との共有資源を前向きに広げようとする一方で、自分自身の専門知識や長期的な計画において、実力不足や古い考え方の限界を痛感する出来事が起こります。高い目標を立てるものの、知識不足のために思うように進まず、焦りやプレッシャーを覚えることもあるでしょう。しかし、ここで手っ取り早く結果を得ようとせず、基礎から地道に専門分野を学び直し、知識の土台を固めていくことで、将来の活躍を圧倒的に高める本物の専門性と、自信を持って長期的なビジネスを拡大していくための確実な足場を獲得できます。
Jupiter,Saturn,Solar_8,Solar_10,責任に伴う共有の利益,他者との深い信頼関係や共有資源を豊かに広げるチャンスがある一方で、社会的な肩書や仕事の重い責任がのしかかり、自分の自由な時間や発言が制限される窮屈さに直面します。プレッシャーの中で結果を求められ、自分の実力不足にプレッシャーを感じることもあるでしょう。しかし、ここで重圧から逃げずに与えられた社会的役割をしっかりと引き受け、地道に成果を出し続けることで、結果として大きな社会的評価と、今後のビジネスで圧倒的に有利に立ち回るための揺るぎないキャリアの基盤を手にできます。
Jupiter,Saturn,Solar_8,Solar_11,交友関係とお金の整理,深い人間関係を広げていく機会が巡ってくる一方で、友人関係や所属しているネットワーク、または未来のグループ活動において、無駄な交際費や厳しい予算制限に向き合わざるを得なくなります。人間関係でのしらしやお金の使いすぎでストレスやプレッシャーを感じることもあるでしょう。しかし、ここで価値観の合わない集団との無駄な付き合いをきっぱりと整理し、本当に志が同じ仲間との関係に絞って向き合うことで、無駄なお金を完全にカットし、今後のあなたの経済活動を強力に支えてくれる本物のネットワークを築くことができます。
Jupiter,Saturn,Solar_8,Solar_12,過去の負債の清算,他者との深い信頼関係を豊かにしようとする中で、過去の不透明なお金の使い方や、誰にも言えない金銭的しがらみが水面下から突如として浮上してきます。予期せぬ支出や見えないお金の流出に圧倒され、焦りや経済的プレッシャーを感じることもあるでしょう。しかし、ここで現実から目を背けずに自分の内面と真摯に向き合い、過去の金銭的しがらみを一つ一つ丁寧に受け入れ清算していくことで、不要な金銭の流出を完全に防ぎ、今後の人生を再出発させるための揺るぎない経済的安心を手に入れることができます。
Jupiter,Saturn,Solar_9,Solar_1,大志を支える自己改革,新しい資格の勉強や長期的な計画、または旅行や学びを通じて自分の世界を広げるチャンスが巡ってくる一方で、自分自身の体調の限界や、急増する自己管理への厳しい責任に直面します。自分の視野を広げたい気持ちに反して、自分の未熟さや役割の重さに圧倒され、一時的なプレッシャーや孤独を覚えることもあるでしょう。しかし、ここで誰かに頼る甘えを捨てて自分自身の生活態度を厳しく律し、新たな役割をしっかりと引き受け切ることで、他者に依存することのない自立した自信と、今後の人生を自分の力でコントロールし切り開いていくための強固な生活基盤を築くことができます。
Jupiter,Saturn,Solar_9,Solar_2,学びと資金の現実的計画,視野を広げ、専門的な資格やスキルを本格的に学ぼうという意欲やチャンスがある一方で、手元の資金や現実的な所得の面で、厳しい支出制限や不自由さに直面します。理想の学びや旅行を楽しむためにお金を自由に使えないもどかしさを感じ、将来の生活へのプレッシャーを覚えることもあるでしょう。しかし、ここで現実から目を背けずに日々の無駄な出費を徹底的に抑え、お金のかからない方法で地道にスキルを磨いていくことで、無駄のない強固な金銭感覚と、その知識を活かして将来的に自立して生きていくための揺るぎない土台を築けます。
Jupiter,Saturn,Solar_9,Solar_3,専門知を伝える丁寧な対話,専門的な知識の習得や視野の拡張を楽しみたいという前向きな意欲がある一方で、周囲との日常的な連絡や会話、または自分のコミュニケーション能力において、厳しい課題やもどかしさに直面します。自分の考えがうまく伝わらず、日常の対話や身近な人間関係の中で行き詰まりやプレッシャーを感じることもあるでしょう。しかし、ここで焦らずに相手の話を最後まで丁寧に聞き、伝えるスキルを地道に磨いていくことで、誰からも信頼されるコミュニケーション能力と、自分の知見を活かして豊かな人間関係を築くための確実なスキル基盤を獲得できます。
Jupiter,Saturn,Solar_9,Solar_4,家庭での自己研鑽のルール,視野を広げ、高度な資格取得や長期的な計画に挑戦する機会が広がる一方で、同時にお金の使い方や家庭内の役割について、厳しい自己規律や予期せぬ暮らしの負担に向き合わざるを得なくなります。生活環境のルール作りが厳しくなり、今後の暮らしのやりくりに対して強い不安や不自由さを感じることもあるでしょう。しかし、ここで甘えを捨てて家族との対話を優先し、地道に家庭のルールを再設計することで、誰に頼ることもなく自らの手で未来の生活を支えていける、揺るぎない強固な暮らしの安定と信頼の土台を築き上げることができます。
Jupiter,Saturn,Solar_9,Solar_5,高度な創作活動と規律,視野を広げ、専門知識を活かした創作や学びを高めたいという前向きな意欲が高まる一方で、趣味や遊び、または自己表現において、過度な支出への厳しいブレーキや、自分の実力不足に直面します。本当にやりたいことに対して責任を感じ、他人の目や評価が気になって一時的なスランプを感じることもあるでしょう。しかし、ここで一時の快楽や流行に流されず、自分の本当に好きな分野に対して地道に基礎から投資と練習を積み重ねることで、将来的に大きな価値を生み出す本物の専門スキルと、揺るぎない自信をその手に掴むことができます。
Jupiter,Saturn,Solar_9,Solar_6,実務を支える専門知識,視野を広げ、高い目標や専門資格の取得に挑戦したいというチャンスがある一方で、職場での日々の細かい実務や健康管理において、自分の思い通りにならない窮屈さや体調の限界に直面します。面倒な雑務や単調な作業が急増し、時間的・体力的なプレッシャーからストレスを感じることもあるでしょう。しかし、ここで不満を言わずに与えられた役割を一つ一つ完璧にこなし、日々の自己管理を徹底していくことで、仕事を通じて得られる確実な専門知識の定着と、職場での揺るぎない高い評価と実務の強固な土台を築くことができます。
Jupiter,Saturn,Solar_9,Solar_7,契約整備と長期ビジョン,視野を広げ、長期的なビジョンやビジネス関係を快適にする機会が広がる一方で、特定のパートナーや取引先との契約、あるいは対人関係において、逃げられない厳しい責任や制限が発生します。人間関係のしがらみや不合理な要求に縛られ、仕事の契約で自由が利かないもどかしさを感じることもあるでしょう。しかし、ここでなあなあな関係にせず、お互いの役割と契約内容を対等に整理して向き合うことで、無駄な損失を防ぎ、生涯にわたってあなたに確実な利益をもたらし続ける強力なビジネスパートナーを掴むことができます。
Jupiter,Saturn,Solar_9,Solar_8,専門知と他者のお金の整理,専門知識を身につけ、長期的な計画を豊かに広げようとする前向きな動きがある一方で、借入やローン、他人から引き継いだ財産やしがらみのあるお金に関して、非常に厳しい清算や見直しを求められます。目に見えない金銭的負担や義務に直面し、重いプレッシャーや不自由さを覚えることもあるでしょう。しかし、ここで現実から目を背けずに他者へのお金の甘えを完全に断ち切り、責任を持って義務を整理し切ることで、他人に脅かされることのない自分だけの純粋な資産と、深い信頼に基づく強固な経済的パートナーシップを手に入れることができます。
Jupiter,Saturn,Solar_9,Solar_9,専門知の徹底した学び直し,資格取得や長期計画など、学びを広げて成長しようとする前向きなチャンスがある一方で、自分自身の専門知識や長期計画において、実力不足や古い考え方の限界を痛感し、改めて厳しい見直しを求められます。高い目標を立てるものの、思うように進まず、焦りや精神的なプレッシャーを覚えることもあるでしょう。しかし、ここで手っ取り早く結果を得ようとせず、基礎から地道に専門分野を学び直し、知識の土台を固めていくことで、将来の活躍を圧倒的に高める本物の専門性と、自信を持って長期的なビジネスを拡大していくための確実な足場を獲得できます。
Jupiter,Saturn,Solar_9,Solar_10,名誉と責任のバランス,高い目標を掲げ、専門知識を活かして成功を広げたいという前向きなチャンスがある一方で、社会的な肩書や仕事の重い責任がのしかかり、自分の自由な時間や学習の時間が制限される窮屈さに直面します。プレッシャーの中で結果を求められ、自分の実力不足にプレッシャーを感じることもあるでしょう。しかし、ここで重圧から逃げずに与えられた社会的役割をしっかりと引き受け、地道に成果を出し続けることで、結果として大きな社会的評価と、今後のビジネスで圧倒的に有利に立ち回るための揺るぎないキャリアの基盤を手にできます。
Jupiter,Saturn,Solar_9,Solar_11,志を共にする学びのグループ,長期的な計画を広げ、勉強グループなどを楽しむ機会が巡ってくる一方で、友人関係や所属しているネットワーク、または未来のグループ活動において、無駄な交際費や厳しい予算制限に向き合わざるを得なくなります。人間関係でのしがらみやお金の使いすぎでストレスやプレッシャーを感じることもあるでしょう。しかし、ここで価値観の合わない集団との無駄な付き合いをきっぱりと整理し、本当に志が同じ仲間との関係に絞って向き合うことで、無駄なお金を完全にカットし、今後のあなたの経済活動を強力に支えてくれる本物のネットワークを築くことができます。
Jupiter,Saturn,Solar_9,Solar_12,過去の誤解の清算,専門的な学びを豊かにしようとする中で、過去の不透明なお金の使い方や、誰にも言えない金銭的しがらみが水面下から突如として浮上してきます。予期せぬ支出や見えないお金の流出に圧倒され、焦りや経済的プレッシャーを感じることもあるでしょう。しかし、ここで現実から目を背けずに自分の内面と真摯に向き合い、過去の金銭的しがらみを一つ一つ丁寧に受け入れ清算していくことで、不要な金銭の流出を完全に防ぎ、今後の人生を再出発させるための揺るぎない経済的安心を手に入れることができます。
Jupiter,Saturn,Solar_10,Solar_1,社会的責任と自己管理,仕事での成功や昇進、あるいは社会的な活躍の場が広がる機会が巡ってくる一方で、自分自身の体調の限界や、急増する自己管理への厳しい責任に直面します。自分の実力を発揮したい気持ちに反して、自分の未熟さや役割の重さに圧倒され、一時的なプレッシャーや孤独を覚えることもあるでしょう。しかし、ここで誰かに頼る甘えを捨てて自分自身の生活態度を厳しく律し、新たな社会的責任をしっかりと引き受け切ることで、他者に依存することのない自立した自信と、今後のキャリアを自分の力で円滑に保っていくための確固たる土台を築くことができます。
Jupiter,Saturn,Solar_10,Solar_2,地位向上と厳しい所得管理,キャリアの成功や大きな仕事のチャンスが訪れる一方で、手元の資金や現実的な所得の面で、厳しい支出制限や不自由さに直面します。仕事で活躍しているのにお金を自由に使えないもどかしさを感じ、将来の生活へのプレッシャーを覚えることもあるでしょう。しかし、ここで現実から目を背けずに日々の無駄な出費を徹底的に抑え、お金のかからない方法で地道に知識やスキルを磨いていくことで、無駄のない強固な金銭感覚と、その知識を活かして将来的に自立して生きていくための揺るぎない土台を築けます。
Jupiter,Saturn,Solar_10,Solar_3,交渉力を高める対話,ビジネスでの名声や仕事のチャンスが広がる一方で、同時に日常的な連絡や会話、または自分のコミュニケーション能力において、厳しい課題や他者との摩擦に向き合わざるを得なくなります。自分の言葉が誤解されてもどかしさを感じ、対人関係での孤立やプレッシャーを覚えることもあるでしょう。しかし、ここで感情的に言い訳をせず、自分の発言に責任を持って丁寧に相手の話を聞き、伝える工夫を重ねることで、誰からも一目置かれる本物の伝達力と、揺るぎない深い対人関係の土台を築くことができます。
Jupiter,Saturn,Solar_10,Solar_4,仕事の多忙と家庭のルール,ビジネスの活躍が広がり、社会的な地位を高めるチャンスがある一方で、家庭環境や暮らしの基盤において、解決すべき予想外の責任や精神的な負担が発生します。住まいや家族の心配事で落ち着いて仕事に向き合う時間が持てず、プライベートな環境でのストレスを感じることもあるでしょう。しかし、ここで外への焦りを抑えて足元の生活環境や家族との対話を優先し、丁寧にルールを整えることで、毎日の暮らしに心からの安心を取り戻し、今後のすべてのキャリアや活動を支える確固たる生活の土台を築くことができます。
Jupiter,Saturn,Solar_10,Solar_5,キャリアでの自己表現と規律,素晴らしい社会的活躍や仕事のチャンスが広がる一方で、趣味や遊び、または自己表現において、過度な支出への厳しいブレーキや、自分の実力不足に直面します。本当にやりたいことに対して責任を感じ、他人の目や評価が気になって一時的なスランプを感じることもあるでしょう。しかし、ここで一時の快楽や流行に流されず、自分の本当に好きな分野に対して地道に基礎から投資と練習を積み重ねることで、将来的に大きな価値を生み出す本物の専門スキルと、揺るぎない自信をその手に掴むことができます。
Jupiter,Saturn,Solar_10,Solar_6,キャリアを支える地道な実務,ビジネスで大きな活躍をし、社会的な地位を得るチャンスがある一方で、職場での日々の細かい実務や健康管理において、自分の思い通りにならない窮屈さや体調の限界に直面します。面倒な雑務や単調な作業が急増し、時間的・体力的なプレッシャーからストレスを感じることもあるでしょう。しかし、ここで不満を言わずに与えられた役割を一つ一つ完璧にこなし、日々の自己管理を徹底していくことで、社会的な信頼を維持する確固たる実務能力と、職場での揺るぎない高い評価と実務の強固な土台を築くことができます。
Jupiter,Saturn,Solar_10,Solar_7,ビジネス契約の徹底管理,仕事での肩書や大きな活躍が広がる一方で、特定のパートナーや取引先との契約、あるいは1対1の対人関係において、逃げられない厳しい責任や対立が発生します。人間関係のしがらみや契約の制限に縛られ、自分の意見を通せないもどかしさやプレッシャーを感じることもあるでしょう。しかし、ここで関係をなあなあにせず、お互いの役割と連絡のルールを対等に整理して誠実に向き合うことで、トラブルを完全に防ぎ、今後のあなたの活動を心から支えてくれる本物の協力関係を築くことができます。
Jupiter,Saturn,Solar_10,Solar_8,キャリア責任と借入整理,ビジネスでの名声や仕事が広がる前向きな動きがある一方で、借入やローン、他人から引き継いだ財産やしがらみのあるお金に関して、非常に厳しい清算や見直しを求められます。目に見えない金銭的負担や義務に直面し、重いプレッシャーや不自由さを覚えることもあるでしょう。しかし、ここで現実から目を背けずに他者へのお金の甘えを完全に断ち切り、責任を持って義務を整理し切ることで、他人に脅かされることのない自分だけの純粋な資産と、深い信頼に基づく強固な経済的パートナーシップを手に入れることができます。
Jupiter,Saturn,Solar_10,Solar_9,社会的地位と専門知識,キャリアの成功や大きな仕事のチャンスがある一方で、自分自身の専門知識や長期的な計画において、実力不足や古い考え方の限界を痛感する出来事が起こります。高い目標を立てるものの、知識不足のために思うように進まず、焦りやプレッシャーを覚えることもあるでしょう。しかし、ここで手っ取り早く結果を得ようとせず、基礎から地道に専門分野を学び直し、知識の土台を固めていくことで、将来の活躍を圧倒的に高める本物の専門性と、自信を持って長期的なビジネスを拡大していくための確実な足場を獲得できます。
Jupiter,Saturn,Solar_10,Solar_10,社会的肩書の一大再編,キャリアの成功や昇進など、仕事でのチャンスが広がる一方で、社会的な肩書や仕事の重い責任が一挙にのしかかり、非常に厳しい見直しや役職の整理を求められます。結果を強く求められ、自分の自由な時間や行動が制限される窮屈さにプレッシャーを感じることもあるでしょう。しかし、ここで重圧から逃げずに大人の役割をしっかりと引き受け、地道に成果を出し続けることで、誰に頼ることもなく自らの手で未来の生活を支えていける、揺るぎない確固たる社会的地位と信頼の土台を築き上げることができます。
Jupiter,Saturn,Solar_10,Solar_11,キャリアと交友関係の整理,ビジネスや仕事で大きな役割を担う機会が巡ってくる一方で、友人関係や所属しているネットワーク、または未来のグループ活動において、無駄な交際費や厳しい予算制限に向き合わざるを得なくなります。人間関係でのしがらみやお金の使いすぎでストレスやプレッシャーを感じることもあるでしょう。しかし、ここで価値観の合わない集団との無駄な付き合いをきっぱりと整理し、本当に志が同じ仲間との関係に絞って向き合うことで、無駄なお金を完全にカットし、今後のあなたの経済活動を強力に支えてくれる本物のネットワークを築くことができます。
Jupiter,Saturn,Solar_10,Solar_12,キャリアの陰にある義務整理,仕事で社会的な肩書を広げていこうとする中で、過去の不透明なお金の使い方や、誰にも言えない金銭的しがらみが水面下から突如として浮上してきます。予期せぬ支出や見えないお金の流出に圧倒され、焦りや経済的プレッシャーを感じることもあるでしょう。しかし、ここで現実から目を背けずに自分の内面と真摯に向き合い、過去の金銭的しがらみを一つ一つ丁寧に受け入れ清算していくことで、不要な金銭の流出を完全に防ぎ、今後の人生を再出発させるための揺るぎない経済的安心を手に入れることができます。
Jupiter,Saturn,Solar_11,Solar_1,志を同じくする自己改革,未来のビジョンや友人関係、所属するサークルなどを広げる機会が巡ってくる一方で、自分自身の体調の限界や、急増する自己管理への厳しい責任に直面します。他者と活発に関わりたい気持ちに反して、自分の未熟さや役割の重さに圧倒され、一時的なプレッシャーや孤独を覚えることもあるでしょう。しかし、ここで誰かに頼る甘えを捨てて自分自身の生活態度を厳しく律し、新たな社会的責任をしっかりと引き受け切ることで、他者に依存することのない自立した自信と、今後の対人関係を自分の力で円滑に保っていくための確固たる土台を築くことができます。
Jupiter,Saturn,Solar_11,Solar_2,未来に向けた資金計画,志を同じくする仲間との未来のビジョンやサークル活動が前向きに広がる一方で、手元の資金や現実的な所得の面で、厳しい支出制限や不自由さに直面します。仲間と楽しみたい意欲に反してお金を自由に使えないもどかしさを感じ、将来の生活へのプレッシャーを覚えることもあるでしょう。しかし、ここで現実から目を背けずに日々の無駄な出費を徹底的に抑え、お金のかからない方法で地道に知識やスキルを磨いていくことで、無駄のない強固な金銭感覚と、その知識を活かして将来的に自立して生きていくための揺るぎない土台を築けます。
Jupiter,Saturn,Solar_11,Solar_3,仲間と信頼を結ぶ対話,未来のビジョンを広げ、友人との活発な交流を楽しむチャンスがある一方で、同時に日常的な連絡や会話、または自分のコミュニケーション能力において、厳しい課題や他者との摩擦に向き合わざるを得なくなります。自分の言葉が誤解されてもどかしさを感じ、対人関係での孤立やプレッシャーを覚えることもあるでしょう。しかし、ここで感情的に言い訳をせず、自分の発言に責任を持って丁寧に相手の話を聞き、伝える工夫を重ねることで、誰からも一目置かれる本物の伝達力と、揺るぎない深い対人関係の土台を築くことができます。
Jupiter,Saturn,Solar_11,Solar_4,暮らしの中の人間関係整理,友人関係やネットワークが前向きに広がる一方で、家庭環境や暮らしの基盤において、解決すべき予想外の責任や精神的な負担が発生します。住まいや家族の心配事で落ち着いて仲間と交流する時間が持てず、プライベートな環境でのストレスを感じることもあるでしょう。しかし、ここで外への焦りを抑えて足元の生活環境や家族との対話を優先し、丁寧にルールを整えることで、毎日の暮らしに心からの安心を取り戻し、今後のすべてのサークル活動やネットワークを支える確固たる生活の土台を築くことができます。
Jupiter,Saturn,Solar_11,Solar_5,創作サークルと厳しい規律,未来のビジョンを広げ、趣味や自己表現を仲間と楽しもうとする一方で、趣味や遊び、または自己表現において、過度な支出への厳しいブレーキや、自分の実力不足に直面します。本当にやりたいことに対して責任を感じ、他人の目や評価が気になって一時的なスランプを感じることもあるでしょう。しかし、ここで一時の快楽や流行に流されず、自分の本当に好きな分野に対して地道に基礎から投資と練習を積み重ねることで、将来的に大きな価値を生み出す本物の専門スキルと、揺るぎない自信をその手に掴むことができます。
Jupiter,Saturn,Solar_11,Solar_6,サークル活動と日々の実務,未来のビジョンや友人関係、所属するグループ活動が前向きに広がる一方で、職場での日々の細かい実務や健康管理において、自分の思い通りにならない窮屈さや体調の限界に直面します。面倒な雑務や単調な作業が急増し、時間的・体力的なプレッシャーからストレスを感じることもあるでしょう。しかし、ここで不満を言わずに与えられた役割を一つ一つ完璧にこなし、日々の自己管理を徹底していくことで、仕事を通じて得られる確かな人間関係の広がりと、職場での揺るぎない高い評価と実務の強固な土台を築くことができます。
Jupiter,Saturn,Solar_11,Solar_7,しがらみの清算,特定のパートナーや重要な人物との間で、契約の巻き直しや法的な手続きといった、逃げられないシビアな対人関係の課題が表面化します。同時に、未来のビジョンを共有するネットワークや友人関係の枠組みにも大きな見直しが入り、本当に付き合っていくべき人間関係が厳しく淘汰されますが、ここで不誠実な縁を断ち切り、重要人物との絆を再構築することで、生涯にわたってあなたを支え続ける強力な協力者や、強固な社会的ネットワークをその手に掴むことができます。
Jupiter,Saturn,Solar_11,Solar_8,ネットワークでの専門知修得,同じ志を持つ仲間との活動が広がり、視野を広げるチャンスがある一方で、自分自身の専門知識や長期的な計画において、実力不足や古い考え方の限界を痛感する出来事が起こります。高い目標を立てるものの、知識不足のために思うように進まず、焦りやプレッシャーを覚えることもあるでしょう。しかし、ここで手っ取り早く結果を得ようとせず、基礎から地道に専門分野を学び直し、知識の土台を固めていくことで、将来の活躍を圧倒的に高める本物の専門性と、自信を持って長期的なビジネスを拡大していくための確実な足場を獲得できます。
Jupiter,Saturn,Solar_11,Solar_9,志を果たすための責任,未来のビジョンや友人関係、所属するグループ活動が広がる一方で、社会的な肩書や仕事の重い責任がのしかかり、自分の自由な時間や発言が制限される窮屈さに直面します。プレッシャーの中で結果を求められ、自分の実力不足にプレッシャーを感じることもあるでしょう。しかし、ここで重圧から逃げずに与えられた社会的役割をしっかりと引き受け、地道に成果を出し続けることで、結果として大きな社会的評価と、今後のビジネスで圧倒的に有利に立ち回るための揺るぎないキャリアの基盤を手にできます。
Jupiter,Saturn,Solar_11,Solar_10,未来ビジョンの徹底的再編,未来に向けた友人関係やサークル、所属するグループ活動が前向きに広がる一方で、同時にお互いの関係やグループ運営のルールに関して、厳しい責任や見直しに向き合わざるを得なくなります。人間関係のしがらみや役割分担で摩擦が生じ、今後の人脈の維持に対して強い不安や不自由さを感じることもあるでしょう。しかし、ここでなぁなぁな関係を捨てて無駄な付き合いを徹底的に整理し、同じ志を持つ本物の仲間だけと丁寧に向き合うことで、誰に頼ることもなく自らの未来を支えていける、揺るぎない人間の絆の強固な土台を築き上げることができます。
Jupiter,Saturn,Solar_11,Solar_11,心の奥の友情関係清算,未来のビジョンを広げ、多くの仲間と関わろうとする中で、過去の不透明なお金の使い方や、誰にも言えない金銭的しがらみが水面下から突如として浮上してきます。予期せぬ支出や見えないお金の流出に圧倒され、焦りや経済的プレッシャーを感じることもあるでしょう。しかし、ここで現実から目を背けずに自分の内面と真摯に向き合い、過去の金銭的しがらみを一つ一つ丁寧に受け入れ清算していくことで、不要な金銭の流出を完全に防ぎ、今後の人生を再出発させるための揺るぎない経済的安心を手に入れることができます。
Jupiter,Saturn,Solar_11,Solar_12,過去を乗り越える自己改革,水面下での休息や精神的な探求、あるいは過去のしがらみの清算を通じて内面を広げる機会が巡ってくる一方で、自分自身の体調の限界や、急増する自己管理への厳しい責任に直面します。自分の実力を発揮したい気持ちに反して、自分の未熟さや役割の重さに圧倒され、一時的なプレッシャーや孤独を覚えることもあるでしょう。しかし、ここで誰かに頼る甘えを捨てて自分自身の生活態度を厳しく律し、新たな社会的責任をしっかりと引き受け切ることで、他者に依存することのない自立した自信と、今後のキャリアを自分の力で円滑に保っていくための確固たる土台を築くことができます。
Jupiter,Saturn,Solar_12,Solar_1,見えない支出の徹底整理,過去のしがらみを解消し、隠れた豊かさや休息を得るチャンスがある一方で、手元の資金や現実的な所得の面で、厳しい支出制限や不自由さに直面します。仕事で活躍しているのにお金を自由に使えないもどかしさを感じ、将来の生活へのプレッシャーを覚えることもあるでしょう。しかし、ここで現実から目を背けずに日々の無駄な出費を徹底的に抑え、お金のかからない方法で地道に知識やスキルを磨いていくことで、無駄のない強固な金銭感覚と、その知識を活かして将来的に自立して生きていくための揺るぎない土台を築けます。
Jupiter,Saturn,Solar_12,Solar_2,本音を引き出す対話力,過去の誤解を解消し、精神的な学びを広げようとする一方で、同時に日常的な連絡や会話、または自分のコミュニケーション能力において、厳しい課題や他者との摩擦に向き合わざるを得なくなります。自分の言葉が誤解されてもどかしさを感じ、対人関係での孤立やプレッシャーを覚えることもあるでしょう。しかし、ここで感情的に言い訳をせず、自分の発言に責任を持って丁寧に相手の話を聞き、伝える工夫を重ねることで、誰からも一目置かれる本物の伝達力と、揺るぎない深い対人関係の土台を築くことができます。
Jupiter,Saturn,Solar_12,Solar_3,暮らしの陰にある責任整理,過去のしがらみを解消し、水面下でプライベートを充実させるチャンスがある一方で、家庭環境や暮らしの基盤において、解決すべき予想外の責任や精神的な負担が発生します。住まいや家族の心配事で落ち着いて心身を休める時間が持てず、プライベートな環境でのストレスを感じることもあるでしょう。しかし、ここで外への焦りを抑えて足元の生活環境や家族との対話を優先し、丁寧にルールを整えることで、毎日の暮らしに心からの安心を取り戻し、今後のすべての活動を支える確固たる生活の土台を築くことができます。
Jupiter,Saturn,Solar_12,Solar_4,隠れた趣味と厳しい規律,一人で楽しむ趣味や、過去の創作活動を再開するチャンスがある一方で、趣味や遊び、または自己表現において、過度な支出への厳しいブレーキや、自分の実力不足に直面します。本当にやりたいことに対して責任を感じ、他人の目や評価が気になって一時的なスランプを感じることもあるでしょう。しかし、ここで一時の快楽や流行に流されず、自分の本当に好きな分野に対して地道に基礎から投資と練習を積み重ねることで、将来的に大きな価値を生み出す本物の専門スキルと、揺るぎない自信をその手に掴むことができます。
Jupiter,Saturn,Solar_12,Solar_5,見えない義務と地道な実務,水面下での努力が実を結び、休息や精神的な安定を得るチャンスがある一方で、職場での日々の細かい実務や健康管理において、自分の思い通りにならない窮屈さや体調の限界に直面します。面倒な雑務や単調な作業が急増し、時間的・体力的なプレッシャーからストレスを感じることもあるでしょう。しかし、ここで不満を言わずに与えられた役割を一つ一つ完璧にこなし、日々の自己管理を徹底していくことで、社会的な信頼を維持する確固たる実務能力と、職場での揺るぎない高い評価と実務の強固な土台を築くことができます。
Jupiter,Saturn,Solar_12,Solar_6,見えない対人しがらみの解消,人脈や対人関係を豊かに広げるチャンスがある一方で、特定のパートナーや取引先との契約、あるいは1対1の対人関係において、逃げられない厳しい責任や対立が発生します。人間関係のしがらみや契約の制限に縛られ、自分の意見を通せないもどかしさやプレッシャーを感じることもあるでしょう。しかし、ここで関係をなあなあにせず、お互いの役割と連絡のルールを対等に整理して誠実に向き合うことで、トラブルを完全に防ぎ、今後のあなたの活動を心から支えてくれる本物の協力関係を築くことができます。
Jupiter,Saturn,Solar_12,Solar_7,隠れた人間しがらみの解消,過去のしがらみを解消し、心身を休めようとする中で、特定のパートナーや取引先との契約、あるいは1対1の対人関係において、逃げられない厳しい責任や対立が発生します。人間関係のしがらみや契約の制限に縛られ、自分の意見を通せないもどかしさやプレッシャーを感じることもあるでしょう。しかし、ここで関係をなあなあにせず、お互いの役割と連絡のルールを対等に整理して誠実に向き合うことで、トラブルを完全に防ぎ、今後のあなたの活動を心から支えてくれる本物の協力関係を築くことができます。
Jupiter,Saturn,Solar_12,Solar_8,心奥を深める専門知の修得,精神的な学びや長期的な計画において、実力不足や古い考え方の限界を痛感する出来事が起こります。高い目標を立てるものの、知識不足のために思うように進まず、焦りやプレッシャーを覚えることもあるでしょう。しかし、ここで手っ取り早く結果を得ようとせず、基礎から地道に専門分野を学び直し、知識の土台を固めていくことで、将来の活躍を圧倒的に高める本物の専門性と、自信を持って長期的なビジネスを拡大していくための確実な足場を獲得できます。
Jupiter,Saturn,Solar_12,Solar_9,社会的地位の陰にある重責,仕事での名誉や大きな活躍が広がる一方で、社会的な肩書や仕事の重い責任がのしかかり、自分の自由な時間や発言が制限される窮屈さに直面します。プレッシャーの中で結果を求められ、自分の実力不足にプレッシャーを感じることもあるでしょう。しかし、ここで重圧から逃げずに与えられた社会的役割をしっかりと引き受け、地道に成果を出し続けることで、結果として大きな社会的信頼と、今後のビジネスで圧倒的に有利に立ち回るための揺るぎないキャリアの基盤を手にできます。
Jupiter,Saturn,Solar_12,Solar_10,隠れた人脈の徹底整理,豊かなパートナーシップや人間関係を広げる機会が巡ってくる一方で、友人関係や所属しているネットワーク、または未来のグループ活動において、無駄な交際費や厳しい予算制限に向き合わざるを得なくなります。人間関係でのしがらみやお金の使いすぎでストレスやプレッシャーを感じることもあるでしょう。しかし、ここで価値観の合わない集団との無駄な付き合いをきっぱりと整理し、本当に志が同じ仲間との関係に絞って向き合うことで、無駄なお金を完全にカットし、今後のあなたの経済活動を強力に支えてくれる本物のネットワークを築くことができます。
Jupiter,Saturn,Solar_12,Solar_11,水面下の過去の完全清算,過去の不透明なお金の使い方や、誰にも言えない金銭的しがらみが水面下から一挙に浮上し、非常に厳しい清算や隠れた責任問題の見直しを求められます。予期せぬ支出や見えないお金の流出に圧倒され、焦りや経済的プレッシャーを感じることもあるでしょう。しかし、ここで現実から目を背けずに自分の内面と真摯に向き合い、過去の金銭的しがらみを一つ一つ丁寧に清算し切ることで、誰に頼ることもなく自らの手で未来の生活を支えていける、揺るぎない強固な経済的安心の土台を築き上げることができます。
Jupiter,Saturn,Solar_12,Solar_12,水面下の過去の完全清算,過去の不透明なお金の使い方や、誰にも言えない金銭的しがらみが水面下から一挙に浮上し、非常に厳しい清算や隠れた責任問題の見直しを求められます。予期せぬ支出や見えないお金の流出に圧倒され、焦りや経済的プレッシャーを感じることもあるでしょう。しかし、ここで現実から目を背けずに自分の内面と真摯に向き合い、過去の金銭的しがらみを一つ一つ丁寧に清算し切ることで、誰に頼ることもなく自らの手で未来の生活を支えていける、揺るぎない確固たる経済的安心の土台を築き上げることができます。
Jupiter,Saturn,Natal_1,Natal_1,本当の自分との対峙,自分自身の本質や「本当にこのままいいのか」という深い自己否定感と、より良く変わりたいという焦燥感が内面で激しくぶつかり合います。自分の能力やこれまでの生き方に自信が持てず、周囲と比べて強い焦りや深い不安に苛まれることもあるでしょう。しかし、これは自分という人間の真の可能性を開花させ、より深いレベルでの自信を手に入れるための自己刷新のプロセスであり、自らの限界と可能性の双方を深く見つめ直して向き合い続けたとき、他人の評価や環境に一切振り回されることのない、揺るぎない自己信頼と今後の人生を堂々と歩む確信をその手で掴み取っているはずです。
Jupiter,Saturn,Natal_1,Natal_2,心の豊かさの再定義,自分の本質的な価値や「本当の豊かさとは何か」という問いが内面で静かに浮かび上がり、目先の豊かさへの執着や不安と激しく葛藤します。自分の持っている能力や価値に自信が持てず、周囲の成功と比べて強い焦燥感や自己否定感を覚えることもあるでしょう。しかし、これは自分という人間の真の可能性を活かし、目に見えない本質的な心の豊かさを育むための自己刷新のプロセスであり、自らの価値観を深く見つめ直して向き合い続けたとき、他人の評価や金銭的な状況に振り回されない、強固な自己信頼と人生を心から楽しむ確信をその手で掴み取っているはずです。
Jupiter,Saturn,Natal_1,Natal_3,思考の枠組みのアップデート,日々のコミュニケーションや考えを伝える場面において、自分の言葉が本当に相手に伝わっているのかという、深い表現への葛藤に直面します。自分の知性や伝え方に自信を失い、身近な人間関係の中で一時的なプレッシャーや孤独感に苛まれることもあるでしょう。しかし、これは自分の内なる知性を磨き上げ、より分かりやすく相手に届く対話力を手に入れるための成長のプロセスであり、自分の考えを丁寧に整理して他者と真摯に向き合い続けたとき、誰の言葉にも惑わされない深い知性と、周囲との強固な信頼関係をその手に掴んでいるはずです。
Jupiter,Saturn,Natal_1,Natal_4,心の土台の揺るぎない再編,自分の内面にある最も繊細な感情や、家族に対する心の甘えが通用しなくなるような、深い居場所の危機を覚えることになります。どこか心が落ち着かず、自分の存在意義を失ったかのような強い不安や孤立感にのしかかられることもあるでしょう。しかし、これは自分の精神的なルーツを強化し、真に自立した人間としての心の拠り所を築くための自己変革のプロセスであり、自分の本音と足元の生活を静かに見つめ直して向き合い続けたとき、何があっても揺るぎない絶対的な心の安心と、温かい人間関係をその手で勝ち得ているはずです。
Jupiter,Saturn,Natal_1,Natal_5,クリエイティブな自信の再生,自分の純粋な喜びや自己表現に対して、「本当に自分には価値があるのか」という深い自己否定と、輝きたいという大志が心の中でぶつかり合います。他人の評価や目線が気になり、自分の好きなことを表現する楽しさを見失って一時的なスランプを覚えることもあるでしょう。しかし、これは自分独自の輝きを本物の実力へと磨き上げ、流行に左右されない自己表現を確立するための脱皮のプロセスであり、自らの純粋な楽しさと実力を地道に見つめ直して向き合い続けたとき、揺るぎない自己肯定感と周囲を惹きつける魅力を手に入れているはずです。
Jupiter,Saturn,Natal_1,Natal_6,自己管理から得る精神的安定,日々の役割を果たす中で、「自分は本当に役に立っているのか」という無力感や、義務に縛られる窮屈さが心の中に強く広がっていきます。細かい雑務や健康面の心配に心が圧倒され、自由がない焦りや強いプレッシャーに直面することもあるでしょう。しかし、これは自分の精神と健康をより健やかに保ち、日々の生活習慣を機能的に整えるための自己規律のプロセスであり、日々のルーティンや自己管理に真摯に向き合い続けたとき、どのような環境でも安定して実力を発揮できる強固な精神力と、確かな自己信頼を獲得しているはずです。
Jupiter,Saturn,Natal_1,Natal_7,対人関係における自己再生,特定の他者やパートナーとの対等な関わりの中で、自分の未熟さや「本当に心から人を信頼できているか」という深い葛藤に直面します。対人関係の中で自己主張することへの不安や、相手と向き合うことへの重圧に苛まれることもあるでしょう。しかし、これは他者を鏡として自分自身のあり方を磨き、より対等で成熟したパートナーシップを築くための人間的成長のプロセスであり、自らの甘えを排してお互いの責任と誠実にに向き合い続けたとき、何があっても揺るぎない確固たる自己信頼と、深い人間の絆をその手で掴み取っているはずです。
Jupiter,Saturn,Natal_1,Natal_8,心の奥のしがらみとの決別,他者との深い心の繋がりやしがらみの中で、目に見えない支配や過去のトラウマに対する深い心理的な危機や葛藤が浮上します。自分の感情をコントロールできず、深い不安や精神的な不自由さに圧倒されることもあるでしょう。しかし、これは他者への過度な依存や過去の未解決な感情を完全に手放し、精神的に真に自立するための再生のプロセスであり、自らの心の闇と強さを深く見つめ直して向き合い続けたとき、誰にも脅かされない深い心の平和と、真に深い信頼関係をその手に掴んでいるはずです。
Jupiter,Saturn,Natal_1,Natal_9,高い志を形にする知性,自分が正しいと信じてきた理念や人生の長期計画において、自らの実力不足や「本当にこの道でいいのか」という深い信念の揺らぎに直面します。高い目標と現実の自分のギャップに焦りを感じ、将来への無力感に苛まれることもあるでしょう。しかし、これはあなたの精神的な視野を本物へと引き上げ、地に足の着いた真の智慧を獲得するための自己研鑽 of プロセスであり、自らの専門性と信念を基礎から地道に見つめ直して学び続け、向き合い続けたとき、揺るぎない大局的な視野と人生を歩む確信を獲得しているはずです。
Jupiter,Saturn,Natal_1,Natal_10,社会的使命の引き受け,自立して輝きたいという強い意欲がある一方で、社会的な責任や肩書、キャリア上の重い期待に対して強いプレッシャーと自己不信を覚えることになります。自分の実力が社会の要求に応えられないのではないかという不安に直面し、重圧を覚えることもあるでしょう。しかし、これはあなたの実力を社会で本当に通用する本物の強さへと鍛え上げ、確固たる地位を確立するための自己刷新のプロセスであり、与えられた責任から逃げずに地道に向き合い続けたとき、他人の評価に一切左右されない本物のキャリアの自信と、揺るぎない自立心をその手で掴み取っているはずです。
Jupiter,Saturn,Natal_1,Natal_11,未来を描くグループの整理,志を共にする仲間やネットワークの中で、「自分は本当にこの集団に所属していていいのか」という深い孤独感や違和感に直面します。価値観の合わない集団の中でのプレッシャーを感じ、自分の未来のビジョンを見失うような焦りを覚えることもあるでしょう。しかし、これは表面的な人付き合いを捨て、真に未来を共有できる本物の絆だけを選び取るための精神的成長のプロセスであり、自らの求める理想とネットワークを静かに見つめ直して向き合い続けたとき、今後のあなたの人生を心から支えてくれる強固な人間関係の土台を獲得しているはずです。
Jupiter,Saturn,Natal_1,Natal_12,心の奥の恐れの解消,精神的な探求や休息を求める一方で、心の中にある解決していない過去の罪悪感や、誰にも言えない孤独な恐れが水面下から突如として浮上します。現実の行動を阻む見えない不安に圧倒され、前進できない焦りや精神的な停滞感を覚えることもあるでしょう。しかし、これはあなたの内なるしがらみを完全に清算し、魂の底から自由になるための再生のプロセスであり、自らの内面と逃げずに真摯に向き合い続けたとき、誰の言葉にも脅かされない深い心の静けさと、今後の人生を堂々と歩み出すための絶対的な自己信頼を獲得しているはずです。
Jupiter,Saturn,Natal_2,Natal_1,自己信頼による価値の向上,自分の能力や豊かさを広げたいという前向きな意欲がある一方で、自分自身の体調の限界や、急増する自己管理への厳しい責任に直面し、深い自己否定感に苛まれます。稼ぎたい意欲に反して、自分の未熟さや役割の重さに圧倒され、一時的なプレッシャーや孤独を覚えることもあるでしょう。しかし、これはあなたの精神的な強さを磨き、自立した存在として新たな役割を引き受け切るための自己改革のプロセスであり、誰かに頼る甘えを捨てて自分の実力を地道に見つめ直し、向き合い続けたとき、揺るぎない自己信頼と人生を自力でコントロールする確信を掴み取っているはずです。
Jupiter,Saturn,Natal_2,Natal_2,価値観の徹底的再編,自分の金銭感覚や物質的な安定を広げたいというチャンスがある一方で、同時にお金の使い方や貯蓄について、厳しい自己規律や内省的な不安に向き合わざるを得なくなります。お金の出入りに対して今後の経済的なやりくりへのプレッシャーを覚え、一時的な不自由さを感じることもあるでしょう。しかし、これは目先の誘惑に負けずに自分の本当の価値を見つめ直し、地道に生活のルールを再設計するための自己刷新のプロセスであり、自らの価値観を徹底的に見直し向き合い続けたとき、誰に頼ることもなく自らの手で未来の生活を支えていける、揺るぎない強固な安定の土台を築き上げているはずです。
Jupiter,Saturn,Natal_2,Natal_3,伝える力を活かした価値創造,自分の知識やスキルをお金に換えたいという前向きな意欲が高まる一方で、周囲との日常的な連絡や会話、または自分のコミュニケーション能力において、厳しい課題やもどかしさに直面します。自分の考えがうまく伝わらず、取引先や身近な人間関係の中で行き詰まりやプレッシャーを感じることもあるでしょう。しかし、これは自分の内なる伝える力を磨き上げ、より分かりやすく相手に届く対話力を手に入れるための成長のプロセスであり、自分の考えを丁寧に整理して他者と真摯に向き合い続けたとき、誰の言葉にも惑わされない深い知性と、周囲との強固な信頼関係をその手に掴んでいるはずです。
Jupiter,Saturn,Natal_2,Natal_4,家族を支える心の土台作り,経済的な豊かさを広げたいという前向きな意欲やチャンスがある一方で、家庭環境や暮らしの基盤において、予想外の責任や精神的な負担が発生します。住まいや家族の問題で自由にお金を使えなかったり、プライベートな環境を整えるためのプレッシャーを覚えることもあるでしょう。しかし、これは自分の精神的なルーツを強化し、真に自立した人間としての心の拠り所を築くための自己変革のプロセスであり、自分の本音と足元の生活を静かに見つめ直して向き合い続けたとき、何があっても揺るぎない絶対的な心の安心と、温かい人間関係をその手で勝ち得ているはずです。
Jupiter,Saturn,Natal_2,Natal_5,自己投資と創作の楽しさ,自分の能力でお金を増やすことや投資への興味が高まる一方で、趣味や遊び、または自己表現において、過度な支出への厳しいブレーキや、自分の実力不足に直面します。本当にやりたいことに対して責任を感じ、他人の目や評価が気になって一時的なスランプを感じることもあるでしょう。しかし、これは自分独自の輝きを本物の実力へと磨き上げ、流行に左右されない自己表現を確立するための脱皮のプロセスであり、自らの純粋な楽しさと実力を地道に見つめ直して向き合い続けたとき、揺るぎない自己肯定感と周囲を惹きつける魅力を手に入れているはずです。
Jupiter,Saturn,Natal_2,Natal_6,日々の役割から得る豊かさ,日々の実務に精力的に取り組み、自分の役割を広げようとする中で、職場での日々の細かい実務や健康管理において、自分の思い通りにならない窮屈さや体調の限界に直面します。面倒な雑務や単調な作業が急増し、時間的・体力的なプレッシャーからストレスを感じることもあるでしょう。しかし、これは自分の精神と健康をより健やかに保ち、日々の生活習慣を機能的に整えるための自己規律のプロセスであり、日々のルーティンや自己管理に真摯に向き合い続けたとき、どのような環境でも安定して実力を発揮できる強固な精神力と、確かな自己信頼を獲得しているはずです。
Jupiter,Saturn,Natal_2,Natal_7,対人関係における信頼構築,ビジネスや新しい仕事で金銭的なチャンスが広がる一方で、特定のパートナーや取引先との契約、あるいは1対1の対人関係において、逃げられない厳しい責任や対立が発生します。人間関係のしがらみや契約の制限に縛られ、自分の意見を通せないもどかしさやプレッシャーを感じることもあるでしょう。しかし、これは他者を鏡として自分自身のあり方を磨き、より対等で成熟したパートナーシップを築くための人間的成長のプロセスであり、自らの甘えを排してお互いの責任と誠実に向き合い続けたとき、何があっても揺るぎない確固たる自己信頼と、深い人間の絆をその手で掴み取っているはずです。
Jupiter,Saturn,Natal_2,Natal_8,共有関係から得る豊かさ,自力で収入を増やそうとする前向きな動きがある一方で、借入やローン、他人から引き継いだ財産やしがらみのあるお金に関して、非常に厳しい清算や見直しを求められます。目に見えない金銭的負担や義務に直面し、重いプレッシャーや不自由さを覚えることもあるでしょう。しかし、これは他者への過度な依存や過去の未解決な感情を完全に手放し、精神的に真に自立するための再生のプロセスであり、自らの心の闇と強さを深く見つめ直して向き合い続けたとき、誰にも脅かされない深い心の平和と、真に深い信頼関係をその手に掴んでいるはずです。
Jupiter,Saturn,Natal_2,Natal_9,専門スキルを高める学び直し,収入を拡大したいというチャンスや意欲がある一方で、自分自身の専門知識や長期的な計画において、実力不足や古い考え方の限界を痛感する出来事が起こります。高い目標を立てるものの、知識不足のために思うように進まず、焦りやプレッシャーを覚えることもあるでしょう。しかし、これはあなたの精神的な視野を本物へと引き上げ、地に足の着いた真の智慧を獲得するための自己研鑽のプロセスであり、自らの専門性と信念を基礎から地道に見つめ直して学び続け、向き合い続けたとき、揺るぎない大局的な視野と人生を歩む確信を獲得しているはずです。
Jupiter,Saturn,Natal_2,Natal_10,社会的責任と能力の向上,自力で稼ぐ力や豊かさを広げたいという前向きなチャンスがある一方で、社会的な肩書や仕事の重い責任がのしかかり、自分の自由なお金や時間が制限される窮屈さに直面します。プレッシャーの中で結果を求められ、自分の実力不足にプレッシャーを感じることもあるでしょう。しかし、これはあなたの実力を社会で本当に通用する本物の強さへと鍛え上げ、確固たる地位を確立するための自己刷新のプロセスであり、与えられた責任から逃げずに地道に向き合い続けたとき、他人の評価に一切左右されない本物のキャリアの自信と、揺るぎない自立心をその手で掴み取っているはずです。
Jupiter,Saturn,Natal_2,Natal_11,グループ活動の整理と見直し,自らのスキルで収入を伸ばす機会が巡ってくる一方で、友人関係や所属しているネットワーク、または未来のグループ活動において、無駄な交際費や厳しい予算制限に向き合わざるを得なくなります。人間関係でのしがらみやお金の使いすぎでストレスやプレッシャーを感じることもあるでしょう。しかし、これは表面的な人付き合いを捨て、真に未来を共有できる本物の絆だけを選び取るための精神的成長のプロセスであり、自らの求める理想とネットワークを静かに見つめ直して向き合い続けたとき、今後のあなたの人生を心から支えてくれる強固な人間関係の土台を獲得しているはずです。
Jupiter,Saturn,Natal_2,Natal_12,不透明なお金の使い方清算,自分自身のスキルで豊かさを広げようとする中で、過去の不透明なお金の使い方や、誰にも言えない金銭的しがらみが水面下から突如として浮上してきます。予期せぬ支出や見えないお金の流出に圧倒され、焦りや経済的プレッシャーを感じることもあるでしょう。しかし、これはあなたの内なるしがらみを完全に清算し、魂の底から自由になるための再生のプロセスであり、自らの内面と逃げずに真摯に向き合い続けたとき、誰の言葉にも脅かされない深い心の静けさと、今後の人生を堂々と歩み出すための絶対的な自己信頼を獲得しているはずです。
Jupiter,Saturn,Natal_3,Natal_1,伝えるための自己規律,日常的な学びや新しい情報のやり取り、身近な対話を通じて視野を広げる機会が巡ってくる一方で、自分自身の体調の限界や、厳しい自己管理の責任に直面します。他人と交流したい気持ちに反して、自分の未熟さや役割の重さに圧倒され、一時的な孤独やプレッシャーを感じることもあるでしょう。しかし、これはあなたの精神的な強さを磨き、自立した存在として新たな役割を引き受け切るための自己改革のプロセスであり、誰かに頼る甘えを捨てて自分の実力を地道に見つめ直し、向き合い続けたとき、揺るぎない自己信頼と人生を自力でコントロールする確信を掴み取っているはずです。
Jupiter,Saturn,Natal_3,Natal_2,言葉と価値観のバランス,新しい資格の勉強や身近なコミュニケーションを活発に広げようとする一方で、手元の資金や現実的な所得の面で、厳しい支出制限や不自由さに直面します。学びたい意欲に反してお金を自由に使えないもどかしさを感じ、将来の生活へのプレッシャーを覚えることもあるでしょう。しかし、これは目先の誘惑に負けずに自分の本当の価値を見つめ直し、地道に生活のルールを再設計するための自己刷新のプロセスであり、自らの価値観を徹底的に見直し向き合い続けたとき、誰に頼ることもなく自らの手で未来の生活を支えていける、揺るぎない強固な安定の土台を築き上げているはずです。
Jupiter,Saturn,Natal_3,Natal_3,対話における自己管理,日常のコミュニケーションや知的な活動を広げようとする一方で、同時に日常的な連絡や会話、または自分のコミュニケーション能力において、厳しい課題や他者との摩擦に向き合わざるを得なくなります。自分の言葉が誤解されてもどかしさを感じ、対人関係での孤立やプレッシャーを覚えることもあるでしょう。しかし、これは自分の内なる伝える力を磨き上げ、より分かりやすく相手に届く対話力を手に入れるための成長のプロセスであり、自分の考えを丁寧に整理して他者と真摯に向き合い続けたとき、誰の言葉にも惑わされない深い知性と、周囲との強固な信頼関係をその手に掴んでいるはずです。
Jupiter,Saturn,Natal_3,Natal_4,家庭環境と情報の整理,日常的な学びや周囲との交流を広げたいという前向きな意欲がある一方で、家庭環境や暮らしの基盤において、解決すべき予想外の責任や精神的な負担が発生します。住まいや家族の心配事で落ち着いて学ぶ時間が持てず、プライベートな環境でのストレスを感じることもあるでしょう。しかし、これは自分の精神的なルーツを強化し、真に自立した人間としての心の拠り所を築くための自己変革のプロセスであり、自分の本音と足元の生活を静かに見つめ直して向き合い続けたとき、何があっても揺るぎない絶対的な心の安心と、温かい人間関係をその手で勝ち得ているはずです。
Jupiter,Saturn,Natal_3,Natal_5,趣味と発信スキルの両立,自分の考えをSNSなどで活発に表現したいという前向きな意欲が高まる一方で、趣味や遊び、または自己表現において、過度な支出への厳しいブレーキや、自分の実力不足に直面します。本当にやりたいことに対して責任を感じ、他人の目や評価が気になって一時的なスランプを感じることもあるでしょう。しかし、これは自分独自の輝きを本物の実力へと磨き上げ、流行に左右されない自己表現を確立するための脱皮のプロセスであり、自らの純粋な楽しさと実力を地道に見つめ直して向き合い続けたとき、揺るぎない自己肯定感と周囲を惹きつける魅力を手に入れているはずです。
Jupiter,Saturn,Natal_3,Natal_6,実務習慣から得る知見,日々のコミュニケーションや学習を活発に進めたいという意欲がある一方で、職場での細かい実務や健康管理において、自分の思い通りにならない窮屈さや体調の限界に直面します。地味なルーティンや細かい作業が急増し、自分の時間を持てないもどかしさやプレッシャーを感じることもあるでしょう。しかし、これは自分の精神と健康をより健やかに保ち、日々の生活習慣を機能的に整えるための自己規律のプロセスであり、日々のルーティンや自己管理に真摯に向き合い続けたとき、どのような環境でも安定して実力を発揮できる強固な精神力と、確かな自己信頼を獲得しているはずです。
Jupiter,Saturn,Natal_3,Natal_7,契約整備と対人関係の工夫,新しい情報の共有や周囲との活発な交流を楽しむチャンスがある一方で、特定のパートナーや取引先との契約、あるいは1対1の対人関係において、逃げられない厳しい責任や対立が発生します。人間関係のしがらみや契約の制限に縛られ、自分の意見を通せないもどかしさやプレッシャーを感じることもあるでしょう。しかし、これは他者を鏡として自分自身のあり方を磨き、より対等で成熟したパートナーシップを築くための人間的成長のプロセスであり、自らの甘えを排してお互いの責任と誠実に向き合い続けたとき、何があっても揺るぎない確固たる自己信頼と、深い人間の絆をその手で掴み取っているはずです。
Jupiter,Saturn,Natal_3,Natal_8,本音を共有する対話,身近な人との言葉のやり取りや学びを広げたいという前向きな意欲がある一方で、目に見えない深い人間関係のしがらみや、過去から引きずってきた精神的な負債に直面し、激しい葛藤を覚えます。他者と深く繋がり合うことへの心理的プレッシャーを感じ、本音を口にすることへの恐怖に苛まれることもあるでしょう。しかし、これはあなたが他者への過度な依存や心理的な甘えを捨て、精神的に深く自立するための成長のプロセスであり、自らの心の闇と強さを深く見つめ直して向き合い続けたとき、誰にも脅かされない深い心の平和と、真に深い信頼関係をその手に掴んでいるはずです。
Jupiter,Saturn,Natal_3,Natal_9,理念を言葉にする知性,日々のコミュニケーションや学習を活発に進めようとする中で、自分が正しいと信じてきた理念や人生の長期計画において、自らの実力不足や「本当にこの道でいいのか」という深い信念の揺らぎに直面します。高い目標と現実の自分のギャップに焦りを感じ、将来への無力感に苛まれることもあるでしょう。しかし、これはあなたの精神的な視野を本物へと引き上げ、地に足の着いた真の智慧を獲得するための自己研鑽のプロセスであり、自らの専門性と信念を基礎から地道に見つめ直して学び続け、向き合い続けたとき、揺るぎない大局的な視野と人生を歩む確信を獲得しているはずです。
Jupiter,Saturn,Natal_3,Natal_10,社会的使命を語る言葉,日々の会話や手軽な学びを広げたいという意欲がある一方で、社会的な責任や肩書、キャリア上の重い期待に対して強いプレッシャーと自己不信を覚えることになります。自分の実力が社会の要求に応えられないのではないかという不安に直面し、重圧を覚えることもあるでしょう。しかし、これはあなたの実力を社会で本当に通用する本物の強さへと鍛え上げ、確固たる地位を確立するための自己刷新のプロセスであり、与えられた責任から逃げずに地道に向き合い続けたとき、他人の評価に一切左右されない本物のキャリアの自信と、揺るぎない自立心をその手で掴み取っているはずです。
Jupiter,Saturn,Natal_3,Natal_11,理想 of ネットワーク整備,新しい情報の収集や周囲との交流を広げようとする中で、志を共にする仲間やネットワークの中で、「自分は本当にこの集団に所属していていいのか」という深い孤独感や違和感に直面します。価値観の合わない集団の中でのプレッシャーを感じ、自分の未来のビジョンを見失うような焦りを覚えることもあるでしょう。しかし、これは表面的な人付き合いを捨て、真に未来を共有できる本物の絆だけを選び取るための精神的成長のプロセスであり、自らの求める理想とネットワークを静かに見つめ直して向き合い続けたとき、今後のあなたの人生を心から支えてくれる強固な人間関係の土台を獲得しているはずです。
Jupiter,Saturn,Natal_3,Natal_12,心の奥の言葉の整理,日々のコミュニケーションや学習を活発に進めようとする一方で、心の中にある過去のトラウマや、解決していない隠れた責任問題が水面下から突如として浮上してきます。現実の行動を阻む見えない不安や健康上の問題に圧倒され、前進できない焦りや孤独を感じることもあるでしょう。しかし、これはあなたの内なるしがらみを完全に清算し、魂の底から自由になるための再生のプロセスであり、自らの内面と逃げずに真摯に向き合い続けたとき、誰の言葉にも脅かされない深い心の静けさと、今後の人生を再出発させるための強靭な自己信頼を獲得しているはずです。
Jupiter,Saturn,Natal_4,Natal_1,心の安全を守るための規律,家庭の暮らしや心の安らぎを豊かに育もうとする中で、自分の本質的な価値や「本当の豊かさとは何か」という問いが内面で静かに浮かび上がり、目先の豊かさへの執着や不安と激しく葛藤します。自分の持っている能力や価値に自信が持てず、周囲の成功と比べて強い焦燥感や自己否定感を覚えることもあるでしょう。しかし、これは自分という人間の真の可能性を活かし、目に見えない本質的な心の豊かさを育むための自己刷新のプロセスであり、自らの価値観を深く見つめ直して向き合い続けたとき、他人の評価や金銭的な状況に振り回されない、強固な自己信頼と人生を心から楽しむ確信をその手で掴み取っているはずです。
Jupiter,Saturn,Natal_4,Natal_2,暮らしの土台と価値観の再編,自分の実力でお金を稼ぐことへの漠然とした不安や、生活を自力で支えられないかもしれないという深い恐怖心が心の底で渦巻き、家庭環境やプライベートの居場所においても安心感を覚えられなくなります。自分の才能や自己価値を素直に信じることができず、周囲と自分を比較して強い焦りや経済的なプレッシャーに苛まれることもあるでしょう。しかし、これはあなたが他者に依存する甘えを完全に捨て、自分自身の力で人生の土台を再構築するための自己刷新のプロセスであり、自らの経済的現実と生活態度を基礎から真摯に見つめ直して地道に向き合い続けたとき、誰の評価にも脅かされない不動の自己信頼と、真に安心できる強固な家庭の足場をその手で掴み取っているはずです。
Jupiter,Saturn,Natal_4,Natal_3,身内との対話のアップデート,家庭生活やプライベートを充実させようとする一方で、日常的な連絡や身内との会話、または自分のコミュニケーション能力において、厳しい課題や他者との摩擦に向き合わざるを得なくなります。自分の言葉が誤解されてもどかしさを感じ、親しい関係の中で孤立感やプレッシャーを覚えることもあるでしょう。しかし、これは自分の内なる伝える力を磨き上げ、より分かりやすく相手に届く対話力を手に入れるための成長のプロセスであり、自分の考えを丁寧に整理して他者と真摯に向き合い続けたとき、誰の言葉にも惑わされない深い知性と、周囲との強固な信頼関係をその手に掴んでいるはずです。
Jupiter,Saturn,Natal_4,Natal_4,家族環境の徹底的な再編,家庭のあり方やプライベートな生活を快適にする機会が広がる一方で、同時にお金の使い方や家庭内の役割について、厳しい自己規律や予期せぬ家事負担に向き合わざるを得なくなります。生活環境のルール作りが厳しくなり、今後の暮らしのやりくりに対して強い不安や不自由さを感じることもあるでしょう。しかし、これは自分の精神的なルーツを強化し、真に自立した人間としての心の拠り所を築くための自己変革のプロセスであり、自分の本音と足元の生活を静かに見つめ直して向き合い続けたとき、何があっても揺るぎない絶対的な心の安心と、温かい人間関係をその手で勝ち得ているはずです。
Jupiter,Saturn,Natal_4,Natal_5,家庭での楽しみの再発見,家族との団らんを楽しみ、プライベートな生活を快適にする一方で、趣味や遊び、または自己表現において、過度な支出への厳しいブレーキや、自分の実力不足に直面します。本当にやりたいことに対して責任を感じ、他人の目や評価が気になって一時的なスランプを感じることもあるでしょう。しかし、これは自分独自の輝きを本物の実力へと磨き上げ、流行に左右されない自己表現を確立するための脱皮のプロセスであり、自らの純粋な楽しさと実力を地道に見つめ直して向き合い続けたとき、揺るぎない自己肯定感と周囲を惹きつける魅力を手に入れているはずです。
Jupiter,Saturn,Natal_4,Natal_6,暮らしを支える実務管理,家庭環境を整え、プライベートを充実させたいというチャンスがある一方で、職場での日々の細かい実務や健康管理において、自分の思い通りにならない窮屈さや体調の限界に直面します。面倒な雑務や単調な作業が急増し、時間的・体力的なプレッシャーからストレスを感じることもあるでしょう。しかし、これは自分の精神と健康をより健やかに保ち、日々の生活習慣を機能的に整えるための自己規律のプロセスであり、日々のルーティンや自己管理に真摯に向き合い続けたとき、どのような環境でも安定して実力を発揮できる強固な精神力と、確かな自己信頼を獲得しているはずです。
Jupiter,Saturn,Natal_4,Natal_7,親密な関係と責任の整理,身内や家族との温かい繋がりを広げる機会がある一方で、特定の他者やパートナーとの対等な関わりの中で、自分の未熟さや「本当に心から人を信頼できているか」という深い葛藤に直面します。対人関係の中で自己主張することへの不安や、相手と向き合うことへの重圧に苛まれることもあるでしょう。しかし、これは他者を鏡として自分自身のあり方を磨き、より対等で成熟したパートナーシップを築くための人間的成長のプロセスであり、自らの甘えを排してお互いの責任と誠実に向き合い続けたとき、何があっても揺るぎない確固たる自己信頼と、深い人間の絆をその手で掴み取っているはずです。
Jupiter,Saturn,Natal_4,Natal_8,家族のしがらみとの決別,家庭生活やプライベートを豊かにしようとする中で、目に見えない深い人間関係のしがらみや、過去から引きずってきた精神的な負債に直面し、激しい葛藤を覚えます。他者と深く繋がり合うことへの心理的プレッシャーを感じ、本音を口にすることへの恐怖に苛まれることもあるでしょう。しかし、これは他者への過度な依存や過去の未解決な感情を完全に手放し、精神的に真に自立するための再生のプロセスであり、自らの心の闇と強さを深く見つめ直して向き合い続けたとき、誰にも脅かされない深い心の平和と、真に深い信頼関係をその手に掴んでいるはずです。
Jupiter,Saturn,Natal_4,Natal_9,精神的支柱となる理念,家庭環境を整え、心の安らぎを広げようとする一方で、自分が正しいと信じてきた理念や人生の長期計画において、自らの実力不足や「本当にこの道でいいのか」という深い信念の揺らぎに直面します。高い目標と現実の自分のギャップに焦りを感じ、将来への無力感に苛まれることもあるでしょう。しかし、これはあなたの精神的な視野を本物へと引き上げ、地に足の着いた真の智慧を獲得するための自己研鑽のプロセスであり、自らの専門性と信念を基礎から地道に見つめ直して学び続け、向き合い続けたとき、揺るぎない大局的な視野と人生を歩む確信を獲得しているはずです。
Jupiter,Saturn,Natal_4,Natal_10,社会的地位と家庭の責任,家族との暮らしを豊かに広げたいという前向きなチャンスがある一方で、社会的な責任や肩書、キャリア上の重い期待に対して強いプレッシャーと自己不信を覚えることになります。自分の実力が社会の要求に応えられないのではないかという不安に直面し、重圧を覚えることもあるでしょう。しかし、これはあなたの実力を社会で本当に通用する本物の強さへと鍛え上げ、確固たる地位を確立するための自己刷新のプロセスであり、与えられた責任から逃げずに地道に向き合い続けたとき、他人の評価に一切左右されない本物のキャリアの自信と、揺るぎない自立心をその手で掴み取っているはずです。
Jupiter,Saturn,Natal_4,Natal_11,家庭とグループ活動の整理,家庭内での暮らしを快適にする機会が巡ってくる一方で、志を共にする仲間やネットワークの中で、「自分は本当にこの集団に所属していていいのか」という深い孤独感や違和感に直面します。価値観の合わない集団の中でのプレッシャーを感じ、自分の未来のビジョンを見失うような焦りを覚えることもあるでしょう。しかし、これは表面的な人付き合いを捨て、真に未来を共有できる本物の絆だけを選び取るための精神的成長のプロセスであり、自らの求める理想とネットワークを静かに見つめ直して向き合い続けたとき、今後のあなたの人生を心から支えてくれる強固な人間関係の土台を獲得しているはずです。
Jupiter,Saturn,Natal_4,Natal_12,心の奥の家庭環境清算,プライベートな暮らしや家庭環境を快適にしようとする中で、過去の不透明なお金の使い方や、誰にも言えない金銭的しがらみが水面下から突如として浮上してきます。予期せぬ支出や見えないお金の流出に圧倒され、焦りや経済的プレッシャーを感じることもあるでしょう。しかし、これはあなたの内なるしがらみを完全に清算し、魂の底から自由になるための再生のプロセスであり、自らの内面と逃げずに真摯に向き合い続けたとき、誰の言葉にも脅かされない深い心の静けさと、今後の人生を堂々と歩み出すための絶対的な自己信頼を獲得しているはずです。
Jupiter,Saturn,Natal_5,Natal_1,創作活動と現実的な資金管理,趣味や自己表現、クリエイティブな活動を広げたいという前向きな意欲がある一方で、同時にお金の使い方や貯蓄について、厳しい自己規律や内省的な不安に向き合わざるを得なくなります。お金の出入りに対して今後の経済的なやりくりへのプレッシャーを覚え、一時的な不自由さを感じることもあるでしょう。しかし、これは目先の誘惑に負けずに自分の本当の価値を見つめ直し、地道に生活のルールを再設計するための自己刷新のプロセスであり、自らの価値観を徹底的に見直し向き合い続けたとき、誰に頼ることもなく自らの手で未来の生活を支えていける、揺るぎない強固な安定の土台を築き上げているはずです。
Jupiter,Saturn,Natal_5,Natal_2,自己表現と経済的自立の統合,自分独自の感性やクリエイティブな表現を世に出したいと願う一方で、それをお金に変えることへの強いプレッシャーや、過度な支出への厳しいブレーキに直面して自信を失います。本当に好きなことを楽しもうとしても、現実的な生活費の心配や実力不足の恐怖が先立ち、一時的な表現のスランプや深い焦燥感を覚えることもあるでしょう。しかし、これは目先の評価や一時の快楽に逃げず、自分自身の本当の才能を社会で通用する本物の価値へと磨き上げるための自己研鑽のプロセスであり、自らの創作意欲と経済的な現実に地道に向き合い続けたとき、誰にも真似できない本物の表現力と、自らの力で豊かな生活を支えていく確固たる経済的安心を獲得しているはずです。
Jupiter,Saturn,Natal_5,Natal_3,趣味を活かした伝える力,自分の好きなことを活発に表現したいという前向きな意欲が高まる一方で、周囲との日常的な連絡や会話、または自分のコミュニケーション能力において、厳しい課題やもどかしさに直面します。自分の考えがうまく伝わらず、取引先や身近な人間関係の中で行き詰まりやプレッシャーを感じることもあるでしょう。しかし、これは自分の内なる伝える力を磨き上げ、より分かりやすく相手に届く対話力を手に入れるための成長のプロセスであり、自分の考えを丁寧に整理して他者と真摯に向き合い続けたとき、誰の言葉にも惑わされない深い知性と、周囲との強固な信頼関係をその手に掴んでいるはずです。
Jupiter,Saturn,Natal_5,Natal_4,家庭環境と趣味の両立,趣味や好きなことを活発に進めたいという前向きな意欲がある一方で、家庭環境や暮らしの基盤において、予想外の責任や精神的な負担が発生します。住まいや家族の心配事で落ち着いて趣味にお金を使えなかったり、プライベートな環境を整えるためのプレッシャーを覚えることもあるでしょう。しかし、これは自分の精神的なルーツを強化し、真に自立した人間としての心の拠り所を築くための自己変革のプロセスであり、自分の本音と足元の生活を静かに見つめ直して向き合い続けたとき、何があっても揺るぎない絶対的な心の安心と、温かい人間関係をその手で勝ち得ているはずです。
Jupiter,Saturn,Natal_5,Natal_5,自己表現スキルの地道なアップデート,"自分の好きなことを活発に表現したいという前向きな意欲が高まる一方で、趣味や遊び、または自己表現において、過度な支出への厳しいブレーキや、自分の実力不足に直面します。本当にやりたいことに対して責任を感じ、他人の目や評価が気になって一時的なスランプを感じることもあるでしょう。しかし, これは自分独自の輝きを本物の実力へと磨き上げ、流行に左右されない自己表現を確立するための脱皮のプロセスであり、自らの純粋な楽しさと実力を地道に見つめ直して向き合い続けたとき、揺るぎない自己肯定感と周囲を惹きつける魅力を手に入れているはずです。"
Jupiter,Saturn,Natal_5,Natal_6,日々の役割と楽しみの整理,趣味やクリエイティブな活動を活発に進めたいという意欲がある一方で、職場での日々の細かい実務や健康管理において、自分の思い通りにならない窮屈さや体調の限界に直面します。面倒な雑務や単調な作業が急増し、時間的・体力的なプレッシャーからストレスを感じることもあるでしょう。しかし、これは自分の精神と健康をより健やかに保ち、日々の生活習慣を機能的に整えるための自己規律のプロセスであり、日々のルーティンや自己管理に真摯に向き合い続けたとき、どのような環境でも安定して実力を発揮できる強固な精神力と、確かな自己信頼を獲得しているはずです。
Jupiter,Saturn,Natal_5,Natal_7,対人関係を支える自己表現,自分の好きなことを活発に表現し、人間関係を広げるチャンスがある一方で、特定のパートナーや取引先との契約、あるいは1対1の対人関係において、逃げられない厳しい責任や対立が発生します。人間関係のしがらみや契約の制限に縛られ、自分の意見を通せないもどかしさやプレッシャーを感じることもあるでしょう。しかし、これは他者を鏡として自分自身のあり方を磨き、より対等で成熟したパートナーシップを築くための人間的成長のプロセスであり、自らの甘えを排してお互いの責任と誠実に向き合い続けたとき、何があっても揺るぎない確固たる自己信頼と、深い人間の絆をその手で掴み取っているはずです。
Jupiter,Saturn,Natal_5,Natal_8,深いしがらみを解消する娯楽,趣味や投資などを活発に進めたい前向きな意欲がある一方で、借入やローン、他人から引き継いだ財産やしがらみのあるお金に関して、非常に厳しい清算や見直しを求められます。目に見えない金銭的負担や義務に直面し、重いプレッシャーや不自由さを覚えることもあるでしょう。しかし、これは他者への過度な依存や過去の未解決な感情を完全に手放し、精神的に真に自立するための再生のプロセスであり、自らの心の闇と強さを深く見つめ直して向き合い続けたとき、誰にも脅かされない深い心の平和と、真に深い信頼関係をその手に掴んでいるはずです。
Jupiter,Saturn,Natal_5,Natal_9,自己表現を高める学びの計画,趣味や好きなことを活発に楽しもうとする一方で、自分自身の専門知識や長期的な計画において、実力不足や古い考え方の限界を痛感する出来事が起こります。高い目標を立てるものの、知識不足のために思うように進まず、焦りやプレッシャーを覚えることもあるでしょう。しかし、これはあなたの精神的な視野を本物へと引き上げ、地に足の着いた真の智慧を獲得するための自己研鑽のプロセスであり、自らの専門性と信念を基礎から地道に見つめ直して学び続け、向き合い続けたとき、揺るぎない大局的な視野と人生を歩む確信を獲得しているはずです。
Jupiter,Saturn,Natal_5,Natal_10,キャリアを支える自己表現,趣味や自己表現を活発に広げるチャンスがある一方で、社会的な肩書や仕事の重い責任がのしかかり、自分の自由なお金や時間が制限される窮屈さに直面します。プレッシャーの中で結果を求められ、自分の実力不足にプレッシャーを感じることもあるでしょう。しかし、これはあなたの実力を社会で本当に通用する本物の強さへと鍛え上げ、確固たる地位を確立するための自己刷新のプロセスであり、与えられた責任から逃げずに地道に向き合い続けたとき、他人の評価に一切左右されない本物のキャリアの自信と、揺るぎない自立心をその手で掴み取っているはずです。
Jupiter,Saturn,Natal_5,Natal_11,ネットワークと趣味の両立,好きなことを活発に発信し、交流を楽しむ一方で、友人関係や所属しているネットワーク、または未来のグループ活動において、無駄な交際費や厳しい予算制限に向き合わざるを得なくなります。人間関係でのしがらみやお金の使いすぎでストレスやプレッシャーを感じることもあるでしょう。しかし、これは表面的な人付き合いを捨て、真に未来を共有できる本物の絆だけを選び取るための精神的成長のプロセスであり、自らの求める理想とネットワークを静かに見つめ直して向き合い続けたとき、今後のあなたの人生を心から支えてくれる強固な人間関係の土台を獲得しているはずです。
Jupiter,Saturn,Natal_5,Natal_12,心の奥のこだわり清算,趣味や自己表現を活発に広げようとする一方で、過去の不透明なお金の使い方や、誰にも言えない金銭的しがらみが水面下から突如として浮上してきます。予期せぬ支出や見えないお金の流出に圧倒され、焦りや経済的プレッシャーを感じることもあるでしょう。しかし、これはあなたの内なるしがらみを完全に清算し、魂の底から自由になるための再生のプロセスであり、自らの内面と逃げずに真摯に向き合い続けたとき、誰の言葉にも脅かされない深い心の静けさと、今後の人生を堂々と歩み出すための絶対的な自己信頼を獲得しているはずです。
Jupiter,Saturn,Natal_6,Natal_1,実務を支える自己規律,職場での仕事や日々の実務に精力的に取り組み、自分の役割を広げようとする中で、自分自身の体調の限界や、急増する自己管理への厳しい責任に直面し、深い自己否定感に苛まれます。仕事に打ち込みたい気持ちに反して、自分の未熟さや役割 of 重さに圧倒され、一時的なプレッシャーや孤独を覚えることもあるでしょう。しかし、これはあなたの精神的な強さを磨き、自立した存在として新たな役割を引き受け切るための自己改革のプロセスであり、誰かに頼る甘えを捨てて自分の実力を地道に見つめ直し、向き合い続けたとき、揺るぎない自己信頼と人生を自力でコントロールする確信を掴み取っているはずです。
Jupiter,Saturn,Natal_6,Natal_2,実務習慣と現実的な所得管理,仕事での役割が増え、自分の力を活かす機会が広がる一方で、同時にお金の使い方や貯蓄について、厳しい自己規律や内省的な不安に向き合わざるを得なくなります。お金の出入りに対して今後の経済的なやりくりへのプレッシャーを覚え、一時的な不自由さを感じることもあるでしょう。しかし、これは目先の誘惑に負けずに自分の本当の価値を見つめ直し、地道に生活のルールを再設計するための自己刷新のプロセスであり、自らの価値観を徹底的に見直し向き合い続けたとき、誰に頼ることもなく自らの手で未来の生活を支えていける、揺るぎない強固な安定の土台を築き上げているはずです。
Jupiter,Saturn,Natal_6,Natal_3,日々の役割を支える対話,職場での仕事が精力的に進み、日々の役割を広げて活躍するチャンスが訪れる一方で、周囲との日常的な連絡や会話、または自分のコミュニケーション能力において、厳しい課題やもどかしさに直面します。自分の考えがうまく伝わらず、職場や身近な人間関係の中で行き詰まりやプレッシャーを感じることもあるでしょう。しかし、これは自分の内なる伝える力を磨き上げ、より分かりやすく相手に届く対話力を手に入れるための成長のプロセスであり、自分の考えを丁寧に整理して他者と真摯に向き合い続けたとき、誰の言葉にも惑わされない深い知性と、周囲との強固な信頼関係をその手に掴んでいるはずです。
Jupiter,Saturn,Natal_6,Natal_4,家庭環境と実務習慣の整理,職場での実務習慣を整え、健康的に働こうとする意欲がある一方で、家庭環境や暮らしの基盤において、解決すべき予想外の責任や精神的な負担が発生します。住まいや家族の心配事で落ち着いて仕事に向き合う時間が持てず、プライベートな環境でのストレスを感じることもあるでしょう。しかし、これは自分の精神的なルーツを強化し、真に自立した人間としての心の拠り所を築くための自己変革のプロセスであり、自分の本音と足元の生活を静かに見つめ直して向き合い続けたとき、何があっても揺るぎない絶対的な心の安心と、温かい人間関係をその手で勝ち得ているはずです。
Jupiter,Saturn,Natal_6,Natal_5,実務習慣と自己表現,日々のルーティンに精力的に取り組み、自分の役割を広げようとする前向きな意欲が高まる一方で、趣味や遊び、または自己表現において、過度な支出への厳しいブレーキや、自分の実力不足に直面します。本当にやりたいことに対して責任を感じ、他人の目や評価が気になって一時的なスランプを感じることもあるでしょう。しかし、これは自分独自の輝きを本物の実力へと磨き上げ、流行に左右されない自己表現を確立するための脱皮のプロセスであり、自らの純粋な楽しさと実力を地道に見つめ直して向き合い続けたとき、揺るぎない自己肯定感と周囲を惹きつける魅力を手に入れているはずです。
Jupiter,Saturn,Natal_6,Natal_6,日々の実務習慣の徹底再編,日々の役割を精力的にこなし、健康管理や職場環境を広げるチャンスがある一方で、同時にお仕事のやり方や自分の義務について、厳しい自己規律や予期せぬ実務負担に向き合わざるを得なくなります。日々のルール作りや自己管理が厳しくなり、今後の健康維持や仕事のやり方に対して強い不安や不自由さを感じることもあるでしょう。しかし、これは自分の精神と健康をより健やかに保ち、日々の生活習慣を機能的に整えるための自己規律のプロセスであり、日々のルーティンや自己管理に真摯に向き合い続けたとき、どのような環境でも安定して実力を発揮できる強固な精神力と、確かな自己信頼を獲得しているはずです。
Jupiter,Saturn,Natal_6,Natal_7,実務を支える対等な契約,日常の実務において、精力的に活動を広げるチャンスがある一方で、特定のパートナーや取引先との契約、あるいは1対1の対人関係において、逃げられない厳しい責任や対立が発生します。人間関係のしがらみや契約の制限に縛られ、自分の意見を通せないもどかしさやプレッシャーを感じることもあるでしょう。しかし、これは他者を鏡として自分自身のあり方を磨き、より対等で成熟したパートナーシップを築くための人間的成長のプロセスであり、自らの甘えを排してお互いの責任と誠実に向き合い続けたとき、何があっても揺るぎない確固たる自己信頼と、深い人間の絆をその手で掴み取っているはずです。
Jupiter,Saturn,Natal_6,Natal_8,実務の陰にある義務清算,日々のお仕事を精力的にこなし、自分の実力を広げようとする前向きな意欲がある一方で、借入やローン、他人から引き継いだ財産やしがらみのあるお金に関して、非常に厳しい清算や見直しを求められます。目に見えない金銭的負担や義務に直面し、重いプレッシャーや不自由さを覚えることもあるでしょう。しかし、これは他者への過度な依存や過去の未解決な感情を完全に手放し、精神的に真に自立するための再生のプロセスであり、自らの心の闇と強さを深く見つめ直して向き合い続けたとき、誰にも脅かされない深い心の平和と、真に深い信頼関係をその手に掴んでいるはずです。
Jupiter,Saturn,Natal_6,Natal_9,実務に活かす専門知識,職場での実務において、視野を広げて精力的に学ぼうとする一方で、自分自身の専門知識や長期的な計画において、実力不足や古い考え方の限界を痛感する出来事が起こります。高い目標を立てるものの、知識不足のために思うように前進せず、焦りやプレッシャーを覚えることもあるでしょう。しかし、これはあなたの精神的な視野を本物へと引き上げ、地に足の着いた真の智慧を獲得するための自己研鑽のプロセスであり、自らの専門性と信念を基礎から地道に見つめ直して学び続け、向き合い続けたとき、揺るぎない大局的な視野と人生を歩む確信を獲得しているはずです。
Jupiter,Saturn,Natal_6,Natal_10,社会的地位と日々の役割,日々のお仕事において役割を広げ、精力的に活躍するチャンスがある一方で、社会的な責任や肩書、キャリア上の重い期待に対して強いプレッシャーと自己不信を覚えることになります。自分の実力が社会の要求に応えられないのではないかという不安に直面し、重圧を覚えることもあるでしょう。しかし、これはあなたの実力を社会で本当に通用する本物の強さへと鍛え上げ、確固たる地位を確立するための自己刷新のプロセスであり、与えられた責任から逃げずに地道に向き合い続けたとき、他人の評価に一切左右されない本物のキャリアの自信と、揺るぎない自立心をその手で掴み取っているはずです。
Jupiter,Saturn,Natal_6,Natal_11,実務を支えるグループ関係,日々の実務に精力的に取り組み、自分の世界を広げる一方で、友人関係や所属しているネットワーク、または未来のグループ活動において、無駄な交際費や厳しい予算制限に向き合わざるを得なくなります。人間関係でのしがらみやお金の使いすぎでストレスやプレッシャーを感じることもあるでしょう。しかし、これは表面的な人付き合いを捨て、真に未来を共有できる本物の絆だけを選び取るための精神的成長のプロセスであり、自らの求める理想とネットワークを静かに見つめ直して向き合い続けたとき、今後のあなたの人生を心から支えてくれる強固な人間関係の土台を獲得しているはずです。
Jupiter,Saturn,Natal_6,Natal_12,水面下の過去の義務清算,日常の実務や職場での役割を精力的にこなそうとする一方で、過去 of 不透明なお金の使い方や、誰にも言えない金銭的しがらみが水面下から突如として浮上してきます。予期せぬ支出や見えないお金の流出に圧倒され、焦りや経済的プレッシャーを感じることもあるでしょう。しかし、これはあなたの内なるしがらみを完全に清算し、魂の底から自由になるための再生のプロセスであり、自らの内面と逃げずに真摯に向き合い続けたとき、誰の言葉にも脅かされない深い心の静けさと、今後の人生を堂々と歩み出すための絶対的な自己信頼を獲得しているはずです。
Jupiter,Saturn,Natal_7,Natal_1,人間関係を深める自己改革,結婚やパートナーシップなど、特定の他者との深い人間関係が広がる前向きな意欲がある一方で、自分自身の体調の限界や、急増する自己管理への厳しい責任に直面し、深い自己否定感に苛まれます。相手と対等に向き合いたい意欲に反して、自分の実力不足や役割の重さに圧倒され、一時的なプレッシャーや孤独を覚えることもあるでしょう。しかし、これはあなたの精神的な強さを磨き、自立した存在として新たな役割を引き受け切るための自己改革のプロセスであり、誰かに頼る甘えを捨てて自分の実力を地道に見つめ直し、向き合い続けたとき、揺るぎない自己信頼と人生を自力でコントロールする確信を掴み取っているはずです。
Jupiter,Saturn,Natal_7,Natal_2,共同の利益と厳しい価値観,対人関係が広がり、共同のビジネスや契約のチャンスが訪れる一方で、同時にお金の使い方や貯蓄について、厳しい自己規律や内省的な不安に向き合わざるを得なくなります。お金の出入りに対して今後の経済的なやりくりへのプレッシャーを覚え、一時的な不自由さを感じることもあるでしょう。しかし、これは目先の誘惑に負けずに自分の本当の価値を見つめ直し、地道に生活のルールを再設計するための自己刷新のプロセスであり、自らの価値観を徹底的に見直し向き合い続けたとき、誰に頼ることもなく自らの手で未来の生活を支えていける、揺るぎない強固な安定の土台を築き上げているはずです。
Jupiter,Saturn,Natal_7,Natal_3,パートナーとの丁寧な交流,新たな対人関係やパートナー関係を活発に広げるチャンスがある一方で、周囲との日常的な連絡や会話、または自分のコミュニケーション能力において、厳しい課題やもどかしさに直面します。自分の考えがうまく伝わらず、取引先や身近な人間関係の中で行き詰まりやプレッシャーを感じることもあるでしょう。しかし、これは自分の内なる伝える力を磨き上げ、より分かりやすく相手に届く対話力を手に入れるための成長のプロセスであり、自分の考えを丁寧に整理して他者と真摯に向き合い続けたとき、誰の言葉にも惑わされない深い知性と、周囲との強固な信頼関係をその手に掴んでいるはずです。
Jupiter,Saturn,Natal_7,Natal_4,共同生活の心の土台作り,特定のパートナーとの関係が広がり、プライベートや家庭が豊かになるチャンスがある一方で、家庭環境や暮らしの基盤において、予想外の責任や精神的な負担が発生します。住まいや家族の問題で自由に相手と向き合う時間が持てず、プライベートな環境を整えるためのプレッシャーを覚えることもあるでしょう。しかし、これは自分の精神的なルーツを強化し、真に自立した人間としての心の拠り所を築くための自己変革のプロセスであり、自分の本音と足元の生活を静かに見つめ直して向き合い続けたとき、何があっても揺るぎない絶対的な心の安心と、温かい人間関係をその手で勝ち得ているはずです。
Jupiter,Saturn,Natal_7,Natal_5,人間関係を豊かにする趣味,素晴らしい人間関係やパートナー関係が広がる一方で、趣味や遊び、または自己表現において、過度な支出への厳しいブレーキや、自分の実力不足に直面します。本当にやりたいことに対して責任を感じ、他人の目や評価が気になって一時的なスランプを感じることもあるでしょう。しかし、これは自分独自の輝きを本物の実力へと磨き上げ、流行に左右されない自己表現を確立するための脱皮のプロセスであり、自らの純粋な楽しさと実力を地道に見つめ直して向き合い続けたとき、揺るぎない自己肯定感と周囲を惹きつける魅力を手に入れているはずです。
Jupiter,Saturn,Natal_7,Natal_6,対人関係を支える地道な実務,人間関係が豊かに広がり、協力的な人脈が得られるチャンスがある一方で、職場での日々の細かい実務や健康管理において、自分の思い通りにならない窮屈さや体調の限界に直面します。面倒な雑務や単調な作業が急増し、時間的・体力的なプレッシャーからストレスを感じることもあるでしょう。しかし、これは自分の精神と健康をより健やかに保ち、日々の生活習慣を機能的に整えるための自己規律のプロセスであり、日々のルーティンや自己管理に真摯に向き合い続けたとき、どのような環境でも安定して実力を発揮できる強固な精神力と、確かな自己信頼を獲得しているはずです。
Jupiter,Saturn,Natal_7,Natal_7,他者との契約ルールの再構築,人間関係が広がり、新しいパートナーシップや契約の機会が増える一方で、特定の他者やパートナーとの対等な関わりの中で、自分の未熟さや「本当に心から人を信頼できているか」という深い葛藤に直面します。対人関係の中で自己主張することへの不安や、相手と向き合うことへの重圧に苛まれることもあるでしょう。しかし、これは他者を鏡として自分自身のあり方を磨き、より対等で成熟したパートナーシップを築くための人間的成長 of プロセスであり、自らの甘えを排してお互いの責任と誠実に向き合い続けたとき、何があっても揺るぎない確固たる自己信頼と、深い人間の絆をその手で掴み取っているはずです。
Jupiter,Saturn,Natal_7,Natal_8,共同のしがらみとの決別,新しいパートナー関係や人脈が広がる前向きな動きがある一方で、借入やローン、他人から引き継いだ財産やしがらみのあるお金に関して、非常に厳しい清算や見直しを求められます。目に見えない金銭的負担や義務に直面し、重いプレッシャーや不自由さを覚えることもあるでしょう。しかし、これは他者への過度な依存や過去の未解決な感情を完全に手放し、精神的に真に自立するための再生のプロセスであり、自らの心の闇と強さを深く見つめ直して向き合い続けたとき、誰にも脅かされない深い心の平和と、真に深い信頼関係をその手に掴んでいるはずです。
Jupiter,Saturn,Natal_7,Natal_9,人脈を活かした専門知の修得,豊かな対人関係を通じて視野が広がるチャンスがある一方で、自分自身の専門知識や長期的な計画において、実力不足や古い考え方の限界を痛感する出来事が起こります。高い目標を立てるものの、知識不足のために思うように進まず、焦りやプレッシャーを覚えることもあるでしょう。しかし、これはあなたの精神的な視野を本物へと引き上げ、地に足の着いた真の智慧を獲得するための自己研鑽のプロセスであり、自らの専門性と信念を基礎から地道に見つめ直して学び続け、向き合い続けたとき、揺るぎない大局的な視野と人生を歩む確信を獲得しているはずです。
Jupiter,Saturn,Natal_7,Natal_10,社会的責任と対人関係,良好な人間関係やパートナーシップが広がる一方で、社会的な責任や肩書、キャリア上の重い期待に対して強いプレッシャーと自己不信を覚えることになります。自分の実力が社会の要求に応えられないのではないかという不安に直面し、重圧を覚えることもあるでしょう。しかし、これはあなたの実力を社会で本当に通用する本物の強さへと鍛え上げ、確固たる地位を確立するための自己刷新のプロセスであり、与えられた責任から逃げずに地道に向き合い続けたとき、他人の評価に一切左右されない本物のキャリアの自信と、揺るぎない自立心をその手で掴み取っているはずです。
Jupiter,Saturn,Natal_7,Natal_11,人脈とサークル活動の整理,素晴らしいパートナーシップや人間関係を広げる機会が巡ってくる一方で、友人関係や所属しているネットワーク、または未来のグループ活動において、無駄な交際費や厳しい予算制限に向き合わざるを得なくなります。人間関係でのしがらみやお金の使いすぎでストレスやプレッシャーを感じることもあるでしょう。しかし、表面的な人付き合いを捨て、真に未来を共有できる本物の絆だけを選び取るための精神的成長のプロセスであり、自らの求める理想とネットワークを静かに見つめ直して向き合い続けたとき、今後のあなたの人生を心から支えてくれる強固な人間関係の土台を獲得しているはずです。
Jupiter,Saturn,Natal_7,Natal_12,人間関係のしがらみ清算,良好な人間関係やパートナー関係を広げていこうとする中で、過去の不透明なお金の使い方や、誰にも言えない金銭的しがらみが水面下から突如として浮上してきます。予期せぬ支出や見えないお金の流出に圧倒され、焦りや経済的プレッシャーを感じることもあるでしょう。しかし、これはあなたの内なるしがらみを完全に清算し、魂の底から自由になるための再生のプロセスであり、自らの内面と逃げずに真摯に向き合い続けたとき、不要な金銭の流出を完全に防ぎ、今後の人生を再出発させるための揺るぎない経済的安心を手に入れることができます。
Jupiter,Saturn,Natal_8,Natal_1,深い信頼関係と自己の再誕生,他者と深く関わることへの恐怖や、自分という人間の存在価値に対する強い自己否定感が内面で激しくぶつかり合い、自らの意思を表明することに強いプレッシャーを覚えます。自分の限界やセルフイメージの崩壊に直面し、誰にも理解されない深い孤独感や居場所を失う焦りに苛まれることもあるでしょう。しかし、これはあなたが表面的なキャラクターを脱ぎ捨て、魂の底から真の自立を遂げるための精神的再生のプロセスであり、自らの弱さと他者への深い信頼の双方から逃げずに真摯に向き合い続けたとき、周囲 of 評価や環境に一切左右されない揺るぎない自己信頼と、生涯にわたって支え合える真の深い絆をその手で掴み取っているはずです。
Jupiter,Saturn,Natal_8,Natal_2,共有財産と厳しい所得制限,他者からの引き継ぎやローン、または共有の資金で恩恵を得るチャンスがある一方で、同時にお金の使い方や貯蓄について、厳しい自己規律や内省的な不安に向き合わざるを得なくなります。お金の出入りに対して今後の経済的なやりくりへのプレッシャーを覚え、一時的な不自由さを感じることもあるでしょう。しかし、これは目先の誘惑に負けずに自分の本当の価値を見つめ直し、地道に生活のルールを再設計するための自己刷新のプロセスであり、自らの価値観を徹底的に見直し向き合い続けたとき、誰に頼ることもなく自らの手で未来の生活を支えていける、揺るぎない強固な安定の土台を築き上げているはずです。
Jupiter,Saturn,Natal_8,Natal_3,深い信頼関係を支える対話,深い人間関係や他者との共有資源を活発に広げるチャンスがある一方で、周囲との日常的な連絡や会話、または自分のコミュニケーション能力において、厳しい課題やもどかしさに直面します。自分の考えがうまく伝わらず、取引先や身近な人間関係の中で行き詰まりやプレッシャーを感じることもあるでしょう。しかし、これは自分の内なる伝える力を磨き上げ、より分かりやすく相手に届く対話力を手に入れるための成長のプロセスであり、自分の考えを丁寧に整理して他者と真摯に向き合い続けたとき、誰の言葉にも惑わされない深い知性と、周囲との強固な信頼関係をその手に掴んでいるはずです。
Jupiter,Saturn,Natal_8,Natal_4,共有資源と家庭の土台作り,他者との深い信頼関係や共有の財産を広げるチャンスがある一方で、家庭環境や暮らしの基盤において、予想外の責任や精神的な負担が発生します。住まいや家族の問題で自由に相手と向き合う時間が持てず、プライベートな環境を整えるためのプレッシャーを覚えることもあるでしょう。しかし、これは自分の精神的なルーツを強化し、真に自立した人間としての心の拠り所を築くための自己変革のプロセスであり、自分の本音と足元の生活を静かに見つめ直して向き合い続けたとき、何があっても揺るぎない絶対的な心の安心と、温かい人間関係をその手で勝ち得ているはずです。
Jupiter,Saturn,Natal_8,Natal_5,共有資産を活かす趣味,深い信頼に基づく資産や投資が広がるチャンスがある一方で、趣味や遊び、または自己表現において、過度な支出への厳しいブレーキや、自分の実力不足に直面します。本当にやりたいことに対して責任を感じ、他人の目や評価が気になって一時的なスランプを感じることもあるでしょう。しかし、これは自分独自の輝きを本物の実力へと磨き上げ、流行に左右されない自己表現を確立するための脱皮のプロセスであり、自らの純粋な楽しさと実力を地道に見つめ直して向き合い続けたとき、揺るぎない自己肯定感と周囲を惹きつける魅力を手に入れているはずです。
Jupiter,Saturn,Natal_8,Natal_6,共有関係を支える日々の実務,他者との共有資源や信頼関係を広げるチャンスがある一方で、職場での日々の細かい実務や健康管理において、自分の思い通りにならない窮屈さや体調の限界に直面します。面倒な雑務や単調な作業が急増し、時間的・体力的なプレッシャーからストレスを感じることもあるでしょう。しかし、これは自分の精神と健康をより健やかに保ち、日々の生活習慣を機能的に整えるための自己規律のプロセスであり、日々のルーティンや自己管理に真摯に向き合い続けたとき、どのような環境でも安定して実力を発揮できる強固な精神力と、確かな自己信頼を獲得しているはずです。
Jupiter,Saturn,Natal_8,Natal_7,深い信頼関係と対等な契約,他者との共有の利益や深い信頼関係が広がる一方で、特定のパートナーや取引先との契約、あるいは1対1の対人関係において、逃げられない厳しい責任や対立が発生します。人間関係のしがらみや契約の制限に縛られ、自分の意見を通せないもどかしさやプレッシャーを感じることもあるでしょう。しかし、これは他者を鏡として自分自身のあり方を磨き、より対等で成熟したパートナーシップを築くための人間的成長のプロセスであり、自らの甘えを排してお互いの責任と誠実に向き合い続けたとき、何があっても揺るぎない確固たる自己信頼と、深い人間の絆をその手で掴み取っているはずです。
Jupiter,Saturn,Natal_8,Natal_8,共有資産の徹底的な清算,他者との深い信頼関係や共有の利益が広がる一方で、借入やローン、他人から引き継いだ財産やしがらみのあるお金に関して、非常に厳しい清算や見直しを求められます。目に見えない金銭的負担や義務に直面し、重いプレッシャーや不自由さを覚えることもあるでしょう。しかし、これは他者への過度な依存や過去の未解決な感情を完全に手放し、精神的に真に自立するための再生のプロセスであり、自らの心の闇と強さを深く見つめ直して向き合い続けたとき、誰にも脅かされない深い心の平和と、真に深い信頼関係をその手に掴んでいるはずです。
Jupiter,Saturn,Natal_8,Natal_9,共有関係から得る知恵,他者との深い信頼関係や共有資源を前向きに広げようとする一方で、自分自身の専門知識や長期的な計画において、実力不足や古い考え方の限界を痛感する出来事が起こります。高い目標を立てるものの、知識不足のために思うように進まず、焦りやプレッシャーを覚えることもあるでしょう。しかし、これはあなたの精神的な視野を本物へと引き上げ、地に足の着いた真の智慧を獲得するための自己研鑽のプロセスであり、自らの専門性と信念を基礎から地道に見つめ直して学び続け、向き合い続けたとき、揺るぎない大局的な視野と人生を歩む確信を獲得しているはずです。
Jupiter,Saturn,Natal_8,Natal_10,社会的責任と共有の恩恵,他者との深い信頼関係や共有の財産を広げるチャンスがある一方で、社会的な肩書や仕事の重い責任がのしかかり、自分の自由な時間や発言が制限される窮屈さに直面します。プレッシャーの中で結果を求められ、自分の実力不足にプレッシャーを感じることもあるでしょう。しかし、これはあなたの実力を社会で本当に通用する本物の強さへと鍛え上げ、確固たる地位を確立するための自己刷新のプロセスであり、与えられた責任から逃げずに地道に向き合い続けたとき、他人の評価に一切左右されない本物のキャリアの自信と、揺るぎない自立心をその手で掴み取っているはずです。
Jupiter,Saturn,Natal_8,Natal_11,共有関係と人脈の再構築,深い人間関係を広げていく機会が巡ってくる一方で、友人関係や所属しているネットワーク、または未来のグループ活動において、無駄な交際費や厳しい予算制限に向き合わざるを得なくなります。人間関係でのしがらみやお金の使いすぎでストレスやプレッシャーを感じることもあるでしょう。しかし、これは表面的な人付き合いを捨て、真に未来を共有できる本物の絆だけを選び取るための精神的成長のプロセスであり、自らの求める理想とネットワークを静かに見つめ直して向き合い続けたとき、今後のあなたの人生を心から支えてくれる強固な人間関係の土台を獲得しているはずです。
Jupiter,Saturn,Natal_8,Natal_12,見えないしがらみのお金の清算,他者との深い信頼関係を豊かにしようとする中で、過去の不透明なお金の使い方や、誰にも言えない金銭的しがらみが水面下から突如として浮上してきます。予期せぬ支出や見えないお金の流出に圧倒され、焦りや経済的プレッシャーを感じることもあるでしょう。しかし、これはあなたの内なるしがらみを完全に清算し、魂の底から自由になるための再生のプロセスであり、自らの内面と逃げずに真摯に向き合い続けたとき、誰の言葉にも脅かされない深い心の静けさと、今後の人生を堂々と歩み出すための絶対的な自己信頼を獲得しているはずです。
Jupiter,Saturn,Natal_9,Natal_1,高度な学びと現実的資金,専門的な資格の勉強や長期的な計画を前向きに広げようとする一方で、同時にお金の使い方や貯蓄について、厳しい自己規律や内省的な不安に向き合わざるを得なくなります。お金の出入りに対して今後の経済的なやりくりへのプレッシャーを覚え、一時的な不自由さを感じることもあるでしょう。しかし、これは目先の誘惑に負けずに自分の本当の価値を見つめ直し、地道に生活のルールを再設計するための自己刷新のプロセスであり、自らの価値観を徹底的に見直し向き合い続けたとき、誰に頼ることもなく自らの手で未来の生活を支えていける、揺るぎない強固な安定の土台を築き上げているはずです。
Jupiter,Saturn,Natal_9,Natal_2,精神的視野と価値観の確立,高い専門性を身につけて社会に貢献したいという大きな志を持つ一方で、自分の実力や経済的基盤に対する強い不安から、果敢な挑戦に踏み出せないもどかしさに直面します。自らの知識や才能をお金に変える自信が持てず、将来の生活費や現実的な資源の不足に強いプレッシャーを覚えることもあるでしょう。しかし、これは手っ取り早く稼ぐ甘えを捨て、自らの知見とスキルを圧倒的に高いレベルへと鍛え上げるための自己投資と精神的成長のプロセスであり、自らの長期的なビジョンと現実的な財務管理に地道に向き合い続けたとき、誰にも崩されることのない深い専門性と、揺るぎない自信を持って人生を堂々と歩んでいくための確かな羅針盤を獲得できます。
Jupiter,Saturn,Natal_9,Natal_3,専門知を活かした対話,自分の専門的な知識を活発に発信し、周囲との交流を楽しむチャンスがある一方で、周囲との日常的な連絡や会話、または自分のコミュニケーション能力において、厳しい課題やもどかしさに直面します。自分の考えがうまく伝わらず、取引先や身近な人間関係の中で行き詰まりやプレッシャーを感じることもあるでしょう。しかし、これは自分の内なる伝える力を磨き上げ、より分かりやすく相手に届く対話力を手に入れるための成長のプロセスであり、自分の考えを丁寧に整理して他者と真摯に向き合い続けたとき、誰の言葉にも惑わされない深い知性と、周囲との強固な信頼関係をその手に掴んでいるはずです。
Jupiter,Saturn,Natal_9,Natal_4,家庭環境と自己研鑽の両立,視野を広げ、高度な資格取得や長期的な計画に挑戦する機会がある一方で、家庭環境や暮らしの基盤において、予想外の責任や精神的な負担が発生します。住まいや家族の問題で自由に相手と向き合う時間が持てず、プライベートな環境を整えるためのプレッシャーを覚えることもあるでしょう。しかし、これは自分の精神的なルーツを強化し、真に自立した人間としての心の拠り所を築くための自己変革のプロセスであり、自分の本音と足元の生活を静かに見つめ直して向き合い続けたとき、何があっても揺るぎない絶対的な心の安心と、温かい人間関係をその手で勝ち得ているはずです。
Jupiter,Saturn,Natal_9,Natal_5,大志を活かした自己表現,資格取得や長期計画など、高い目標を掲げて成長しようとする一方で、趣味や遊び、または自己表現において、過度な支出への厳しいブレーキや、自分の実力不足に直面します。本当にやりたいことに対して責任を感じ、他人の目や評価が気になって一時的なスランプを感じることもあるでしょう。しかし、これは自分独自の輝きを本物の実力へと磨き上げ、流行に左右されない自己表現を確立するための脱皮のプロセスであり、自らの純粋な楽しさと実力を地道に見つめ直して向き合い続けたとき、揺るぎない自己肯定感と周囲を惹きつける魅力を手に入れているはずです。
Jupiter,Saturn,Natal_9,Natal_6,高い目標を支える日々の実務,視野を広げ、高い目標や専門資格の取得に挑戦したいというチャンスがある一方で、職場での日々の細かい実務や健康管理において、自分の思い通りにならない窮屈さや体調の限界に直面します。面倒な雑務や単調な作業が急増し、時間的・体力的なプレッシャーからストレスを感じることもあるでしょう。しかし、これは自分の精神と健康をより健やかに保ち、日々の生活習慣を機能的に整えるための自己規律のプロセスであり、日々のルーティンや自己管理に真摯に向き合い続けたとき、どのような環境でも安定して実力を発揮できる強固な精神力と、確かな自己信頼を獲得しているはずです。
Jupiter,Saturn,Natal_9,Natal_7,長期ビジョンと対等な契約,自分の専門知識を活かして人脈や協力を広げるチャンスがある一方で、特定のパートナーや取引先との契約、あるいは1対1の対人関係において、逃げられない厳しい責任や対立が発生します。人間関係のしがらみや契約の制限に縛られ、自分の意見を通せないもどかしさやプレッシャーを感じることもあるでしょう。しかし、これは他者を鏡として自分自身のあり方を磨き、より対等で成熟したパートナーシップを築くための人間的成長のプロセスであり、自らの甘えを排してお互いの責任と誠実に向き合い続けたとき、何があっても揺るぎない確固たる自己信頼と、深い人間の絆をその手で掴み取っているはずです。
Jupiter,Saturn,Natal_9,Natal_8,専門知としがらみの整理,視野を広げ、長期的な計画を豊かに広げようとする前向きな動きがある一方で、借入やローン、他人から引き継いだ財産やしがらみのあるお金に関して、非常に厳しい清算や見直しを求められます。目に見えない金銭的負担や義務に直面し、重いプレッシャーや不自由さを覚えることもあるでしょう。しかし、これは他者への過度な依存や過去の未解決な感情を完全に手放し、精神的に真に自立するための再生のプロセスであり、自らの心の闇と強さを深く見つめ直して向き合い続けたとき、誰にも脅かされない深い心の平和と、真に深い信頼関係をその手に掴んでいるはずです。
Jupiter,Saturn,Natal_9,Natal_9,専門知識の徹底的な再編,学びを広げ、長期計画を推進して成長しようとする一方で、自分自身の専門知識や長期的な計画において、実力不足や古い考え方の限界を痛感する出来事が起こります。高い目標を立てるものの、知識不足のために思うように進まず、焦りやプレッシャーを覚えることもあるでしょう。しかし、これはあなたの精神的な視野を本物へと引き上げ、地に足の着いた真の智慧を獲得するための自己研鑽のプロセスであり、自らの専門性と信念を基礎から地道に見つめ直して学び続け、向き合い続けたとき、揺るぎない大局的な視野と人生を歩む確信を獲得しているはずです。
Jupiter,Saturn,Natal_9,Natal_10,長期ビジョンと仕事の責任,高い目標を掲げ、専門知識を活かして成功を広げたいという前向きなチャンスがある一方で、社会的な肩書や仕事の重い責任がのしかかり、自分の自由なお金や時間が制限される窮屈さに直面します。プレッシャーの中で結果を求められ、自分の実力不足にプレッシャーを感じることもあるでしょう。しかし、これはあなたの実力を社会で本当に通用する本物の強さへと鍛え上げ、確固たる地位を確立するための自己刷新のプロセスであり、与えられた責任から逃げずに地道に向き合い続けたとき、他人の評価に一切左右されない本物のキャリアの自信と、揺るぎない自立心をその手で掴み取っているはずです。
Jupiter,Saturn,Natal_9,Natal_11,長期ビジョンと友人の整理,勉強グループや未来の計画を広げたいという前向きな意欲がある一方で、友人関係や所属しているネットワーク、または未来のグループ活動において、無駄な交際費や厳しい予算制限に向き合わざるを得なくなります。人間関係でのしがらみやお金の使いすぎでストレスやプレッシャーを感じることもあるでしょう。しかし、これは表面的な人付き合いを捨て、真に未来を共有できる本物の絆だけを選び取るための精神的成長のプロセスであり、自らの求める理想とネットワークを静かに見つめ直して向き合い続けたとき、今後のあなたの人生を心から支えてくれる強固な人間関係の土台を獲得しているはずです。
Jupiter,Saturn,Natal_9,Natal_12,隠れた過去の誤解清算,視野を広げ、知的な活動を豊かにしようとする中で、過去の不透明なお金の使い方や、誰にも言えない金銭的しがらみが水面下から突如として浮上してきます。予期せぬ支出や見えないお金の流出に圧倒され、焦りや経済的プレッシャーを感じることもあるでしょう。しかし、これはあなたの内なるしがらみを完全に清算し、魂の底から自由になるための再生のプロセスであり、自らの内面と逃げずに真摯に向き合い続けたとき、誰の言葉にも脅かされない深い心の静けさと、今後の人生を堂々と歩み出すための絶対的な自己信頼を獲得しているはずです。
Jupiter,Saturn,Natal_10,Natal_1,キャリアを支える自己規律,仕事での活躍の場を広げ、社会的な地位を高めたいという前向きな意欲がある一方で、自分自身の体調の限界や、急増する自己管理への厳しい責任に直面し、深い自己否定感に苛まれます。結果を出したい意欲に反して、自分の実力不足や役割の重さに圧倒され、一時的なプレッシャーや孤独を覚えることもあるでしょう。しかし、これはあなたの精神的な強さを磨き、自立した存在として新たな役割を引き受け切るための自己改革のプロセスであり、誰かに頼る甘えを捨てて自分の実力を地道に見つめ直し、向き合い続けたとき、揺るぎない自己信頼と人生を自力でコントロールする確信を掴み取っているはずです。
Jupiter,Saturn,Natal_10,Natal_2,仕事のチャンスと所得制限,社会的な成功や大きなキャリアのチャンスが訪れる一方で、同時にお金の使い方や貯蓄について、厳しい自己規律や内省的な不安に向き合わざるを得なくなります。お金の出入りに対して今後の経済的なやりくりへのプレッシャーを覚え、一時的な不自由さを感じることもあるでしょう。しかし、これは目先の誘惑に負けずに自分の本当の価値を見つめ直し、地道に生活のルールを再設計するための自己刷新のプロセスであり、自らの価値観を徹底的に見直し向き合い続けたとき、誰に頼ることもなく自らの手で未来の生活を支えていける、揺るぎない強固な安定の土台を築き上げているはずです。
Jupiter,Saturn,Natal_10,Natal_3,社会的使命と伝達力の開花,社会的な肩書やキャリアにおいて重い責任を果たしようとする一方で、周囲との日常的な連絡や発言、または自分のコミュニケーション能力において、厳しい課題や他者との摩擦に向き合わざるを得なくなります。自分の言葉が誤解されて孤立感を覚えたり、実力不足のために思うように真意を伝えられない焦りやプレッシャーを覚えることもあるでしょう。しかし、これは社会の期待に応えるだけの未熟な表現力を捨て、誰からも一目置かれる本物の伝達力を手に入れるための自己改革のプロセスであり、自らの発言に責任を持って対話の方法を地道に見つめ直し、向き合い続けたとき、確固たる社会的地位と、多くの人々を導くための強力な影響力をその手に掴んでいるはずです。
Jupiter,Saturn,Natal_10,Natal_4,仕事の多忙と家庭の土台作り,ビジネスでの活躍が広がり、社会的な地位を高めるチャンスがある一方で、家庭環境や暮らしの基盤において、予想外の責任や精神的な負担が発生します。住まいや家族の問題で自由に仕事に向き合う時間が持てず、プライベートな環境を整えるためのプレッシャーを覚えることもあるでしょう。しかし、これは自分の精神的なルーツを強化し、真に自立した人間としての心の拠り所を築くための自己変革のプロセスであり、自分の本音と足元の生活を静かに見つめ直して向き合い続けたとき、何があっても揺るぎない絶対的な心の安心と、温かい人間関係をその手で勝ち得ているはずです。
Jupiter,Saturn,Natal_10,Natal_5,キャリアを支える趣味と表現,仕事での役割が増え、自分の力を活かす機会が広がる一方で、趣味や遊び、または自己表現において、過度な支出への厳しいブレーキや、自分の実力不足に直面します。本当にやりたいことに対して責任を感じ、他人の目や評価が気になって一時的なスランプを感じることもあるでしょう。しかし、これは自分独自の輝きを本物の実力へと磨き上げ、流行に左右されない自己表現を確立するための脱皮のプロセスであり、自らの純粋な楽しさと実力を地道に見つめ直して向き合い続けたとき、揺るぎない自己肯定感と周囲を惹きつける魅力を手に入れているはずです。
Jupiter,Saturn,Natal_10,Natal_6,社会的地位を支える日々の実務,ビジネスで大きな活躍をし、社会的な地位を得るチャンスがある一方で、職場での日々の細かい実務や健康管理において、自分の思い通りにならない窮屈さや体調の限界に直面します。面倒な雑務や単調な作業が急増し、時間的・体力的なプレッシャーからストレスを感じることもあるでしょう。しかし、これは自分の精神と健康をより健やかに保ち、日々の生活習慣を機能的に整えるための自己規律のプロセスであり、日々のルーティンや自己管理に真摯に向き合い続けたとき、どのような環境でも安定して実力を発揮できる強固な精神力と、確かな自己信頼を獲得しているはずです。
Jupiter,Saturn,Natal_10,Natal_7,ビジネスにおける信頼の契約,仕事での肩書や大きな活躍が広がる一方で、特定のパートナーや取引先との契約、あるいは1対1の対人関係において、逃げられない厳しい責任や対立が発生します。人間関係のしがらみや契約の制限に縛られ、自分の意見を通せないもどかしさやプレッシャーを感じることもあるでしょう。しかし、これは他者を鏡として自分自身のあり方を磨き、より対等で成熟したパートナーシップを築くための人間的成長のプロセスであり、自らの甘えを排してお互いの責任と誠実に向き合い続けたとき、何があっても揺るぎない確固たる自己信頼と、深い人間の絆をその手で掴み取っているはずです。
Jupiter,Saturn,Natal_10,Natal_8,キャリアに伴う共有資産整理,ビジネスでの名声や仕事が広がる前向きな動きがある一方で、借入やローン、他人から引き継いだ財産やしがらみのあるお金に関して、非常に厳しい清算や見直しを求められます。目に見えない金銭的負担や義務に直面し、重いプレッシャーや不自由さを覚えることもあるでしょう。しかし、これは他者への過度な依存や過去の未解決な感情を完全に手放し、精神的に真に自立するための再生のプロセスであり、自らの心の闇と強さを深く見つめ直して向き合い続けたとき、誰にも脅かされない深い心の平和と、真に深い信頼関係をその手に掴んでいるはずです。
Jupiter,Saturn,Natal_10,Natal_9,キャリアを高める学び直し,キャリアの成功や大きな仕事のチャンスがある一方で、自分自身の専門知識や長期的な計画において、実力不足や古い考え方の限界を痛感する出来事が起こります。高い目標を立てるものの、知識不足のために思うように進まず、焦りやプレッシャーを覚えることもあるでしょう。しかし、これはあなたの精神的な視野を本物へと引き上げ、地に足の着いた真の智慧を獲得するための自己研鑽のプロセスであり、自らの専門性と信念を基礎から地道に見つめ直して学び続け、向き合い続けたとき、揺るぎない大局的な視野と人生を歩む確信を獲得しているはずです。
Jupiter,Saturn,Natal_10,Natal_10,社会的地位の徹底的な再構築,キャリアでの活躍や社会的評価を広げようとする一方で、社会的な肩書や仕事の重い責任が一挙にのしかかり、非常に厳しい見直しや役職の整理を求められます。結果を強く求められ、自分の自由な時間や行動が制限される窮屈さにプレッシャーを感じることもあるでしょう。しかし、これはあなたの実力を社会で本当に通用する本物の強さへと鍛え上げ、確固たる地位を確立するための自己刷新のプロセスであり、与えられた責任から逃げずに地道に向き合い続けたとき、他人の評価に一切左右されない本物のキャリアの自信と、揺るぎない自立心をその手で掴み取っているはずです。
Jupiter,Saturn,Natal_10,Natal_11,キャリアと友人関係の整理,ビジネスや仕事で大きな役割を担う機会が巡ってくる一方で、友人関係や所属しているネットワーク、または未来のグループ活動において、無駄な交際費や厳しい予算制限に向き合わざるを得なくなります。人間関係でのしがらみやお金の使いすぎでストレスやプレッシャーを感じることもあるでしょう。しかし、これは表面的な人付き合いを捨て、真に未来を共有できる本物の絆だけを選び取るための精神的成長のプロセスであり、自らの求める理想とネットワークを静かに見つめ直して向き合い続けたとき、今後のあなたの人生を心から支えてくれる強固な人間関係の土台を獲得しているはずです。
Jupiter,Saturn,Natal_10,Natal_12,キャリアの裏にある義務清算,仕事で社会的な肩書を広げていこうとする中で、過去の不透明なお金の使い方や、誰にも言えない金銭的しがらみが水面下から突如として浮上してきます。予期せぬ支出や見えないお金の流出に圧倒され、焦りや経済的プレッシャーを感じることもあるでしょう。しかし、これはあなたの内なるしがらみを完全に清算し、魂の底から自由になるための再生のプロセスであり、自らの内面と逃げずに真摯に向き合い続けたとき、誰の言葉にも脅かされない深い心の静けさと、今後の人生を堂々と歩み出すための絶対的な自己信頼を獲得しているはずです。
Jupiter,Saturn,Natal_11,Natal_1,志を果たすための自己改革,未来のビジョンや友人関係、所属するサークルなどを広げる機会が巡ってくる一方で、自分自身の体調の限界や、急増する自己管理への厳しい責任に直面し、深い自己否定感に苛まれます。他者と活発に関わりたい気持ちに反して、自分の未熟さや役割の重さに圧倒され、一時的なプレッシャーや孤独を覚えることもあるでしょう。しかし、これはあなたの精神的な強さを磨き、自立した存在として新たな役割を引き受け切るための自己改革のプロセスであり、誰かに頼る甘えを捨てて自分の実力を地道に見つめ直し、向き合い続けたとき、揺るぎない自己信頼と人生を自力でコントロールする確信を掴み取っているはずです。
Jupiter,Saturn,Natal_11,Natal_2,未来に向けた現実的資金計画,未来のビジョンやサークル活動を前向きに広げようとする一方で、同時にお金の使い方や貯蓄について、厳しい自己規律や内省的な不安に向き合わざるを得なくなります。お金の出入りに対して今後の経済的なやりくりへのプレッシャーを覚え、一時的な不自由さを感じることもあるでしょう。しかし、これは目先の誘惑に負けずに自分の本当の価値を見つめ直し、地道に生活のルールを再設計するための自己刷新のプロセスであり、自らの価値観を徹底的に見直し向き合い続けたとき、誰に頼ることもなく自らの手で未来の生活を支えていける、揺るぎない強固な安定の土台を築き上げているはずです。
Jupiter,Saturn,Natal_11,Natal_3,志を共にする対話の工夫,未来のビジョンを広げ、友人との活発な交流を楽しむチャンスがある一方で、周囲との日常的な連絡や会話、または自分のコミュニケーション能力において、厳しい課題やもどかしさに直面します。自分の考えがうまく伝わらず、職場や身近な人間関係の中で行き詰まりやプレッシャーを感じることもあるでしょう。しかし、これは自分の内なる伝える力を磨き上げ、より分かりやすく相手に届く対話力を手に入れるための成長のプロセスであり、自分の考えを丁寧に整理して他者と真摯に向き合い続けたとき、誰の言葉にも惑わされない深い知性と、周囲との強固な信頼関係をその手に掴んでいるはずです。
Jupiter,Saturn,Natal_11,Natal_4,理想と暮らしのバランス,友人関係やネットワークが前向きに広がる一方で、家庭環境や暮らしの基盤において、解決すべき予想外の責任や精神的な負担が発生します。住まいや家族の心配事で落ち着いて仲間と交流する時間が持てず、プライベートな環境でのストレスを感じることもあるでしょう。しかし、これは自分の精神的なルーツを強化し、真に自立した人間としての心の拠り所を築くための自己変革のプロセスであり、自分の本音と足元の生活を静かに見つめ直して向き合い続けたとき、何があっても揺るぎない絶対的な心の安心と、温かい人間関係をその手で勝ち得ているはずです。
Jupiter,Saturn,Natal_11,Natal_5,仲間と楽しむ創作の規律,未来のビジョンを広げ、趣味や自己表現を仲間と楽しもうとする一方で、趣味や遊び、または自己表現において、過度な支出への厳しいブレーキや、自分の実力不足に直面します。本当にやりたいことに対して責任を感じ、他人の目や評価が気になって一時的なスランプを感じることもあるでしょう。しかし、これは自分独自の輝きを本物の実力へと磨き上げ、流行に左右されない自己表現を確立するための脱皮のプロセスであり、自らの純粋な楽しさと実力を地道に見つめ直して向き合い続けたとき、揺るぎない自己肯定感と周囲を惹きつける魅力を手に入れているはずです。
Jupiter,Saturn,Natal_11,Natal_6,ネットワークと日々の役割,未来に向けたネットワークを広げ、仲間との活動に精力的に取り組む一方で、職場での日々の細かい実務や健康管理において、自分の思い通りにならない窮屈さや体調の限界に直面します。面倒な雑務や単調な作業が急増し、時間的・体力的なプレッシャーからストレスを感じることもあるでしょう。しかし、これは自分の精神と健康をより健やかに保ち、日々の生活習慣を機能的に整えるための自己規律のプロセスであり、日々のルーティンや自己管理に真摯に向き合い続けたとき、どのような環境でも安定して実力を発揮できる強固な精神力と、確かな自己信頼を獲得しているはずです。
Jupiter,Saturn,Natal_11,Natal_7,理想の人脈と対等な契約,多くの仲間との交流を楽しむチャンスがある一方で、特定のパートナーや取引先との契約、あるいは1対1の対人関係において、逃げられない厳しい責任や対立が発生します。人間関係のしがらみや契約の制限に縛られ、自分の意見を通せないもどかしさやプレッシャーを感じることもあるでしょう。しかし、これは他者を鏡として自分自身のあり方を磨き、より対等で成熟したパートナーシップを築くための人間的成長のプロセスであり、自らの甘えを排してお互いの責任と誠実に向き合い続けたとき、何があっても揺るぎない確固たる自己信頼と、深い人間の絆をその手で掴み取っているはずです。
Jupiter,Saturn,Natal_11,Natal_8,ネットワークと深い義務の清算,未来に向けた友人関係や所属するグループ活動が広がる前向きな動きがある一方で、借入やローン、他人から引き継いだ財産やしがらみのあるお金に関して、非常に厳しい清算や見直しを求められます。目に見えない金銭的負担や義務に直面し、重いプレッシャーや不自由さを覚えることもあるでしょう。しかし、これは他者への過度な依存や過去の未解決な感情を完全に手放し、精神的に真に自立するための再生のプロセスであり、自らの心の闇と強さを深く見つめ直して向き合い続けたとき、誰にも脅かされない深い心の平和と、真に深い信頼関係をその手に掴んでいるはずです。
Jupiter,Saturn,Natal_11,Natal_9,理想の実現を支える専門知,志を同じくする仲間との活動が広がり、視野を広げるチャンスがある一方で、自分自身の専門知識や長期的な計画において、実力不足や古い考え方の限界を痛感する出来事が起こります。高い目標を立てるものの、知識不足のために思うように進まず、焦りやプレッシャーを覚えることもあるでしょう。しかし、これはあなたの精神的な視野を本物へと引き上げ、地に足の着いた真の智慧を獲得するための自己研鑽のプロセスであり、自らの専門性と信念を基礎から地道に見つめ直して学び続け、向き合い続けたとき、揺るぎない大局的な視野と人生を歩む確信を獲得しているはずです。
Jupiter,Saturn,Natal_11,Natal_10,社会的な責任と未来の理想,多くの仲間と理想を語り合い、ネットワークを広げるチャンスがある一方で、社会的な肩書や仕事の重い責任がのしかかり、自分の自由な時間や発言が制限される窮屈さに直面します。プレッシャーの中で結果を求められ、自分の実力不足にプレッシャーを感じることもあるでしょう。しかし、これはあなたの実力を社会で本当に通用する本物の強さへと鍛え上げ、確固たる地位を確立するための自己刷新のプロセスであり、与えられた責任から逃げずに地道に向き合い続けたとき、他人の評価に一切左右されない本物のキャリアの自信と、揺るぎない自立心をその手で掴み取っているはずです。
Jupiter,Saturn,Natal_11,Natal_11,ネットワークの徹底的な再構築,多くの仲間との交流を楽しみ、ネットワークを広げる機会が巡ってくる一方で、友人関係や所属しているサークル、あるいはグループ活動に関して、厳しい責任や関係の見直しに向き合わざるを得なくなります。人間関係のしがらみや役割分担で摩擦が生じ、今後の人脈の維持に対して強い不安や不自由さを感じることもあるでしょう。しかし、これは表面的な人付き合いを捨て、真に未来を共有できる本物の絆だけを選び取るための精神的成長のプロセスであり、自らの求める理想とネットワークを静かに見つめ直して向き合い続けたとき、今後のあなたの人生を心から支えてくれる強固な人間関係の土台を獲得しているはずです。
Jupiter,Saturn,Natal_11,Natal_12,未来への障害と過去の清算,未来のビジョンを広げ、多くの仲間と関わろうとする中で、過去の不透明なお金の使い方や、誰にも言えない金銭的しがらみが水面下から突如として浮上してきます。予期せぬ支出や見えないお金の流出に圧倒され、焦りや経済的プレッシャーを感じることもあるでしょう。しかし、これはあなたの内なるしがらみを完全に清算し、魂の底から自由になるための再生のプロセスであり、自らの内面と逃げずに真摯に向き合い続けたとき、誰の言葉にも脅かされない深い心の静けさと、今後の人生を堂々と歩み出すための絶対的な自己信頼を獲得しているはずです。
Jupiter,Saturn,Natal_12,Natal_1,心の奥の自己刷新,水面下での休息や精神的な探求を通じて内面を広げる機会が巡ってくる一方で、自分自身の体調の限界や、急増する自己管理への厳しい責任に直面し、深い自己否定感に苛まれます。自分の実力を発揮したい気持ちに反して、自分の未熟さや役割の重さに圧倒され、一時的なプレッシャーや孤独を覚えることもあるでしょう。しかし、これはあなたの精神的な強さを磨き、自立した存在として新たな役割を引き受け切るための自己改革のプロセスであり、誰かに頼る甘えを捨てて自分の実力を地道に見つめ直し、向き合い続けたとき、揺るぎない自己信頼と人生を自力でコントロールする確信を掴み取っているはずです。
Jupiter,Saturn,Natal_12,Natal_2,見えない支出と厳しい所得制限,過去のしがらみを解消し、隠れた豊かさや休息を得るチャンスがある一方で、同時にお金の使い方や貯蓄について、厳しい自己規律や内省的な不安に向き合わざるを得なくなります。お金の出入りに対して今後の経済的なやりくりへのプレッシャーを覚え、一時的な不自由さを感じることもあるでしょう。しかし、これは目先の誘惑に負けずに自分の本当の価値を見つめ直し、地道に生活のルールを再設計するための自己刷新のプロセスであり、自らの価値観を徹底的に見直し向き合い続けたとき、誰に頼ることもなく自らの手で未来の生活を支えていける、揺るぎない強固な安定 of 土台を築き上げているはずです。
Jupiter,Saturn,Natal_12,Natal_3,思考の枠組みのアップデート,日々のコミュニケーションや考えを伝える場面において、自分の言葉が本当に相手に伝わっているのかという、深い表現への葛藤に直面します。自分の知性や伝え方に自信を失い、身近な人間関係の中で一時的なプレッシャーや孤独感に苛まれることもあるでしょう。しかし、これは自分の内なる知性を磨き上げ、より分かりやすく相手に届く対話力を手に入れるための成長のプロセスであり、自分の考えを丁寧に整理して他者と真摯に向き合い続けたとき、誰の言葉にも惑わされない深い知性と、周囲との強固な信頼関係をその手に掴んでいるはずです。
Jupiter,Saturn,Natal_12,Natal_4,水面下での心の土台作り,プライベートでの休息や精神的な安定を得るチャンスがある一方で、家庭環境や暮らしの基盤において、予想外の責任や精神的な負担が発生します。住まいや家族の問題で自由に相手と向き合う時間が持てず、プライベートな環境を整えるためのプレッシャーを覚えることもあるでしょう。しかし、これは自分の精神的なルーツを強化し、真に自立した人間としての心の拠り所を築くための自己変革のプロセスであり、自分の本音と足元の生活を静かに見つめ直して向き合い続けたとき、何があっても揺るぎない絶対的な心の安心と、温かい人間関係をその手で勝ち得ているはずです。
Jupiter,Saturn,Natal_12,Natal_5,隠れた自己表現と厳しい規律,一人で楽しむ趣味や、過去の創作活動を再開するチャンスがある一方で、趣味や遊び、または自己表現において、過度な支出への厳しいブレーキや、自分の実力不足に直面します。本当にやりたいことに対して責任を感じ、他人の目や評価が気になって一時的なスランプを感じることもあるでしょう。しかし、これは自分独自の輝きを本物の実力へと磨き上げ、流行に左右されない自己表現を確立するための脱皮のプロセスであり、自らの純粋な楽しさと実力を地道に見つめ直して向き合い続けたとき、揺るぎない自己肯定感と周囲を惹きつける魅力を手に入れているはずです。
Jupiter,Saturn,Natal_12,Natal_6,精神的探求と地道な実務,水面下での努力が実を結び、休息や精神的な安定を得るチャンスがある一方で、職場での日々の細かい実務や健康管理において、自分の思い通りにならない窮屈さや体調の限界に直面します。面倒な雑務や単調な作業が急増し、時間的・体力的なプレッシャーからストレスを感じることもあるでしょう。しかし、これは自分の精神と健康をより健やかに保ち、日々の生活習慣を機能的に整えるための自己規律のプロセスであり、日々のルーティンや自己管理に真摯に向き合い続けたとき、どのような環境でも安定して実力を発揮できる強固な精神力と、確かな自己信頼を獲得しているはずです。
Jupiter,Saturn,Natal_12,Natal_7,水面下のしがらみと契約整備,人脈や協力関係を広げ、深い精神的繋がりを楽しむチャンスがある一方で、特定のパートナーや取引先との契約、あるいは1対1の対人関係において、逃げられない厳しい責任や対立が発生します。人間関係のしがらみや契約の制限に縛られ、自分の意見を通せないもどかしさやプレッシャーを感じることもあるでしょう。しかし、これは他者を鏡として自分自身のあり方を磨き、より対等で成熟したパートナーシップを築くための人間的成長のプロセスであり、自らの甘えを排してお互いの責任と誠実に向き合い続けたとき、何があっても揺るぎない確固たる自己信頼と、深い人間の絆をその手で掴み取っているはずです。
Jupiter,Saturn,Natal_12,Natal_8,隠れたしがらみのお金清算,精神的な豊かさや休息を広げようとする前向きな動きがある一方で、借入やローン、他人から引き継いだ財産やしがらみのあるお金に関して、非常に厳しい清算や見直しを求められます。目に見えない金銭的負担や義務に直面し、重いプレッシャーや不自由さを覚えることもあるでしょう。しかし、これは他者への過度な依存や過去の未解決な感情を完全に手放し、精神的に真に自立するための再生のプロセスであり、自らの心の闇と強さを深く見つめ直して向き合い続けたとき、誰にも脅かされない深い心の平和と、真に深い信頼関係をその手に掴んでいるはずです。
Jupiter,Saturn,Natal_12,Natal_9,大志を支える自己規律,高度な学びや長期的な計画、または旅行などを通じて視野を広げる機会が巡ってくる一方で、自分自身の体調 of 限界や、急増する自己管理への厳しい責任に直面し、深い自己否定感に苛まれます。自分の視野を広げたい気持ちに反して、自分の未熟さや役割の重さに圧倒され、一時的なプレッシャーや孤独を覚えることもあるでしょう。しかし、これはあなたの精神的な強さを磨き、自立した存在として新たな役割を引き受け切るための自己改革のプロセスであり、誰かに頼る甘えを捨てて自分の実力を地道に見つめ直し、向き合い続けたとき、揺るぎない自己信頼と人生を自力でコントロールする確信を掴み取っているはずです。
Jupiter,Saturn,Natal_12,Natal_10,キャリアを支える隠れた努力,仕事での肩書や大きな活躍が広がる一方で、社会的な肩書や仕事の重い責任がのしかかり、自分の自由な時間や発言が制限される窮屈さに直面します。プレッシャーの中で結果を求められ、自分の実力不足にプレッシャーを感じることもあるでしょう。しかし、これはあなたの実力を社会で本当に通用する本物の強さへと鍛え上げ、確固たる地位を確立するための自己刷新のプロセスであり、与えられた責任から逃げずに地道に向き合い続けたとき、他人の評価に一切左右されない本物のキャリアの自信と、揺るぎない自立心をその手で掴み取っているはずです。
Jupiter,Saturn,Natal_12,Natal_11,隠れたグループ関係の徹底整理,豊かな人間関係を広げる機会が巡ってくる一方で、友人関係や所属しているネットワーク、または未来のグループ活動において、無駄な交際費や厳しい予算制限に向き合わざるを得なくなります。人間関係でのしがらみやお金の使いすぎでストレスやプレッシャーを感じることもあるでしょう。しかし、これは表面的な人付き合いを捨て、真に未来を共有できる本物の絆だけを選び取るための精神的成長のプロセスであり、自らの求める理想とネットワークを静かに見つめ直して向き合い続けたとき、今後のあなたの人生を心から支えてくれる強固な人間関係の土台を獲得しているはずです。
Jupiter,Saturn,Natal_12,Natal_12,魂のしがらみの完全清算,過去の不透明なお金の使い方や、誰にも言えない金銭的しがらみが水面下から一挙に浮上し、非常に厳しい清算や隠れた責任問題の見直しを求められます。予期せぬ支出や見えないお金の流出に圧倒され、焦りや経済的プレッシャーを感じることもあるでしょう。しかし、これはあなたの内なるしがらみを完全に清算し、魂の底から自由になるための再生のプロセスであり、自らの内面と逃げずに真摯に向き合い続けたとき、誰の言葉にも脅かされない深い心の静けさと、今後の人生を堂々と歩み出すための絶対的な自己信頼を獲得しているはずです。
