感受点名,星座名,ハウス,要約,解釈文,長所,注意点,成長のコツ,仕事での出方,対人での出方,優先度,タグ
DragonHead,Aries,1,自分自身の意思で人生を切り開く配置,人生では他人に合わせるよりも自分の意思で行動を起こし主体的に道を切り開くことが重要なテーマになりやすいでしょう,行動力と自己主張の強さ,他人の反応を気にして動きが鈍りやすい,自分の衝動を信じて最初の一歩を踏み出すこと,独立性の高い仕事で力を発揮しやすい,率直な自己表現が関係を前進させる,90,人生課題|自立|行動
DragonHead,Aries,2,自分の価値を自分で築く配置,他人の価値観ではなく自分自身の力で資源や価値を築くことが重要なテーマになりやすいでしょう,自力で資産を築く力,他人の価値判断に依存しやすい,自分の能力を信じて実利を積み上げること,自営業や成果主義の仕事で力を発揮しやすい,対等な関係を築くことで安心が育つ,90,人生課題|価値|自立
DragonHead,Aries,3,自分の言葉で発信する配置,周囲の空気に合わせるよりも自分の考えを率直に表現することが人生テーマになりやすいでしょう,率直なコミュニケーション力,遠慮して意見を引っ込めやすい,考えたことをまず言葉にすること,情報発信や営業などで活躍しやすい,率直さが信頼を生む,88,人生課題|発信|行動
DragonHead,Aries,4,自分の基盤を自分で作る配置,家族や環境に依存するより自分自身の居場所や安心を主体的に築くことが重要です,自立した生活力,過去や家族の影響に縛られやすい,自分の価値観で生活基盤を整える,自宅拠点や個人事業で力を発揮しやすい,家族関係で主体性を持つことが鍵,88,人生課題|基盤|自立
DragonHead,Aries,5,自分らしい表現を貫く配置,周囲の期待よりも自分の創造性や喜びを優先することで人生が開けやすいでしょう,創造的エネルギー,他人の評価に左右されやすい,好きなことに全力を注ぐ,クリエイティブ分野で活躍しやすい,率直な感情表現が魅力になる,90,創造|自己表現
DragonHead,Aries,6,自分のやり方で働く配置,職場の慣習に合わせるより主体的に働き方を作ることが成長テーマです,主体的な仕事力,指示待ちになりやすい,自分から改善行動を起こす,プロジェクト推進役で活躍,率直な提案が信頼を生む,88,仕事|主体性
DragonHead,Aries,7,対等な関係を築く配置,依存関係ではなく自分の意思を持った対等な関係を築くことが重要です,率直な対話力,相手に合わせすぎる傾向,自分の意見を伝えること,パートナー型ビジネスで活躍,率直さが関係を健全にする,88,対人|自立
DragonHead,Aries,8,変化に飛び込む配置,恐れずに大きな変化や深い関係に飛び込むことで人生が大きく成長しやすいでしょう,勇気と決断力,リスクを恐れすぎる,変化を受け入れること,金融や研究分野で力を発揮,深い信頼関係を築ける,90,変容|勇気
DragonHead,Aries,9,自分の信念を探求する配置,他人の思想ではなく自分自身の信念を探し行動することが重要です,冒険心と探求力,安全圏に留まりやすい,未知の世界へ挑戦する,海外や教育分野で活躍,率直な信念表明が魅力になる,90,探求|挑戦
DragonHead,Aries,10,自分の力で社会に立つ配置,社会的な成功や役割を自分の力で切り開くことが人生テーマになりやすいでしょう,リーダーシップ,評価を恐れて前に出ない,主体的に責任を引き受ける,経営や管理職で力を発揮,堂々とした姿勢が信頼を生む,92,社会|リーダー
DragonHead,Aries,11,理想を自ら実現する配置,仲間の中でも主体的に理想を行動へ移すことが大切です,行動力のある理想主義,周囲に遠慮して動けない,自分からプロジェクトを始める,コミュニティ運営で活躍,率先行動が信頼を作る,88,理想|行動
DragonHead,Aries,12,内なる衝動を信じる配置,内面の衝動や直感を信じて行動することで人生が大きく動きやすいでしょう,直感的行動力,不安から行動を抑えやすい,直感を信じて動く,創作や研究分野で活躍,精神的な理解を深める関係が鍵,88,直感|精神
DragonHead,Taurus,1,安定した自己像を築く配置,安心感や安定を自分の中に築くことが人生テーマです,落ち着いた存在感,不安から自己価値を疑いやすい,自分のペースを守る,堅実なリーダーシップ,安心感が信頼を生む,90,安定|自尊心
DragonHead,Taurus,2,自分の価値を育てる配置,物質的精神的な価値を時間をかけて育てることが重要です,堅実な資産形成力,短期利益に流されやすい,長期的視点を持つ,金融や管理分野で活躍,安心感を与える関係性,92,資産|安定
DragonHead,Taurus,3,落ち着いた知性を育てる配置,知識や情報を地道に積み重ねることで人生が安定します,忍耐強い学習力,焦って結果を求めやすい,コツコツ学ぶこと,研究教育分野で活躍,穏やかな対話が魅力,88,知性|安定
DragonHead,Taurus,4,安心できる居場所を作る配置,生活基盤や家庭に安定を築くことが人生テーマです,家庭的安定力,変化を恐れすぎる,心地よい環境を整える,不動産や生活産業で活躍,穏やかな関係を築く,90,家庭|安定
DragonHead,Taurus,5,喜びをゆっくり育てる配置,創造や楽しみを急がず育てることで人生が豊かになります,持続的創造力,快楽に流されやすい,価値ある楽しみを選ぶ,芸術文化分野で活躍,穏やかな愛情表現,88,創造|喜び
DragonHead,Taurus,6,安定した働き方を作る配置,地道な努力で日常や仕事を安定させることが重要です,継続力のある仕事力,惰性に流されやすい,習慣を整える,実務分野で活躍,信頼される働き方,90,仕事|安定
DragonHead,Taurus,7,安心できる関係を築く配置,穏やかで安定した関係を育てることが人生テーマです,信頼関係を築く力,執着的になりやすい,安心感を大切にする,長期的パートナー関係で成功,穏やかな愛情関係,90,対人|信頼
DragonHead,Taurus,8,共有の安定を築く配置,他者と資源や感情を共有しながら安心を育てることが大切です,粘り強い信頼形成,不安から所有欲が強くなる,信頼を育てる,金融研究分野で活躍,深い信頼関係,90,共有|信頼
DragonHead,Taurus,9,価値観を育てる配置,自分にとって本当に価値ある信念を時間をかけて育てることが重要です,安定した信念,頑固になりやすい,柔軟に学び続ける,教育研究で活躍,落ち着いた議論が魅力,88,信念|学び
DragonHead,Taurus,10,堅実な成功を築く配置,時間をかけて社会的成功を築くことが人生テーマです,堅実な成功力,焦って結果を求めやすい,長期戦略を持つ,経営管理で活躍,信頼される社会的役割,92,社会|成功
DragonHead,Taurus,11,現実的な理想を育てる配置,理想を現実的な形にして社会へ広げることが重要です,実現力のある理想主義,理想を諦めやすい,小さく実現する,社会活動で活躍,安定した仲間関係,88,理想|社会
DragonHead,Taurus,12,内面の安心を育てる配置,精神的な安心感を育てることで人生が安定します,穏やかな精神力,不安に支配されやすい,安心できる習慣を作る,癒しや芸術分野で活躍,穏やかな共感関係,88,精神|安定
DragonHead,Gemini,1,知性を前面に出す配置,知識や言葉を通して自分自身を表現することが人生テーマです,知的好奇心,優柔不断になりやすい,まず話してみる,教育や情報分野で活躍,会話が魅力になる,88,知性|発信
DragonHead,Gemini,2,知識を価値に変える配置,学びや情報を実際の価値へ変えることが大切です,情報活用力,情報過多で迷いやすい,知識を実践へ活かす,情報産業で活躍,知的刺激のある関係,88,知識|価値
DragonHead,Gemini,3,学び続ける配置,常に新しい知識を学び続けることで人生が広がります,学習能力,飽きやすい,継続して学ぶ,教育研究で活躍,会話が関係を深める,90,学習|発信
DragonHead,Gemini,4,家庭内の対話を育てる配置,家庭や身近な環境でのコミュニケーションが重要です,柔軟な理解力,本音を隠しやすい,言葉にする習慣,教育家庭分野で活躍,会話が安心を作る,88,家庭|対話
DragonHead,Gemini,5,知的な創造を楽しむ配置,言葉や知識を創造的に表現することが人生テーマです,知的創造力,集中力が続かない,好奇心を活かす,執筆や企画で活躍,会話が魅力になる,88,創造|知性
DragonHead,Gemini,6,情報を整理する配置,情報を整理し日常に役立てることが重要です,分析力,細部にこだわりすぎる,優先順位をつける,分析職で活躍,知的協力関係,88,分析|知識
DragonHead,Gemini,7,対話パートナー配置,対話を通して相互理解を深めるパートナー関係が人生テーマです,柔軟な対話力,相手に合わせすぎる,自分の意見も伝える,交渉教育分野活躍,知的刺激のある関係,88,対人|対話
DragonHead,Gemini,8,心理対話配置,深い心理や秘密を言葉にすることで人生が広がります,洞察的対話力,疑念を抱きやすい,信頼関係を育てる,心理研究分野活躍,深い会話関係,88,心理|対話
DragonHead,Gemini,9,知識探求配置,知識や思想を探求し言葉で伝えることがテーマです,知的探究心,表面的理解,深く学ぶ,教育研究分野活躍,知的関係,90,知識|探求
DragonHead,Gemini,10,知識社会配置,知識や情報を社会で広めることが人生テーマです,情報発信力,情報過多,整理意識,メディア教育分野活躍,社会的関係,90,社会|知識
DragonHead,Gemini,11,知的ネットワークを広げる配置,多様な人々と知識を交換することで人生の可能性が広がりやすいでしょう,柔軟な交流力,人間関係を広げすぎて疲れやすい,興味あるコミュニティに集中する,情報共有型の仕事で活躍,知的刺激のある仲間関係,88,交流|知識
DragonHead,Gemini,12,内面の言葉を見つける配置,心の中にある思考や感情を言葉として理解することが人生テーマです,内省的知性,考えすぎて動けなくなる,思考を整理して表現する,研究や執筆分野で活躍,理解し合う精神的関係,88,内省|知性
DragonHead,Cancer,1,感情を大切に生きる配置,自分の感情を尊重して生きることが人生の重要テーマになります,共感力,感情に振り回されやすい,安心できる自己理解を育てる,ケアや教育分野で活躍,共感的な関係を築く,90,感情|共感
DragonHead,Cancer,2,安心できる価値を作る配置,心の安心感につながる価値や資源を育てることが重要です,守り育てる力,不安から所有欲が強くなる,安心できる環境を整える,生活関連分野で活躍,温かい関係を築く,88,安心|価値
DragonHead,Cancer,3,感情を言葉で伝える配置,心の思いを言葉にして共有することが人生テーマです,共感的コミュニケーション,感情を言葉にできない,素直に話す習慣,教育やカウンセリングで活躍,温かい会話関係,88,対話|感情
DragonHead,Cancer,4,家庭的な基盤を築く配置,安心できる家庭や生活基盤を築くことが人生テーマです,家庭的安定力,過去に縛られやすい,自分の居場所を作る,生活支援分野で活躍,家族的関係を育てる,90,家庭|安心
DragonHead,Cancer,5,愛情を表現する配置,愛情や感情を素直に表現することで人生が豊かになります,愛情表現力,感情を抑え込みやすい,喜びを共有する,芸術教育分野で活躍,温かい恋愛関係,88,愛情|表現
DragonHead,Cancer,6,思いやりのある働き方配置,周囲を支える働き方を通して人生が安定します,献身的働き方,自己犠牲になりやすい,自分も大切にする,医療福祉分野で活躍,支え合う関係,90,奉仕|共感
DragonHead,Cancer,7,感情的な信頼関係配置,心を開いた信頼関係を築くことが人生テーマです,深い共感関係,依存的になりやすい,自立と共感のバランス,パートナー事業で活躍,安心感のある関係,90,信頼|対人
DragonHead,Cancer,8,深い感情共有配置,他者と感情を共有することで大きな成長が生まれます,心理的洞察力,感情的執着,信頼を育てる,心理研究分野で活躍,深い絆を築く,90,心理|信頼
DragonHead,Cancer,9,感情と信念を結ぶ配置,感情を大切にした信念を育てることが人生テーマです,人間理解力,感情優先で視野が狭くなる,広い視点を持つ,教育思想分野で活躍,共感的議論関係,88,信念|共感
DragonHead,Cancer,10,思いやりの社会役割配置,共感や保護の力を社会で活かすことが重要です,温かいリーダーシップ,責任に押し潰されやすい,安心感を与える役割,教育医療分野で活躍,信頼される社会関係,92,社会|共感
DragonHead,Cancer,11,仲間を支える配置,仲間やコミュニティを支えることで人生が広がります,協力関係を築く力,感情に巻き込まれやすい,安心できる仲間を選ぶ,コミュニティ活動で活躍,仲間意識の強い関係,88,仲間|共感
DragonHead,Cancer,12,深い共感を育てる配置,人の痛みや感情を理解することで精神的成長が進みます,深い共感力,感情を背負いすぎる,境界線を保つ,ヒーリング分野で活躍,精神的つながり,88,精神|共感
DragonHead,Leo,1,自分らしく輝く配置,自分の個性を堂々と表現することが人生テーマです,強い存在感,自信を失いやすい,自分を肯定する,リーダー職で活躍,魅力的な関係,90,自己表現|自信
DragonHead,Leo,2,誇りある価値を築く配置,自分の価値に誇りを持つことが重要です,自信ある価値観,虚栄に走りやすい,誠実な努力,経営分野で活躍,尊敬し合う関係,88,誇り|価値
DragonHead,Leo,3,堂々と話す配置,自信を持って意見を発信することが人生テーマです,堂々とした表現力,目立つことを恐れる,自信を持つ,講演教育で活躍,明るい会話関係,88,発信|自信
DragonHead,Leo,4,誇りある家庭配置,家庭の中で自分らしさを表現することが大切です,家庭リーダー力,自己中心になりやすい,家族を尊重する,家庭事業で活躍,温かい家族関係,88,家庭|誇り
DragonHead,Leo,5,創造的に輝く配置,創造や表現で人生が大きく開けます,強い創造力,承認欲求が強くなる,創作に集中する,芸術分野で活躍,情熱的恋愛,92,創造|表現
DragonHead,Leo,6,自信ある働き方配置,仕事で自信を持って能力を発揮することが重要です,積極的仕事力,完璧主義になりやすい,自信を持つ,管理職で活躍,頼られる関係,88,仕事|自信
DragonHead,Leo,7,情熱的関係配置,情熱を持って関係を築くことが人生テーマです,情熱的愛情,支配的になる,相手を尊重する,パートナー事業成功,情熱的関係,90,愛情|情熱
DragonHead,Leo,8,強い変容力配置,大きな変化を通して自己の力を発揮します,強い精神力,ドラマチックになりすぎる,冷静さを保つ,研究金融分野活躍,深い信頼関係,88,変容|力
DragonHead,Leo,9,信念を堂々と示す配置,自分の信念を誇りを持って表現することが大切です,信念の強さ,独善的になる,他者の意見を聞く,教育思想分野で活躍,尊敬関係,88,信念|誇り
DragonHead,Leo,10,社会で輝く配置,社会的舞台で自分の才能を発揮することが人生テーマです,カリスマ性,名声に執着しやすい,誠実に働く,経営政治分野で活躍,尊敬される関係,92,社会|名声
DragonHead,Leo,11,理想を情熱で実現配置,情熱を持って理想を実現することが重要です,リーダー的理想主義,独裁的になりやすい,仲間を尊重する,団体活動で活躍,情熱的仲間関係,88,理想|情熱
DragonHead,Leo,12,内なる誇り配置,内面的な誇りや自信を育てることが人生テーマです,精神的強さ,孤立しやすい,内面を大切にする,芸術精神分野で活躍,精神的つながり,88,精神|誇り
DragonHead,Virgo,1,自己改善配置,自分を磨き続けることで人生が開けます,分析力,完璧主義,小さく改善,研究分野活躍,誠実関係,88,改善|分析
DragonHead,Virgo,2,価値改善配置,価値や資産を改善しながら育てることが重要です,堅実改善力,細部にこだわりすぎる,全体を見る,管理分野活躍,信頼関係,88,価値|改善
DragonHead,Virgo,3,知識整理配置,知識を整理し役立てることが人生テーマです,整理力,批判的になりやすい,建設的思考,教育分析分野活躍,理性的関係,88,知識|整理
DragonHead,Virgo,4,生活改善配置,生活環境を整えることで人生が安定します,生活管理力,神経質になる,柔軟性持つ,生活産業活躍,穏やかな関係,88,生活|整理
DragonHead,Virgo,5,創造改善配置,創造活動を磨くことで人生が豊かになります,緻密な創造力,批判的になりすぎる,楽しむこと,芸術研究活躍,知的恋愛,88,創造|分析
DragonHead,Virgo,6,仕事改善配置,日常業務を改善することで大きな成果を生みます,改善能力,完璧主義,効率重視,実務分野活躍,信頼関係,90,仕事|改善
DragonHead,Virgo,7,関係改善配置,関係を丁寧に改善していくことが重要です,調整力,批判的態度,理解を深める,調整役活躍,協力関係,88,対人|改善
DragonHead,Virgo,8,心理分析配置,深い心理を分析することで成長します,洞察力,疑い深くなる,信頼を育てる,研究心理分野活躍,深い関係,88,心理|分析
DragonHead,Virgo,9,知識深化配置,知識を体系化することが人生テーマです,体系的知性,視野が狭くなる,広い視点持つ,研究教育分野活躍,理性的関係,88,知識|体系
DragonHead,Virgo,10,実務的成功配置,堅実な努力で社会的成功を築きます,努力継続力,働きすぎ,休息を取る,管理専門職活躍,信頼社会関係,92,社会|努力
DragonHead,Virgo,11,理想改善配置,理想や社会活動を現実的に改善していくことが人生テーマになります,計画的理想実現力,理想を細分化しすぎる,段階的実行を意識する,社会プロジェクト分野で活躍,協力的な仲間関係,88,理想|改善
DragonHead,Virgo,12,精神整理配置,内面の混乱を整理し精神的安定を育てることが重要です,精神分析力,神経質になりやすい,休息と整理を大切にする,研究医療分野で活躍,静かな信頼関係,88,精神|整理
DragonHead,Libra,1,調和的自己表現配置,他者との調和を意識した自己表現を学ぶことが人生テーマです,バランス感覚,自己主張が弱くなる,公平な表現を意識する,交渉分野で活躍,調和的関係,90,調和|対人
DragonHead,Libra,2,調和価値配置,バランスの取れた価値観を育てることが重要です,公平な判断力,優柔不断になる,価値基準を明確にする,法律金融分野で活躍,尊重関係,88,価値|調和
DragonHead,Libra,3,対話配置,対話を通して理解を深めることが人生テーマです,優れた対話力,意見を曖昧にしやすい,率直さを保つ,外交教育分野で活躍,会話関係,88,対話|理解
DragonHead,Libra,4,家庭調和配置,家庭や生活環境の調和を作ることが重要です,調整力,衝突回避しすぎる,問題に向き合う,家庭支援分野活躍,穏やかな家庭関係,88,家庭|調和
DragonHead,Libra,5,愛の調和配置,愛情関係においてバランスを学ぶことがテーマです,魅力的関係力,依存関係,対等関係意識,芸術恋愛分野活躍,優雅な恋愛関係,90,愛情|調和
DragonHead,Libra,6,協働仕事配置,協力関係の中で働くことが人生テーマになります,チームワーク,決断遅れ,役割分担意識,チーム職で活躍,協力関係,90,仕事|協力
DragonHead,Libra,7,パートナー配置,対等なパートナー関係を築くことが重要です,対人理解力,依存傾向,自立を保つ,共同事業成功,信頼関係,92,対人|パートナー
DragonHead,Libra,8,関係変容配置,関係の中で深い理解を育てることがテーマです,心理理解力,関係に振り回される,境界線保つ,心理研究分野活躍,深い信頼関係,88,心理|関係
DragonHead,Libra,9,思想調和配置,多様な思想を調和させることが人生テーマです,公平思想,相対主義,信念持つ,教育思想分野活躍,知的議論関係,88,思想|調和
DragonHead,Libra,10,社会調和配置,社会の中で調整役として力を発揮します,外交能力,責任回避,責任意識,外交法律分野活躍,社会信頼関係,90,社会|調整
DragonHead,Libra,11,理想協力配置,仲間と協力して理想を実現することが重要です,協力型理想主義,集団依存,主体性保つ,団体活動活躍,仲間信頼関係,88,理想|協力
DragonHead,Libra,12,精神調和配置,内面のバランスを整えることで精神的成長が進みます,精神安定力,優柔不断,内面対話,芸術精神分野活躍,精神的関係,88,精神|調和
DragonHead,Scorpio,1,自己変容配置,人生の中で自己変容を経験することが重要テーマです,強い精神力,極端思考,柔軟性持つ,研究分野活躍,深い関係,90,変容|力
DragonHead,Scorpio,2,価値変容配置,価値観を深く変化させながら成長します,洞察力,執着強い,手放し学ぶ,金融研究分野活躍,信頼関係,88,価値|変容
DragonHead,Scorpio,3,心理対話配置,深い対話を通して理解を深めます,洞察対話力,疑念強い,信頼育てる,心理教育分野活躍,深い会話関係,88,対話|心理
DragonHead,Scorpio,4,家庭変容配置,家庭や内面で大きな変容を経験します,精神強さ,感情激化,安定意識,家庭心理分野活躍,深い家族関係,88,家庭|変容
DragonHead,Scorpio,5,情熱創造配置,情熱的創造を通して人生が開けます,強い創造力,劇的思考,冷静保つ,芸術研究分野活躍,情熱恋愛,90,創造|情熱
DragonHead,Scorpio,6,変革仕事配置,仕事の中で変革を起こすことがテーマです,改革力,破壊的態度,建設意識,改革職活躍,信頼関係,88,仕事|改革
DragonHead,Scorpio,7,深い関係配置,深い信頼関係を築くことが人生テーマです,絆力,支配傾向,対等意識,共同事業成功,深い信頼関係,92,対人|信頼
DragonHead,Scorpio,8,極限変容配置,大きな変化を通して人生が進化します,再生力,危機依存,安定重視,金融研究分野活躍,深い心理関係,92,変容|再生
DragonHead,Scorpio,9,深い信念配置,深い信念を探求することがテーマです,精神探求力,偏執思考,広い視点,哲学研究分野活躍,思想関係,88,信念|探求
DragonHead,Scorpio,10,強力社会配置,社会で強い影響力を持つことが人生テーマです,カリスマ力,権力執着,倫理意識,政治研究分野活躍,尊敬関係,92,社会|影響
DragonHead,Scorpio,11,変革理想配置,社会変革を目指す理想が人生テーマです,革命思想,過激思想,現実調整,社会運動活躍,仲間信頼関係,88,理想|改革
DragonHead,Scorpio,12,精神変容配置,精神的変容を経験することで成長します,深い洞察,孤立傾向,共感意識,精神研究分野活躍,精神関係,88,精神|変容
DragonHead,Sagittarius,1,信念行動配置,自分の信念に基づき行動することが人生テーマです,冒険心,衝動行動,計画性持つ,探検教育分野活躍,自由関係,90,信念|冒険
DragonHead,Sagittarius,2,信念価値配置,信念に基づく価値観を育てることが重要です,理想価値力,浪費傾向,現実意識,教育出版活躍,尊敬関係,88,価値|信念
DragonHead,Sagittarius,3,思想発信配置,思想や哲学を言葉で広めることがテーマです,哲学対話力,大雑把思考,具体化意識,講演教育活躍,知的関係,88,思想|発信
DragonHead,Sagittarius,4,精神家庭配置,家庭の中で精神的価値を育てます,精神的家庭力,理想押し付け,理解重視,教育家庭活躍,精神家族関係,88,家庭|精神
DragonHead,Sagittarius,5,自由創造配置,自由な創造活動で人生が広がります,自由創造力,責任回避,継続意識,芸術旅行分野活躍,自由恋愛,90,創造|自由
DragonHead,Sagittarius,6,理想仕事配置,理想を仕事で実現することがテーマです,理想実行力,現実軽視,現実計画,教育国際分野活躍,信頼関係,90,仕事|理想
DragonHead,Sagittarius,7,思想パートナー配置,思想や価値観を共有できる関係が重要です,理解関係力,信念衝突,尊重意識,教育出版活躍,思想関係,90,対人|思想
DragonHead,Sagittarius,8,哲学変容配置,哲学的理解を通して人生が変容します,精神理解力,極端思想,柔軟思考,研究宗教分野活躍,深い精神関係,88,哲学|変容
DragonHead,Sagittarius,9,探求配置,世界や思想を探求することが人生テーマです,探究心,現実離れ,実践意識,研究教育活躍,思想関係,92,探求|哲学
DragonHead,Sagittarius,10,理想社会配置,理想を社会で実現することがテーマです,理想リーダー力,理想主義過剰,現実調整,政治教育分野活躍,社会信頼関係,92,社会|理想
DragonHead,Sagittarius,11,自由理想配置,自由な思想や理想を仲間と共有することが人生テーマです,理想共有力,理想過多,現実性持つ,教育国際分野活躍,自由な仲間関係,88,理想|自由
DragonHead,Sagittarius,12,精神探求配置,精神的探求や哲学理解を深めることで成長します,精神探究力,孤立傾向,他者理解意識,宗教哲学分野活躍,精神関係,88,精神|探求
DragonHead,Capricorn,1,責任ある自己形成配置,責任感を持った自己形成が人生テーマです,強い責任感,自分に厳しすぎる,柔軟性持つ,管理職分野活躍,信頼関係,90,責任|自立
DragonHead,Capricorn,2,堅実価値配置,現実的価値を築くことが人生テーマになります,堅実経済力,物質主義,精神価値意識,金融管理分野活躍,安定関係,88,価値|努力
DragonHead,Capricorn,3,実務知識配置,実務的知識を社会で活かすことが重要です,計画思考力,視野狭い,柔軟思考,教育研究分野活躍,理性的関係,88,知識|実務
DragonHead,Capricorn,4,責任家庭配置,家庭の中で責任を担うことが成長テーマです,家庭責任力,重圧感じやすい,信頼分担,家庭管理分野活躍,堅実家族関係,88,家庭|責任
DragonHead,Capricorn,5,努力創造配置,努力による創造で人生が開けます,粘り強い創造力,遊び不足,楽しむ意識,芸術教育分野活躍,堅実恋愛関係,88,創造|努力
DragonHead,Capricorn,6,責任仕事配置,責任ある仕事を通して成功を築きます,実務能力,働きすぎ,休息大切,管理専門職活躍,信頼職場関係,92,仕事|責任
DragonHead,Capricorn,7,責任関係配置,責任あるパートナー関係を築くことが重要です,誠実関係力,関係重すぎる,柔軟性持つ,共同事業成功,長期関係,90,対人|責任
DragonHead,Capricorn,8,社会変革配置,社会構造を理解し変革することがテーマです,組織理解力,権力志向,倫理意識,政治研究分野活躍,深い信頼関係,88,社会|構造
DragonHead,Capricorn,9,現実思想配置,現実的思想を育てることが人生テーマです,実務哲学力,理想不足,理想意識持つ,教育政策分野活躍,思想関係,88,思想|現実
DragonHead,Capricorn,10,社会成功配置,社会的成功を築くことが人生テーマです,強い野心,成功執着,人間性重視,経営政治分野活躍,尊敬関係,92,社会|成功
DragonHead,Capricorn,11,組織理想配置,組織の中で理想を実現することが重要です,組織運営力,独裁傾向,協調意識,団体組織分野活躍,仲間信頼関係,88,理想|組織
DragonHead,Capricorn,12,精神責任配置,精神的成熟を通して人生が進みます,精神忍耐力,孤独感,支援求める,研究精神分野活躍,静かな関係,88,精神|成熟
DragonHead,Aquarius,1,独自性配置,独自性を発揮することが人生テーマです,革新力,孤立しやすい,協力意識,IT研究分野活躍,自由関係,90,個性|革新
DragonHead,Aquarius,2,革新価値配置,新しい価値観を育てることが重要です,未来思考力,現実軽視,現実意識,IT金融分野活躍,自由関係,88,価値|革新
DragonHead,Aquarius,3,知的革新配置,新しい知識や発想を広げることがテーマです,発明思考力,奇抜思考,実用意識,研究教育分野活躍,知的関係,88,知識|革新
DragonHead,Aquarius,4,自由家庭配置,自由な家庭環境を築くことが重要です,独立家庭力,孤立家庭,協調意識,生活改革分野活躍,自由家族関係,88,家庭|自由
DragonHead,Aquarius,5,革新創造配置,革新的創造活動が人生テーマです,独創力,奇抜すぎる,調整意識,芸術IT分野活躍,自由恋愛関係,90,創造|革新
DragonHead,Aquarius,6,改革仕事配置,仕事の中で改革を起こすことが重要です,改革力,反抗心強い,協力意識,IT技術分野活躍,協働関係,90,仕事|改革
DragonHead,Aquarius,7,自由関係配置,自由で対等な関係を築くことがテーマです,平等関係力,距離取りすぎる,感情共有意識,共同事業成功,自由関係,90,対人|自由
DragonHead,Aquarius,8,革新変容配置,社会的変革に関わることで成長します,社会洞察力,極端思想,現実調整,研究社会分野活躍,深い信頼関係,88,変革|社会
DragonHead,Aquarius,9,未来思想配置,未来志向の思想を広げることがテーマです,未来思想力,現実離れ,実践意識,教育研究分野活躍,知的関係,88,思想|未来
DragonHead,Aquarius,10,社会改革配置,社会改革を担う役割を持ちます,改革リーダー力,反体制過剰,協力意識,政治社会分野活躍,社会関係,92,社会|改革
DragonHead,Aquarius,11,未来理想配置,未来志向の理想を実現することが人生テーマです,理想革新力,理想過多,現実意識,社会活動分野活躍,仲間関係,90,理想|未来
DragonHead,Aquarius,12,精神革新配置,精神的な自由や革新がテーマです,精神自由力,孤立傾向,共感意識,芸術研究分野活躍,精神関係,88,精神|自由
DragonHead,Pisces,1,共感自己配置,共感力を活かして自己表現することが人生テーマです,共感力,自己境界弱い,境界意識,芸術癒し分野活躍,共感関係,90,共感|精神
DragonHead,Pisces,2,精神価値配置,精神的価値を育てることが重要です,精神理解力,現実軽視,現実意識,芸術分野活躍,共感関係,88,価値|精神
DragonHead,Pisces,3,感性対話配置,感性を言葉で表現することがテーマです,感受性,混乱思考,整理意識,芸術教育分野活躍,優しい関係,88,感性|対話
DragonHead,Pisces,4,癒し家庭配置,家庭の中で癒しを育てることが人生テーマです,癒し力,依存関係,自立意識,福祉教育分野活躍,温かい家庭関係,88,家庭|癒し
DragonHead,Pisces,5,幻想創造配置,幻想や感性を創造へ変えることが重要です,芸術感性,現実逃避,現実意識,芸術分野活躍,ロマン関係,90,創造|芸術
DragonHead,Pisces,6,奉仕仕事配置,奉仕を通して成長することがテーマです,献身力,自己犠牲,自分大切にする,医療福祉分野活躍,支援関係,90,仕事|奉仕
DragonHead,Pisces,7,共感関係配置,共感的関係を築くことが人生テーマです,理解関係力,依存傾向,自立意識,カウンセリング分野活躍,深い関係,90,対人|共感
DragonHead,Pisces,8,精神変容配置,精神的変容を経験することで成長します,深い洞察力,感情混乱,冷静意識,心理研究分野活躍,深い関係,88,変容|精神
DragonHead,Pisces,9,精神探求配置,精神や哲学を探求することが人生テーマです,精神理解力,現実逃避,現実行動,宗教哲学分野活躍,精神関係,88,精神|探求
DragonHead,Pisces,10,共感社会配置,共感を社会で活かすことが重要です,慈愛力,責任回避,責任意識,福祉医療分野活躍,信頼関係,90,社会|共感
DragonHead,Pisces,11,共感理想配置,共感を基盤にした理想を仲間と共有することが人生テーマです,共感的理想力,理想過多,現実行動,福祉社会分野活躍,共感仲間関係,88,理想|共感
DragonHead,Pisces,12,精神統合配置,精神的理解や癒しを通して人生が統合されていきます,深い精神理解,現実逃避,現実意識,ヒーリング研究分野活躍,精神的関係,90,精神|統合
DragonTail,Aries,1,自己中心的行動の癖が出やすい配置,過去からの習慣として自分の衝動や意思を優先しすぎる傾向が出やすい配置です,決断力と行動力,衝動的行動や独断,相手の視点を意識する,独立職では強みを発揮しやすい,自己主張が強く出やすい,80,過去傾向|衝動|自己主張
DragonTail,Aries,2,自力で抱え込む価値観の癖,自分一人で価値や資源を守ろうとする傾向が出やすい配置です,自立した価値観,孤立した努力,他者と協力すること,個人事業では強みを発揮,独立心が強い関係傾向,78,過去傾向|価値|自立
DragonTail,Aries,3,衝動的な発言の癖,思いついたことをそのまま発言する傾向が出やすい配置です,率直な表現力,配慮不足の発言,対話を意識する,営業や発信で活躍しやすい,率直すぎる会話になりやすい,78,過去傾向|発言|衝動
DragonTail,Aries,4,自分中心の安心基準,家庭や居場所でも自分中心の行動を取りやすい配置です,自立した生活力,周囲との衝突,共感を意識する,個人活動で力を発揮,家庭内で自己主張が強く出やすい,78,過去傾向|家庭|自立
DragonTail,Aries,5,自己表現の強さが出やすい配置,自分の表現や楽しみを優先しやすい傾向があります,強い創造性,自己中心的創造,他者の視点を取り入れる,創作活動で活躍しやすい,恋愛で主導権を握りやすい,80,過去傾向|創造|自己表現
DragonTail,Aries,6,衝動的な働き方の癖,自分のやり方で仕事を進めすぎる傾向が出やすい配置です,行動力ある仕事姿勢,協調不足,チームワークを意識する,起業などで力を発揮,職場で独断的になりやすい,78,過去傾向|仕事|衝動
DragonTail,Aries,7,関係で主導権を握る癖,対人関係で主導権を握ろうとする傾向があります,リーダーシップ,関係の衝突,相手を尊重する,パートナー型事業で強み,主導的関係になりやすい,80,過去傾向|対人|主導
DragonTail,Aries,8,変化を自分で支配しようとする癖,大きな変化の中でも主導権を握ろうとする傾向があります,危機対応力,支配欲,信頼を育てる,研究金融分野で活躍,関係で支配的になりやすい,80,過去傾向|変化|支配
DragonTail,Aries,9,自分の信念を押し通す癖,自分の信念を強く主張しすぎる傾向があります,強い信念,独善的思想,他者の視点を学ぶ,教育分野で活躍しやすい,議論で衝突しやすい,78,過去傾向|信念|独断
DragonTail,Aries,10,社会で単独行動を取りやすい癖,社会活動で単独行動を好む傾向があります,強い独立心,協調不足,協力関係を築く,起業や管理職で活躍,強いリーダー型関係,80,過去傾向|社会|独立
DragonTail,Aries,11,理想を一人で進める癖,理想を自分一人で実現しようとする傾向があります,行動的理想主義,孤立行動,仲間と共有する,社会活動で活躍,仲間関係で衝突しやすい,78,過去傾向|理想|独立
DragonTail,Aries,12,衝動を内面に溜め込む癖,衝動的な感情を内面で抱え込みやすい配置です,直感力,感情爆発,内面整理を行う,創作分野で力を発揮,精神的距離を取りやすい,78,過去傾向|精神|衝動
DragonTail,Taurus,1,安定への執着が出やすい配置,安心や安定を強く求める傾向が出やすい配置です,安定感ある人格,変化への抵抗,柔軟性を育てる,安定職で力を発揮,穏やかな関係を好む,80,過去傾向|安定|執着
DragonTail,Taurus,2,所有への強い執着,所有や資産に強い安心感を求める傾向があります,資産管理能力,物質執着,共有を学ぶ,金融管理分野で活躍,安定重視関係,82,過去傾向|資産|所有
DragonTail,Taurus,3,変化を避ける思考,新しい情報より慣れた理解を好む傾向があります,安定した理解力,柔軟性不足,新しい視点を受け入れる,研究分野で活躍,落ち着いた対話関係,78,過去傾向|思考|安定
DragonTail,Taurus,4,安心環境への固着,慣れた家庭環境に留まりやすい傾向があります,家庭安定力,変化への恐れ,環境を広げる,生活産業で活躍,穏やかな家庭関係,80,過去傾向|家庭|安定
DragonTail,Taurus,5,快適な楽しみに留まる癖,安定した楽しみを好み変化を避ける傾向があります,持続的創造力,挑戦不足,新しい表現を試す,芸術分野で活躍,穏やかな恋愛関係,78,過去傾向|創造|快適
DragonTail,Taurus,6,慣れた働き方への固着,変化より慣れた働き方を好む傾向があります,継続力ある仕事力,改善停滞,柔軟性を持つ,実務分野で活躍,安定職場関係,80,過去傾向|仕事|安定
DragonTail,Taurus,7,安定関係への依存,安心できる関係に強く依存する傾向があります,信頼関係を築く力,関係執着,自立意識を持つ,パートナー事業で活躍,長期関係志向,82,過去傾向|対人|依存
DragonTail,Taurus,8,所有と共有の葛藤,共有資源に対しても所有意識が強く出やすい配置です,資源管理能力,執着心,手放しを学ぶ,金融分野で活躍,深い関係で執着が出やすい,80,過去傾向|共有|執着
DragonTail,Taurus,9,安定した信念に固執,一度形成した信念を変えにくい傾向があります,安定した価値観,頑固さ,柔軟思考,教育分野で活躍,穏やかな思想関係,78,過去傾向|信念|固定
DragonTail,Taurus,10,堅実成功への固着,堅実な成功モデルに固執しやすい傾向があります,努力継続力,変化拒否,新しい挑戦を受け入れる,管理分野で活躍,安定社会関係,82,過去傾向|社会|成功
DragonTail,Taurus,11,理想より安定重視,理想より安定を優先する傾向があります,現実的思考,理想不足,理想意識を育てる,社会組織で活躍,穏やかな仲間関係,78,過去傾向|理想|安定
DragonTail,Taurus,12,精神安定への固着,精神的にも安定を求めすぎる傾向があります,落ち着いた精神力,変化回避,新しい経験を受け入れる,癒し分野で活躍,穏やかな精神関係,78,過去傾向|精神|安定
DragonTail,Gemini,1,思考優先の自己表現,考えすぎる自己表現の癖が出やすい配置です,知的表現力,優柔不断,行動を意識する,情報分野で活躍,知的関係,78,過去傾向|思考|知性
DragonTail,Gemini,2,知識を価値としすぎる癖,情報や知識を価値の中心に置きやすい傾向があります,知識力,実行不足,経験を重視する,教育分野で活躍,知的刺激関係,78,過去傾向|知識|価値
DragonTail,Gemini,3,情報収集の癖,情報収集を続けすぎる傾向があります,情報理解力,決断遅れ,行動に移す,研究分野で活躍,会話関係,80,過去傾向|情報|知性
DragonTail,Gemini,4,家庭での知的距離,家庭でも感情より思考で対応する傾向があります,冷静判断力,感情理解不足,共感を意識する,教育家庭分野で活躍,理性的関係,78,過去傾向|家庭|思考
DragonTail,Gemini,5,知識中心の創造,創造活動でも思考優先になりやすい配置です,知的創造力,感情不足,感性を育てる,執筆分野で活躍,知的恋愛,78,過去傾向|創造|知性
DragonTail,Gemini,6,情報整理に偏る働き方の癖,仕事の場面で情報整理や分析に偏りすぎる傾向が出やすい配置です,分析能力,行動不足,実行力を意識する,分析職や研究職で活躍,理性的関係になりやすい,78,過去傾向|仕事|分析
DragonTail,Gemini,7,知的距離を取る関係の癖,感情より知性を優先して対人関係で距離を取りやすい傾向があります,冷静な対人判断,感情共有不足,共感を意識する,交渉分野で活躍,知的関係になりやすい,78,過去傾向|対人|思考
DragonTail,Gemini,8,秘密や心理を分析する癖,深い心理や秘密を分析的に理解しようとする傾向があります,洞察的分析力,疑念や不信感,信頼関係を育てる,心理研究分野で活躍,深い会話関係になりやすい,80,過去傾向|心理|分析
DragonTail,Gemini,9,知識偏重の思想傾向,知識や情報に偏った思想を持ちやすい傾向があります,情報理解力,思想の浅さ,深い探究を行う,教育分野で活躍,知的議論関係,78,過去傾向|思想|知識
DragonTail,Gemini,10,知識で社会的評価を得ようとする癖,知識や情報を通して社会的評価を得ようとする傾向があります,知的発信力,実行不足,行動と経験を重視する,メディア教育分野で活躍,理性的社会関係,80,過去傾向|社会|知識
DragonTail,Gemini,11,情報交換中心の仲間関係,仲間関係が情報交換中心になりやすい傾向があります,ネットワーク力,浅い関係性,深い関係を育てる,コミュニティ活動で活躍,知的仲間関係,78,過去傾向|仲間|情報
DragonTail,Gemini,12,思考過多になりやすい精神傾向,考えすぎて行動が遅れる傾向が出やすい配置です,内省力,思考過多,直感を信じる,研究創作分野で活躍,精神的距離を取りやすい,78,過去傾向|精神|思考
DragonTail,Cancer,1,感情中心の自己反応の癖,感情に強く反応して行動する傾向が出やすい配置です,共感力,感情過敏,感情を客観視する,ケア分野で活躍,感情関係になりやすい,80,過去傾向|感情|共感
DragonTail,Cancer,2,安心を物質に求める癖,安心感を物質や所有に求めやすい傾向があります,安定志向,不安からの所有欲,安心の内面化,生活産業で活躍,安心重視関係,80,過去傾向|安心|所有
DragonTail,Cancer,3,感情的な言葉の癖,感情をそのまま言葉にしやすい傾向があります,率直な感情表現,感情的発言,冷静な対話,教育分野で活躍,共感会話関係,78,過去傾向|対話|感情
DragonTail,Cancer,4,家庭依存の傾向,家庭や身内に強く依存しやすい配置です,家庭愛,依存傾向,自立を意識する,家庭関連分野活躍,家族中心関係,82,過去傾向|家庭|依存
DragonTail,Cancer,5,愛情表現が感情優先になる癖,愛情や創造で感情に流されやすい傾向があります,温かい表現力,感情過多,冷静さを保つ,芸術分野活躍,感情恋愛,80,過去傾向|恋愛|感情
DragonTail,Cancer,6,感情に左右される働き方,気分によって仕事のペースが変わりやすい傾向があります,共感的奉仕,安定性不足,習慣を整える,福祉医療分野活躍,共感職場関係,78,過去傾向|仕事|感情
DragonTail,Cancer,7,感情依存の関係,対人関係で感情的依存が出やすい配置です,愛情深い関係力,依存関係,対等関係を意識,家庭的関係を築きやすい,依存恋愛,82,過去傾向|対人|依存
DragonTail,Cancer,8,感情的執着の癖,感情や関係に強く執着する傾向があります,深い愛情,執着心,手放しを学ぶ,心理研究分野活躍,深い関係,80,過去傾向|執着|感情
DragonTail,Cancer,9,感情中心の信念,感情的体験から思想を作りやすい傾向があります,共感的思想,客観性不足,理性を取り入れる,教育分野活躍,共感思想関係,78,過去傾向|思想|感情
DragonTail,Cancer,10,家庭感情が社会行動に影響,家庭感情が社会活動に影響しやすい配置です,人情理解力,感情優先判断,客観性を持つ,福祉行政分野活躍,情的社会関係,80,過去傾向|社会|感情
DragonTail,Cancer,11,仲間を家族のように扱う癖,仲間関係でも家庭的関係を作りやすい傾向があります,仲間愛,過保護関係,距離感を保つ,コミュニティ分野活躍,家族的友情,78,過去傾向|仲間|家庭性
DragonTail,Cancer,12,感情を内面に溜め込む癖,感情を内側に溜め込みやすい傾向があります,深い共感力,内面不安,感情を言語化する,癒し分野活躍,精神共感関係,78,過去傾向|精神|感情
DragonTail,Leo,1,自己誇りの強さ,自分の存在や誇りを強く意識する傾向があります,自信ある存在感,自己中心性,他者視点を持つ,表現分野活躍,主導関係,82,過去傾向|誇り|自己表現
DragonTail,Leo,2,誇りを価値とする癖,自己誇りを価値の中心に置きやすい傾向があります,強い自己価値感,頑固さ,柔軟な価値観,芸術分野活躍,尊敬関係,80,過去傾向|価値|誇り
DragonTail,Leo,3,誇りある発言,自信ある発言をしやすい配置です,堂々とした表現,自己主張過多,相手を尊重する,講演教育分野活躍,情熱対話関係,80,過去傾向|発言|誇り
DragonTail,Leo,4,家庭で主導的役割,家庭内で主導的立場を取りやすい配置です,家族を守る力,支配傾向,対等関係を意識,家庭経営分野活躍,主導家庭関係,80,過去傾向|家庭|主導
DragonTail,Leo,5,自己表現中心の創造,創造や恋愛で自分中心になりやすい傾向があります,強い創造力,自己中心恋愛,相手理解,芸術分野活躍,情熱恋愛,82,過去傾向|創造|恋愛
DragonTail,Leo,6,誇りある働き方の癖,仕事で自尊心を強く意識する傾向があります,責任感ある仕事力,プライド過多,協力を学ぶ,管理分野活躍,尊敬職場関係,80,過去傾向|仕事|誇り
DragonTail,Leo,7,主導的関係の癖,関係で主導権を握ろうとする傾向があります,リーダーシップ,関係衝突,協調意識,共同事業活躍,主導関係,82,過去傾向|対人|主導
DragonTail,Leo,8,誇りと支配の葛藤,誇りや支配欲が関係に出やすい配置です,強い精神力,支配欲,信頼を育てる,研究分野活躍,深い関係,80,過去傾向|支配|誇り
DragonTail,Leo,9,信念を誇りとして守る癖,信念や思想に誇りを持ちやすい配置です,信念力,独善性,柔軟思考,教育思想分野活躍,思想関係,78,過去傾向|思想|誇り
DragonTail,Leo,10,社会的誇りへの執着,社会的評価や名誉を強く意識する傾向があります,成功意識,名誉執着,謙虚さを持つ,経営分野活躍,尊敬関係,82,過去傾向|社会|名誉
DragonTail,Leo,11,仲間内で中心になりやすい癖,仲間関係でも中心人物になりやすい傾向があります,カリスマ性,自己中心的関係,協力関係を学ぶ,コミュニティ分野活躍,中心人物関係,80,過去傾向|仲間|中心
DragonTail,Leo,12,誇りを内面に抱える癖,内面で強い誇りや理想を抱えやすい配置です,精神的誇り,孤立傾向,共感関係を持つ,創作分野活躍,精神関係,78,過去傾向|精神|誇り
DragonTail,Virgo,1,自己分析の癖,自分を分析しすぎる傾向があります,観察力,自己批判,自己受容,研究分野活躍,理性的関係,78,過去傾向|分析|自己
DragonTail,Virgo,2,価値を細かく評価する癖,価値や物事を細かく分析しすぎる傾向があります,分析能力,批判思考,全体を見る,管理分野活躍,理性的関係,78,過去傾向|価値|分析
DragonTail,Virgo,3,細かい言葉遣いの癖,細かい説明や分析をしすぎる傾向があります,説明力,批判的発言,共感対話,教育分野活躍,知的関係,78,過去傾向|対話|分析
DragonTail,Virgo,4,家庭内での細かな管理癖,家庭でも細かく管理しやすい傾向があります,整理能力,神経質,寛容さを持つ,生活管理分野活躍,管理家庭関係,80,過去傾向|家庭|管理
DragonTail,Virgo,5,創造にも分析を持ち込む癖,創造活動でも分析的になりすぎる傾向があります,計画的創造,自由不足,感性を育てる,研究芸術分野活躍,理性的恋愛,78,過去傾向|創造|分析
DragonTail,Virgo,6,完璧主義の仕事傾向,仕事で完璧を求めすぎる傾向があります,高い実務能力,過労や神経質,柔軟性を持つ,専門職活躍,信頼職場関係,82,過去傾向|仕事|完璧
DragonTail,Virgo,7,関係を分析しすぎる癖,対人関係でも相手を分析しすぎる傾向があります,冷静な観察力,批判的態度,共感を意識する,相談分析分野活躍,理性的関係,78,過去傾向|対人|分析
DragonTail,Virgo,8,心理を細かく分析する癖,人の心理や関係を細かく分析しすぎる傾向があります,洞察力,疑念や神経質,信頼を意識する,心理研究分野活躍,深い関係,80,過去傾向|心理|分析
DragonTail,Virgo,9,思想を整理しすぎる癖,思想や哲学を理屈で整理しすぎる傾向があります,論理思考力,柔軟性不足,感性を取り入れる,教育研究分野活躍,知的関係,78,過去傾向|思想|分析
DragonTail,Virgo,10,社会的評価を気にする癖,社会の中で評価や役割を強く意識しすぎる傾向があります,責任感,評価への不安,自己受容を育てる,管理専門職活躍,信頼関係,80,過去傾向|社会|評価
DragonTail,Virgo,11,仲間関係を管理する癖,仲間関係でも整理や管理をしすぎる傾向があります,調整能力,細かい干渉,自由を尊重する,組織運営分野活躍,仲間関係,78,過去傾向|仲間|管理
DragonTail,Virgo,12,内面を分析し続ける癖,自分の内面を分析しすぎて悩みやすい傾向があります,内省力,思考過多,感覚を信じる,研究創作分野活躍,精神関係,78,過去傾向|精神|分析
DragonTail,Libra,1,他者基準で自分を決める癖,周囲との調和や評価を優先して自分の意思を後回しにしやすい配置です,協調力,自己決定の弱さ,自分の意思を意識する,交渉調整分野で活躍,相手優先関係になりやすい,80,過去傾向|調和|依存
DragonTail,Libra,2,他者評価を価値基準にする癖,自分の価値を他人の評価で判断しやすい傾向があります,対人バランス力,評価依存,自己価値を育てる,接客分野で活躍,承認関係,78,過去傾向|価値|評価
DragonTail,Libra,3,意見を合わせる会話癖,自分の意見よりも相手の意見を優先しやすい配置です,柔軟な対話力,主体性不足,率直な意見を言う,教育交渉分野活躍,調和会話関係,78,過去傾向|対話|調和
DragonTail,Libra,4,家庭内で調整役になりやすい癖,家庭でも対立を避け調整役になりやすい配置です,家庭調整力,自己抑制,自分の感情を表現,家庭相談分野活躍,調和家庭関係,78,過去傾向|家庭|調整
DragonTail,Libra,5,恋愛で相手に合わせる癖,恋愛で相手の好みに合わせすぎる傾向があります,魅力ある対人感覚,自己抑制恋愛,自分の意思を持つ,芸術分野活躍,調和恋愛,80,過去傾向|恋愛|依存
DragonTail,Libra,6,職場で周囲に合わせる癖,職場で自分の意見を控え周囲に合わせやすい配置です,協調力,主体性不足,意見を表現する,チーム職活躍,調和職場関係,78,過去傾向|仕事|調和
DragonTail,Libra,7,関係依存の傾向,パートナー関係に強く依存しやすい配置です,対人魅力,依存関係,自立を意識する,パートナー事業活躍,依存関係,82,過去傾向|対人|依存
DragonTail,Libra,8,関係のバランスに執着,関係のバランスや公平性を強く意識しすぎる傾向があります,公平感覚,優柔不断,決断力を育てる,法律分野活躍,深い関係調整,80,過去傾向|関係|公平
DragonTail,Libra,9,思想でも調和を優先,思想でも対立を避け調和を優先しやすい傾向があります,バランス思想,主体性不足,信念を持つ,教育分野活躍,穏やかな思想関係,78,過去傾向|思想|調和
DragonTail,Libra,10,社会評価に合わせる癖,社会での評価や評判を強く意識する傾向があります,社会適応力,評価依存,自分基準を持つ,外交分野活躍,社会調和関係,80,過去傾向|社会|評価
DragonTail,Libra,11,仲間の意見を優先する癖,仲間の意見に合わせすぎる傾向があります,協力関係力,主体性不足,意見を言う,コミュニティ分野活躍,仲間調和関係,78,過去傾向|仲間|調和
DragonTail,Libra,12,対立回避の内面傾向,対立を避けるため感情を抑えやすい配置です,平和志向,自己抑制,本音を認識する,芸術分野活躍,精神調和関係,78,過去傾向|精神|調和
DragonTail,Scorpio,1,強い警戒心の癖,人や状況に対して強い警戒心を持ちやすい配置です,洞察力,疑念心,信頼を育てる,研究分野活躍,警戒関係,80,過去傾向|警戒|心理
DragonTail,Scorpio,2,失う不安への執着,価値や所有を失う不安を強く感じやすい傾向があります,危機察知能力,執着心,安心感を育てる,金融分野活躍,執着関係,82,過去傾向|執着|価値
DragonTail,Scorpio,3,深読みの思考癖,人の言葉や行動を深読みしすぎる傾向があります,洞察力,疑念思考,率直な理解,心理研究分野活躍,深い会話関係,80,過去傾向|思考|洞察
DragonTail,Scorpio,4,家庭内で感情を溜め込む癖,家庭で感情を溜め込みやすい傾向があります,深い愛情,感情抑圧,感情表現を学ぶ,心理分野活躍,深い家庭関係,80,過去傾向|家庭|感情
DragonTail,Scorpio,5,激しい恋愛傾向,恋愛で感情が激しくなりやすい配置です,情熱的愛情,嫉妬心,信頼関係を築く,芸術分野活躍,激しい恋愛,82,過去傾向|恋愛|情熱
DragonTail,Scorpio,6,仕事への執着,仕事や役割に強く執着しやすい傾向があります,集中力,執着心,柔軟性を持つ,研究職活躍,強い責任関係,80,過去傾向|仕事|執着
DragonTail,Scorpio,7,深い依存関係の癖,対人関係で強い依存や支配が出やすい配置です,深い関係力,依存支配,対等関係を学ぶ,共同事業活躍,強い依存関係,82,過去傾向|対人|依存
DragonTail,Scorpio,8,心理支配の傾向,心理的に相手を支配しようとする傾向があります,洞察力,支配欲,信頼を学ぶ,心理研究分野活躍,深い関係,80,過去傾向|支配|心理
DragonTail,Scorpio,9,極端思想の癖,思想や信念が極端になりやすい傾向があります,強い信念,極端思考,柔軟性を持つ,研究思想分野活躍,思想関係,78,過去傾向|思想|極端
DragonTail,Scorpio,10,社会的権力への執着,社会での影響力や権力に執着しやすい傾向があります,影響力,支配志向,協力を学ぶ,政治研究分野活躍,権力関係,82,過去傾向|社会|権力
DragonTail,Scorpio,11,仲間関係での支配傾向,仲間関係でも主導権を握ろうとする傾向があります,カリスマ性,支配傾向,対等関係を学ぶ,団体活動分野活躍,強い仲間関係,80,過去傾向|仲間|支配
DragonTail,Scorpio,12,内面に強い感情を抱える癖,内面で強い感情や執着を抱え込みやすい配置です,精神集中力,感情抑圧,感情整理,研究分野活躍,精神関係,78,過去傾向|精神|執着
DragonTail,Sagittarius,1,信念優先の行動癖,自分の信念を優先して行動しやすい配置です,行動的理想主義,独断行動,柔軟思考,教育分野活躍,思想関係,80,過去傾向|信念|行動
DragonTail,Sagittarius,2,理想を価値にする癖,理想や理念を価値の中心に置きやすい傾向があります,理想志向,現実軽視,現実価値を意識する,教育出版分野活躍,思想関係,78,過去傾向|価値|理想
DragonTail,Sagittarius,3,断定的発言の癖,自分の考えを断定的に言いやすい配置です,説得力ある発言,押し付け発言,対話意識,教育分野活躍,思想議論関係,78,過去傾向|対話|信念
DragonTail,Sagittarius,4,家庭内で理想を押し付ける癖,家庭でも理想や価値観を強く示す傾向があります,理想志向家庭,押し付け傾向,共感理解,教育家庭分野活躍,思想家庭関係,78,過去傾向|家庭|理想
DragonTail,Sagittarius,5,自由恋愛志向の癖,恋愛でも自由や理想を優先しやすい配置です,自由恋愛力,責任不足,現実的関係,芸術旅行分野活躍,自由恋愛,80,過去傾向|恋愛|自由
DragonTail,Sagittarius,6,理想優先の働き方,理想を優先して現実作業を軽視しやすい傾向があります,理想志向,実務軽視,現実行動,教育国際分野活躍,自由職場関係,78,過去傾向|仕事|理想
DragonTail,Sagittarius,7,思想中心の関係,思想や価値観で関係を作りやすい傾向があります,思想共有力,現実関係不足,現実交流,教育出版分野活躍,思想関係,80,過去傾向|対人|思想
DragonTail,Sagittarius,8,思想的支配の癖,思想や信念で相手を導こうとする傾向があります,指導力,押し付け思想,理解を重視,宗教思想分野活躍,深い思想関係,78,過去傾向|思想|支配
DragonTail,Sagittarius,9,信念への固執,信念や思想を変えにくい傾向があります,強い信念力,柔軟性不足,異文化理解,教育思想分野活躍,思想関係,80,過去傾向|思想|信念
DragonTail,Sagittarius,10,理想的成功像への固着,理想的成功像を追い続ける傾向があります,理想追求力,現実軽視,段階的努力,教育国際分野活躍,尊敬関係,80,過去傾向|社会|理想
DragonTail,Sagittarius,11,理想仲間関係の癖,理想や理念で仲間関係を作りやすい配置です,理想共有力,現実不足,実務関係,社会活動分野活躍,思想仲間関係,78,過去傾向|仲間|理想
DragonTail,Sagittarius,12,精神理想への逃避傾向,精神世界や理想に逃避しやすい傾向があります,精神探求力,現実逃避,現実行動,宗教哲学分野活躍,精神関係,78,過去傾向|精神|理想
DragonTail,Capricorn,1,責任を背負いすぎる癖,幼い頃から責任や義務を強く意識する傾向が出やすい配置です,強い責任感,自己抑圧,自分を労わる,管理分野活躍,信頼関係,80,過去傾向|責任|自制
DragonTail,Capricorn,2,努力を価値とする癖,努力や成果を価値の中心に置きやすい傾向があります,努力継続力,物質主義,精神価値を育てる,金融管理分野活躍,堅実関係,80,過去傾向|価値|努力
DragonTail,Capricorn,3,現実的思考の強さ,現実的で実務的な思考を持ちやすい配置です,計画思考力,柔軟性不足,直感を取り入れる,研究分野活躍,理性関係,78,過去傾向|思考|現実
DragonTail,Capricorn,4,家庭でも責任を抱える癖,家庭内でも責任を背負いやすい傾向があります,家庭責任力,重圧,安心を大切にする,家庭管理分野活躍,責任家庭関係,80,過去傾向|家庭|責任
DragonTail,Capricorn,5,努力型の創造,楽しみより努力で創造する傾向があります,努力創造力,遊び不足,楽しみを意識する,芸術教育分野活躍,堅実恋愛,78,過去傾向|創造|努力
DragonTail,Capricorn,6,働きすぎる癖,責任感から働きすぎる傾向があります,実務能力,過労,休息を意識,専門職活躍,信頼職場関係,82,過去傾向|仕事|責任
DragonTail,Capricorn,7,責任関係を作りやすい癖,対人関係でも責任を背負いやすい配置です,誠実関係力,関係負担,対等関係,共同事業活躍,長期関係,80,過去傾向|対人|責任
DragonTail,Capricorn,8,権力や構造への関心,社会構造や権力に関心を持ちやすい傾向があります,構造理解力,権力志向,倫理意識,政治研究分野活躍,深い関係,80,過去傾向|権力|構造
DragonTail,Capricorn,9,現実思想の癖,現実的思想を重視しやすい傾向があります,実務哲学力,理想不足,理想を持つ,教育政策分野活躍,思想関係,78,過去傾向|思想|現実
DragonTail,Capricorn,10,社会成功への執着,社会的成功を強く意識する傾向があります,成功志向,成功執着,人間性重視,経営政治分野活躍,尊敬関係,82,過去傾向|社会|成功
DragonTail,Capricorn,11,組織的理想の癖,理想を組織の中で実現しようとする傾向があります,組織運営力,独裁傾向,協調意識,団体分野活躍,仲間関係,78,過去傾向|理想|組織
DragonTail,Capricorn,12,責任を内面に抱える癖,責任感や義務を内面に抱え込みやすい配置です,忍耐力,孤独感,助けを求める,研究精神分野活躍,静かな関係,78,過去傾向|精神|責任
DragonTail,Aquarius,1,個性優先の自己表現,独自性を強く表現しやすい配置です,革新力,孤立傾向,協力意識,IT研究分野活躍,自由関係,80,過去傾向|個性|独立
DragonTail,Aquarius,2,独自価値観の癖,自分独自の価値観を持ちやすい傾向があります,未来思考力,現実軽視,現実価値を育てる,IT金融分野活躍,自由関係,78,過去傾向|価値|独自
DragonTail,Aquarius,3,独特な思考パターン,独特な発想や思考を持ちやすい配置です,発明思考力,奇抜思考,実用性を意識,研究教育分野活躍,知的関係,78,過去傾向|思考|革新
DragonTail,Aquarius,4,家庭で自由を求める癖,家庭でも自由や独立を求めやすい傾向があります,独立家庭力,距離感,協力意識,生活改革分野活躍,自由家庭関係,78,過去傾向|家庭|自由
DragonTail,Aquarius,5,独創的創造の癖,独創的な創造や表現を好む配置です,独創力,奇抜すぎる表現,調整意識,芸術IT分野活躍,自由恋愛,80,過去傾向|創造|独創
DragonTail,Aquarius,6,独自の働き方の癖,独自のやり方で仕事を進めやすい傾向があります,改革力,協調不足,協働意識,IT技術分野活躍,協働関係,78,過去傾向|仕事|独立
DragonTail,Aquarius,7,自由関係志向の癖,自由で距離感ある関係を好む傾向があります,平等関係力,距離感過多,感情共有,共同事業成功,自由関係,80,過去傾向|対人|自由
DragonTail,Aquarius,8,社会変革志向,社会変革や研究に興味を持ちやすい配置です,社会洞察力,極端思想,現実意識,研究社会分野活躍,深い信頼関係,78,過去傾向|変革|社会
DragonTail,Aquarius,9,未来思想の癖,未来志向の思想を持ちやすい配置です,未来思想力,現実離れ,実践意識,教育研究分野活躍,思想関係,78,過去傾向|思想|未来
DragonTail,Aquarius,10,社会改革志向,社会改革や革新を目指しやすい配置です,改革志向,反体制過剰,協力意識,政治社会分野活躍,社会関係,80,過去傾向|社会|改革
DragonTail,Aquarius,11,未来理想の癖,未来理想を追求しやすい傾向があります,理想革新力,理想過多,現実意識,社会活動分野活躍,仲間関係,78,過去傾向|理想|未来
DragonTail,Aquarius,12,精神自由志向,精神的自由を強く求める配置です,精神自由力,孤立傾向,共感意識,芸術研究分野活躍,精神関係,78,過去傾向|精神|自由
DragonTail,Pisces,1,共感過多の自己表現,共感しすぎて自分を見失いやすい配置です,共感力,境界曖昧,自己境界を持つ,芸術癒し分野活躍,共感関係,80,過去傾向|共感|感受性
DragonTail,Pisces,2,精神価値中心の癖,精神的価値を重視しすぎる傾向があります,精神理解力,現実軽視,現実価値を育てる,芸術分野活躍,共感関係,78,過去傾向|価値|精神
DragonTail,Pisces,3,感受性豊かな思考,感覚的思考を持ちやすい配置です,感受性,混乱思考,整理意識,芸術教育分野活躍,優しい関係,78,過去傾向|思考|感受
DragonTail,Pisces,4,癒し家庭志向,家庭で癒し役になりやすい配置です,癒し力,依存関係,自立意識,福祉教育分野活躍,温かい家庭関係,78,過去傾向|家庭|癒し
DragonTail,Pisces,5,幻想的創造,幻想的創造に惹かれやすい傾向があります,芸術感性,現実逃避,現実意識,芸術分野活躍,ロマン関係,80,過去傾向|創造|幻想
DragonTail,Pisces,6,自己犠牲的奉仕,奉仕や献身に偏りやすい配置です,献身力,自己犠牲,自分も大切にする,医療福祉分野活躍,支援関係,80,過去傾向|仕事|奉仕
DragonTail,Pisces,7,共感依存関係,共感関係に依存しやすい傾向があります,理解関係力,依存関係,自立意識,カウンセリング分野活躍,深い関係,82,過去傾向|対人|共感
DragonTail,Pisces,8,精神変容体験の癖,精神的変容や深い感情体験をしやすい配置です,洞察力,感情混乱,冷静意識,心理研究分野活躍,深い関係,80,過去傾向|変容|精神
DragonTail,Pisces,9,精神思想の癖,精神世界や哲学思想に惹かれやすい傾向があります,精神理解力,現実逃避,現実行動,宗教哲学分野活躍,精神関係,78,過去傾向|思想|精神
DragonTail,Pisces,10,共感社会志向,共感や奉仕を社会で表現しやすい配置です,慈愛力,責任回避,責任意識,福祉医療分野活躍,信頼関係,80,過去傾向|社会|共感
DragonTail,Pisces,11,理想共感仲間関係,共感的理想を共有する仲間関係を作りやすい配置です,理想共感力,理想過多,現実意識,社会活動分野活躍,仲間関係,78,過去傾向|仲間|理想
DragonTail,Pisces,12,精神世界への傾倒,精神世界や内面世界に強く惹かれやすい配置です,精神探求力,現実逃避,現実意識,ヒーリング研究分野活躍,精神関係,78,過去傾向|精神|探求
