planet,sign,テーマ,核となる意味,長所,注意点,対人での出方,仕事での出方,成長のコツ
Sun,Aries,自我と行動力,主体的に行動し人生を切り開こうとする自己表現,行動力が強い リーダーシップ 開拓精神,衝動的 自己中心的になりやすい,率先して物事を進める主導型,起業 新規プロジェクトで力を発揮,行動前に目的を整理する
Sun,Taurus,安定と感覚,安定した価値や物質的基盤を重視する自己表現,忍耐力 継続力 現実感覚,変化を避けすぎる 頑固,安心感を与える安定型,資産 物質価値を扱う仕事で強い,柔軟性を意識する
Sun,Gemini,知性と交流,情報交換や学びを通して自己を表現する,知的好奇心 コミュ力 柔軟性,集中力が散漫 表面的,軽快に人とつながる,情報 文章 営業で活躍,一つのテーマを深める
Sun,Cancer,感情と保護,身近な人や安心できる環境を守る自己意識,共感力 保護力 家族愛,感情的 内向的になりすぎる,身内を守る世話役,福祉 教育 ケア分野で力を発揮,自立した境界を持つ
Sun,Leo,創造と誇り,自分の個性や創造性を堂々と表現する,カリスマ 創造力 表現力,プライド過剰 承認欲求,中心人物として場を明るくする,表現 芸術 リーダー職,評価より自己表現を重視
Sun,Virgo,分析と改善,役に立つことや改善を通して自己価値を示す,分析力 実務力 誠実,完璧主義 批判的,細やかにサポートする,品質管理 医療 研究で活躍,完璧より進行を優先
Sun,Libra,調和と関係,人との関係性やバランスの中で自己を表現,社交性 バランス感覚 美意識,優柔不断 他者依存,調整役として信頼される,交渉 デザイン 人事で活躍,自分の意思を明確にする
Sun,Scorpio,深層と変容,深い感情や本質的変化を通して自己を確立,洞察力 集中力 強い意志,執着 支配的,深い信頼関係を築く,研究 心理 投資で力を発揮,執着を手放す
Sun,Sagittarius,探求と自由,理想や真理を追求することで人生を広げる,楽観性 探求心 行動力,無計画 極端,自由な関係性を好む,教育 旅行 出版で活躍,理想を具体化する
Sun,Capricorn,責任と達成,社会的成果や責任を通して自己を確立,責任感 計画性 忍耐,悲観的 仕事中心,信頼される実務型,経営 管理 職人分野で成功,長期視点を保つ
Sun,Aquarius,革新と独立,独自の視点で社会や未来に貢献する,独創性 客観性 改革力,孤立 反骨的,フラットな関係を好む,IT 研究 社会改革分野,現実との接点を持つ
Sun,Pisces,共感と想像,共感力や精神性を通して自己を表現,共感力 芸術性 想像力,境界が曖昧 逃避,包み込むような関係性,芸術 癒し 分野で活躍,現実的な基盤を持つ
Moon,Aries,衝動的感情,感情が瞬発的に動きやすい,行動的 情熱的,短気 衝動的,率直な感情表現,スピード感ある環境で力を出す,感情を一度整理する
Moon,Taurus,安定した感情,安心できる環境を求める感情,安定 忍耐 心地よさ,変化に弱い,安心感を与える,安定環境で能力発揮,柔軟性を持つ
Moon,Gemini,知的感情,情報や会話で感情が動く,適応力 会話力,落ち着きがない,軽快な交流,情報系仕事で活躍,感情を深く理解
Moon,Cancer,家庭的感情,家族や身近な人に感情が強く向く,共感力 保護力,過敏 依存,家族的関係を築く,ケア職で力を発揮,感情の境界を作る
Moon,Leo,表現的感情,感情をドラマティックに表現する,表現力 温かさ,承認欲求,明るいムードメーカー,表現仕事で活躍,内面的満足を重視
Moon,Virgo,整理する感情,感情を整理し実務的に対応する,分析力 誠実,心配性 批判的,サポート型,実務能力が高い,自己肯定感を育てる
Moon,Libra,調和的感情,人間関係のバランスで感情が安定,社交性 協調性,優柔不断,調停役,チーム仕事で活躍,自分の本音を知る
Moon,Scorpio,深い感情,感情が深く強く動く,洞察 忠誠心,執着 極端,深い絆を求める,研究心理で力を発揮,感情を客観視
Moon,Sagittarius,自由な感情,広い世界への関心が感情を刺激,楽観性 冒険心,飽きやすい,自由な関係,教育旅行分野で活躍,継続力を養う
Moon,Capricorn,抑制的感情,感情を抑え責任を優先する,責任感 忍耐,感情抑圧,信頼される存在,管理仕事で安定,感情を表現する
Moon,Aquarius,理性的感情,感情より理性や友情を重視,客観性 独立,距離感が冷たい,友情型関係,革新仕事に向く,感情理解を深める
Moon,Pisces,共感的感情,他人の感情に共鳴しやすい,共感力 想像力,境界が曖昧,癒し型関係,芸術福祉分野で活躍,境界線を作る
Mercury,Aries,直感と思考の速さ,思考や発言が速く直接的で決断力のある知性,判断が速い 行動的 発言が明確,短絡的 衝動発言,率直でストレートな会話,営業 起業 企画で強い,話す前に整理する
Mercury,Taurus,安定した思考,実用的で現実的な思考を重視する知性,継続力 現実性 信頼性,柔軟性不足 頑固,落ち着いた会話,経理 企画 実務管理で活躍,新しい視点を取り入れる
Mercury,Gemini,情報と会話,情報収集や会話能力に優れた知性,情報処理力 会話力 学習力,集中力不足 表面的,軽快なコミュニケーション,営業 メディア 教育で活躍,専門性を深める
Mercury,Cancer,感情的思考,感情や記憶を重視した思考スタイル,記憶力 共感力,主観的 感情的判断,思いやりのある会話,教育 カウンセリングで活躍,感情と事実を分ける
Mercury,Leo,表現的知性,自己表現を重視した思考と発言,表現力 説得力 カリスマ,自己主張過多,ドラマティックな話し方,プレゼン 教育 表現分野,他者の意見を尊重
Mercury,Virgo,分析的知性,分析力と論理性を重視した思考,分析力 正確性 実務能力,批判的 完璧主義,細かく丁寧な説明,研究 医療 ITで活躍,全体視点を持つ
Mercury,Libra,調整思考,バランスや関係性を重視する思考,交渉力 客観性 社交性,優柔不断,調整役として会話,交渉 法律 人事で活躍,自分の意見を持つ
Mercury,Scorpio,洞察思考,深い洞察力を持つ集中型思考,洞察力 集中力,疑念 深読み,核心を突く会話,研究 心理 投資分野,柔軟な視点を持つ
Mercury,Sagittarius,哲学的思考,大きな視点で物事を考える思考,理想 vision 発想力,大雑把,自由な議論,教育 出版 研究,具体化する
Mercury,Capricorn,戦略思考,計画的で現実的な思考,計画力 判断力 責任感,悲観的,現実的な助言,経営 管理 戦略分野,柔軟性を持つ
Mercury,Aquarius,革新的思考,独創的で未来志向の思考,独創性 客観性 発想力,反骨的,ユニークな会話,IT 研究 社会改革,実用性を意識
Mercury,Pisces,直感思考,感覚的でイメージ中心の思考,想像力 共感力,曖昧 混乱,感情的な会話,芸術 福祉 カウンセリング,言語化を意識
Venus,Aries,情熱的愛情,恋愛や好みが情熱的で直感的,情熱 行動力,短期的 衝動的恋愛,積極的にアプローチ,営業 表現仕事で魅力,忍耐を学ぶ
Venus,Taurus,安定した愛情,心地よさや物質的豊かさを好む愛情,安定感 感覚的魅力,所有欲,安心感ある関係,美容 芸術 資産分野,変化を受け入れる
Venus,Gemini,知的愛情,会話や知的交流を楽しむ恋愛,会話力 柔軟性,浮気性,軽快な関係,広告 メディアで活躍,深い関係を育てる
Venus,Cancer,家庭的愛情,家庭的で献身的な愛情,優しさ 献身性,依存,保護的関係,福祉 教育,自立心を持つ
Venus,Leo,華やかな愛情,ドラマティックで表現豊かな愛情,魅力 表現力,承認欲求,ロマンチック関係,芸術 エンタメ,相手尊重
Venus,Virgo,献身的愛情,相手を助ける実務的愛情,誠実 細やかさ,批判的,サポート型関係,医療 サービス,寛容さを持つ
Venus,Libra,調和の愛情,美やバランスを重視する愛情,社交性 美意識,優柔不断,理想的パートナーシップ,デザイン 接客,自分の価値を持つ
Venus,Scorpio,深い愛情,強烈で深い愛情と結びつき,情熱 忠誠,独占欲,深い関係,心理 研究 投資,執着を手放す
Venus,Sagittarius,自由な愛情,自由で理想を重視する恋愛観,自由 楽観,束縛嫌い,友達のような恋愛,教育 旅行,責任を学ぶ
Venus,Capricorn,現実的愛情,安定した長期関係を望む愛情,責任感 忠実,感情表現不足,堅実な関係,経営 管理,感情を表現
Venus,Aquarius,友情的愛情,友情のような自由な恋愛,個性 独立,距離感,対等関係,IT 企画,感情理解
Venus,Pisces,献身的愛情,ロマンチックで無条件の愛,共感力 芸術性,理想化,癒し関係,芸術 福祉,境界を持つ
Mars,Aries,行動と闘志,行動力が非常に強く挑戦的,勇気 スピード,衝動的,積極的リーダー,スポーツ 起業,計画性
Mars,Taurus,粘り強い行動,粘り強く持続する行動力,忍耐 継続力,頑固,安定した協力者,農業 職人分野,柔軟性
Mars,Gemini,知的行動,頭脳的に行動する,機動力 会話力,散漫,軽快な協力,営業 IT,集中
Mars,Cancer,守る行動,守るための行動力,保護力,感情的行動,家族守る,福祉 教育,客観性
Mars,Leo,誇りの行動,堂々とした自己表現的行動,カリスマ,自己中心,主導型,芸術 経営,協調
Mars,Virgo,効率行動,効率的で計画的な行動,分析力,細かすぎる,実務協力,研究 医療,全体視点
Mars,Libra,協力行動,協力や戦略で行動,外交力,優柔不断,協調型,交渉 法律,決断
Mars,Scorpio,集中行動,非常に強い意志と集中力,執念 洞察,執着,強い結びつき,研究 投資,柔軟
Mars,Sagittarius,冒険行動,自由で冒険的な行動,行動力 楽観,無計画,自由関係,教育 旅行,計画
Mars,Capricorn,達成行動,目標達成型の行動,努力 忍耐,仕事中心,信頼型,経営 管理,休息
Mars,Aquarius,改革行動,独創的で社会的な行動,独創性 改革力,反骨,自由関係,IT 科学,実行力
Mars,Pisces,感覚行動,感覚や共感に基づく行動,共感 芸術性,曖昧,柔軟関係,芸術 福祉,現実性
Jupiter,Aries,挑戦による拡大,挑戦を通じて成長する,行動力 成長力,無謀,刺激関係,起業 企画,長期視点
Jupiter,Taurus,豊かさの拡大,物質的豊かさの拡大,安定 成果,停滞,安心関係,金融 資産,変化
Jupiter,Gemini,知識拡大,知識や交流が拡大,学習力,浅い理解,社交関係,教育 メディア,専門性
Jupiter,Cancer,家庭拡大,家庭や感情面の成長,保護力,過保護,家族関係,教育 福祉,自立
Jupiter,Leo,創造拡大,創造性の拡大,表現力,自己中心,華やか関係,芸術 エンタメ,謙虚
Jupiter,Virgo,改善拡大,実務能力の成長,分析力,細部執着,サポート関係,医療 研究,全体視点
Jupiter,Libra,関係拡大,人間関係の拡大,社交性,依存,広い人脈,外交 デザイン,主体性
Jupiter,Scorpio,深層拡大,深い理解の拡大,洞察力,極端,深い絆,研究 投資,バランス
Jupiter,Sagittarius,理想拡大,哲学や理想の拡大,楽観 探求,誇張,自由関係,教育 出版,現実性
Jupiter,Capricorn,社会拡大,社会的成功の拡大,責任感,仕事中心,信頼関係,経営 管理,柔軟
Jupiter,Aquarius,未来拡大,未来志向の思想拡大,独創性,理想過多,対等関係,科学 IT,現実化
Jupiter,Pisces,精神拡大,精神的成長,共感力,逃避,癒し関係,福祉 芸術,境界
Saturn,Aries,自己確立の試練,自己主張と行動の課題,忍耐 自制,自信不足,慎重関係,起業訓練,勇気
Saturn,Taurus,物質努力,物質面の努力課題,忍耐 継続,欠乏意識,安定関係,資産形成,柔軟
Saturn,Gemini,知識努力,知識面の課題,思考力,不安,慎重会話,教育 研究,表現
Saturn,Cancer,家庭責任,家庭責任の課題,保護力,感情抑圧,責任関係,福祉 教育,感情理解
Saturn,Leo,自己表現試練,自己表現の課題,努力家,自信不足,慎重表現,芸術 訓練,自己肯定
Saturn,Virgo,義務試練,仕事や義務の課題,実務力,完璧主義,信頼関係,医療 管理,余裕
Saturn,Libra,関係責任,人間関係の責任,公平性,対人不安,責任ある関係,法律 外交,自己主張
Saturn,Scorpio,心理試練,心理的試練と変容,洞察力,恐れ,深い関係,研究 心理,信頼
Saturn,Sagittarius,信念試練,信念や思想の試練,哲学力,悲観,議論関係,教育 研究,柔軟
Saturn,Capricorn,社会責任,社会的責任と努力,忍耐力,孤独,信頼関係,経営 管理,休息
Saturn,Aquarius,社会改革責任,社会改革の課題,理想,孤立,対等関係,科学 社会活動,現実
Saturn,Pisces,精神課題,精神的責任や境界課題,共感力,逃避,癒し関係,福祉 芸術,境界
Uranus,Aries,自己革新,急激な自己変革,独立 革新,衝動,刺激関係,起業 技術,安定
Uranus,Taurus,価値革命,価値観や経済の革新,改革力,混乱,自由関係,金融 技術,柔軟
Uranus,Gemini,情報革命,情報や通信の革新,発想力,散漫,刺激会話,IT メディア,集中
Uranus,Cancer,家庭改革,家庭や感情の変革,自由,不安定,独特関係,教育 福祉,安定
Uranus,Leo,創造革命,創造や表現の革命,独創性,極端,個性的関係,芸術 IT,協調
Uranus,Virgo,仕事革新,仕事方法の革新,技術力,神経質,合理関係,IT 研究,柔軟
Uranus,Libra,関係改革,関係の革新,独立性,不安定,自由恋愛,社会活動,安定
Uranus,Scorpio,深層革命,心理や深層の革命,洞察力,極端,深い変化,研究 科学,バランス
Uranus,Sagittarius,思想革命,思想や哲学の革命,自由思想,過激,自由関係,教育 出版,現実
Uranus,Capricorn,社会構造革命,社会構造の改革,改革力,破壊的,距離関係,政治 経営,持続
Uranus,Aquarius,未来革命,未来社会の革新,天才性,孤立,友愛関係,科学 IT,現実化
Uranus,Pisces,精神革命,精神世界の革新,直感力,混乱,神秘関係,芸術 福祉,現実
Neptune,Aries,理想衝動,理想や直感に突き動かされる衝動,情熱 想像力,衝動,情熱関係,芸術 起業,現実
Neptune,Taurus,美的理想,美や感覚の理想,芸術性,幻想,穏やか関係,芸術 美容,現実価値
Neptune,Gemini,言葉幻想,言葉や情報の幻想,想像力,混乱,夢的会話,文学 芸術,明確化
Neptune,Cancer,感情共鳴,感情や家庭への共感,共感力,依存,癒し関係,福祉 芸術,境界
Neptune,Leo,創造幻想,創造的理想や幻想,芸術性,誇張,ロマン関係,芸術 表現,現実
Neptune,Virgo,奉仕理想,理想的奉仕,献身,自己犠牲,支援関係,医療 福祉,境界
Neptune,Libra,理想愛,理想的な関係性,美意識,理想化,ロマン関係,芸術 外交,現実
Neptune,Scorpio,神秘変容,神秘的な深層変容,洞察力,極端,神秘関係,研究 芸術,現実
Neptune,Sagittarius,精神探求,哲学や宗教の理想探求,精神性,理想過多,思想関係,宗教 教育,現実
Neptune,Capricorn,社会理想,社会構造の理想,ビジョン,幻想,距離関係,社会活動,現実
Neptune,Aquarius,理想社会思想,博愛的未来思想,理想主義,非現実,友情関係,社会運動,実行
Neptune,Pisces,精神共鳴,精神的共鳴や神秘性,共感力,境界喪失,癒し関係,芸術 福祉,境界
Pluto,Aries,自己変革,根本的自己変革,強い意志,破壊衝動,強烈関係,起業 改革,制御
Pluto,Taurus,価値変革,価値構造の変化,資源力,執着,所有関係,金融 資産,手放し
Pluto,Gemini,情報変革,知識や通信の革命,知性,操作的,議論関係,IT 研究,倫理
Pluto,Cancer,家庭変革,家庭構造の変化,保護力,過干渉,深い関係,教育 福祉,自立
Pluto,Leo,創造権力,創造的力の変革,カリスマ,支配欲,強い魅力,芸術 経営,謙虚
Pluto,Virgo,構造改善,構造改革や改善,分析力,批判,厳格関係,医療 研究,柔軟
Pluto,Libra,関係再構築,関係や契約の変革,交渉力,支配,強い関係,法律 外交,対等
Pluto,Scorpio,完全変容,死と再生の完全変容,再生力,極端,深い結びつき,心理 研究,手放し
Pluto,Sagittarius,思想変革,思想や信念の変革,影響力,狂信,思想関係,教育 政治,柔軟
Pluto,Capricorn,社会再編,社会構造の根本変革,権力,支配,緊張関係,政治 経営,倫理
Pluto,Aquarius,社会革命,社会や未来の革命,改革力,過激,自由関係,科学 社会運動,調和
Pluto,Pisces,精神再生,集合意識や精神の再生,神秘力,逃避,精神関係,芸術 宗教,現実
