sign,house,count_min,theme_id,label,summary,main_text,work_text,relationship_text,caution_text,tags
Aries,1,3,aries_1h_stellium_initiative,自己始動と突破の集中,自分で動き道を切り開く力が人生全体で強く前面に出やすい集中配置です。,考えるより先に動くことで流れを作り出し人生を前進させやすい配置です。,仕事では新規立ち上げ先行突破即断即決が強みになりやすいでしょう。,対人面では率直さと勢いが魅力になりますが強引さに見えやすい面もあります。,急ぎすぎると周囲との摩擦や判断ミスが増えやすくなります。,stellium;Aries;1house;initiative;action;self
Taurus,1,3,taurus_1h_stellium_presence,安定感と存在感の集中,落ち着きと安定感を土台に自分の存在を確立していく集中配置です。,急がずぶれず自分のペースを守ることで人生を安定させやすい配置です。,仕事では継続力現実感覚品質維持で信頼を積み上げやすいでしょう。,対人面では安心感を与える存在になりやすい一方で頑固さが出やすい傾向があります。,変化を拒みすぎると成長機会を逃しやすくなります。,stellium;Taurus;1house;stability;presence;self
Gemini,1,3,gemini_1h_stellium_expression,知性と発信の集中,言葉や情報を通して自分を表現していく力が強く出やすい集中配置です。,学びながら話し動きながら考えることが人生の自然なリズムになりやすいです。,仕事では情報整理説明発信企画連携で力を発揮しやすいでしょう。,対人面では話しやすさと軽やかさが魅力になります。,考えが拡散しすぎると軸の弱さや落ち着きのなさにつながります。,stellium;Gemini;1house;communication;expression;self
Cancer,4,3,cancer_4h_stellium_nurture,安心基盤と養育の集中,心の安心や居場所づくりが人生全体で大きなテーマになりやすい集中配置です。,人を守ることと安心できる基盤を育てることが人生の中心になりやすいです。,仕事では支援育成福祉接客管理など人を支える分野で力を発揮しやすいでしょう。,対人面では深い愛着と面倒見の良さが強く出やすいです。,身内意識が強くなりすぎると閉鎖性や感情過多につながりやすくなります。,stellium;Cancer;4house;home;nurture;security
Leo,5,3,leo_5h_stellium_creativity,自己表現と創造性の集中,自分らしさを表現し創造的に生きることが人生全体の中心テーマになりやすい集中配置です。,楽しむこと見せること創ることが人生のエネルギー源になりやすいです。,仕事では企画表現演出教育発信リーダー役で存在感を発揮しやすいでしょう。,対人面では華やかさと温かさが魅力になります。,注目や評価への欲求が強まりすぎると不安定になりやすくなります。,stellium;Leo;5house;creativity;expression;joy
Virgo,6,3,virgo_6h_stellium_work_service,実務改善と奉仕の集中,実務改善奉仕を通じて自分の価値を形にしていく集中配置です。,細部を整え役に立つ形へ仕上げていくことが人生の中心テーマになりやすいです。,仕事では改善分析調整品質管理実務最適化で大きな力を発揮しやすいでしょう。,対人面では言葉より行動や配慮で愛情を示しやすい傾向があります。,完璧さを求めすぎると休息不足や自己批判が強まりやすくなります。,stellium;Virgo;6house;work;service;improvement
Libra,7,3,libra_7h_stellium_relationship,協調と対人調整の集中,人との関係性を通して自分の役割や価値を育てていく集中配置です。,対話調整協力を通じて人生が大きく展開しやすい配置です。,仕事では交渉仲介接客連携デザイン調整役で力を発揮しやすいでしょう。,対人面ではバランス感覚と気配りが大きな魅力になります。,相手に合わせすぎると自分の本音や主体性を見失いやすくなります。,stellium;Libra;7house;relationship;balance;cooperation
Scorpio,8,3,scorpio_8h_stellium_transformation,深い共有と変容の集中,深い関係性や共有領域を通じて人生が大きく変容していきやすい集中配置です。,表面的では済まないテーマに向き合い極端な体験を通して生まれ変わることが中心テーマになりやすいです。,仕事では研究心理金融危機管理調査再建など深く掘る分野で集中力を発揮しやすいでしょう。,対人面では親密さが深まるほど信頼と恐れの両方が強く出やすい傾向があります。,疑い執着支配欲が強まると関係も心も硬直しやすくなります。,stellium;Scorpio;8house;transformation;depth;shared_resources
Sagittarius,9,3,sagittarius_9h_stellium_exploration,探求と拡大の集中,学び探求思想の拡大を通して人生を広げていく集中配置です。,より広い視野と高い意味を求めて人生が展開しやすい配置です。,仕事では教育研究出版海外分野企画戦略など視野の広さを活かしやすいでしょう。,対人面では率直さと自由さが魅力になります。,理想や可能性が大きくなりすぎると現実の詰めが甘くなりやすいです。,stellium;Sagittarius;9house;exploration;learning;expansion
Capricorn,10,3,capricorn_10h_stellium_social_building,社会構築と達成の集中,責任達成社会的構築を通じて存在感を高めていく集中配置です。,時間をかけて実績を積み上げ社会の中で信頼される形を築くことが大きなテーマです。,仕事では管理組織運営制度設計長期プロジェクトで力を発揮しやすいでしょう。,対人面では役割意識が強く自然と責任を引き受けやすい傾向があります。,成果責任評価に偏りすぎると柔らかい感情表現が後回しになりやすくなります。,stellium;Capricorn;10house;career;authority;structure
Aquarius,11,3,aquarius_11h_stellium_network,未来志向とネットワークの集中,理想共有仲間との連携を通して未来志向の価値を形にしていく集中配置です。,個人だけで完結するよりも人や仕組みをつないで人生が展開しやすい配置です。,仕事では企画開発コミュニティ運営IT革新制度改善で力を発揮しやすいでしょう。,対人面ではフラットさと独自性が魅力になります。,距離を取りすぎると冷たさや孤立感につながりやすくなります。,stellium;Aquarius;11house;network;innovation;future
Pisces,12,3,pisces_12h_stellium_spiritual,感受性と内面世界の集中,感受性直感内面世界の深さが人生全体で強く前面に出やすい集中配置です。,見えない流れや心の奥にあるものを感じ取りながら人生が進みやすい配置です。,仕事では癒し支援芸術福祉研究裏方業務など繊細さを活かす分野で力を発揮しやすいでしょう。,対人面では共感力と受容性が強く出やすいです。,境界が曖昧になると他者の感情を抱え込みやすくなります。,stellium;Pisces;12house;sensitivity;inner;spiritual
Aries,10,3,aries_10h_stellium_leadership,社会的先導と突破の集中,社会の中で先頭に立ち自ら道を切り開く役割が強く出やすい集中配置です。,結果を待つより自分から仕掛けることで人生が大きく動きやすいです。,仕事では起業新規事業営業開拓プロジェクト推進で力を発揮しやすいでしょう。,対人面では頼もしさと勢いが魅力になります。,急ぎすぎると周囲を置き去りにしやすく対立が増えやすいです。,stellium;Aries;10house;leadership;career;initiative
Taurus,2,3,taurus_2h_stellium_value,価値構築と安定の集中,自分の価値資源生活基盤を着実に築くことが人生の中心テーマになりやすい集中配置です。,無理なく続けられる形で価値を積み上げていくことが重要になります。,仕事では資産管理品質維持実務継続制作など安定性を要する分野で力を発揮しやすいでしょう。,対人面では安心感と誠実さが魅力になります。,安心を求めすぎると保守的になり変化への対応が遅れやすくなります。,stellium;Taurus;2house;value;stability;resources
Gemini,3,3,gemini_3h_stellium_information,情報循環と学習の集中,情報知識コミュニケーションを循環させることが人生全体の中心テーマになりやすい集中配置です。,学び続け伝え続けることが人生を活性化させやすい配置です。,仕事では文章編集営業教育広報企画連携など情報を扱う分野で力を発揮しやすいでしょう。,対人面では話しやすさと機転が魅力になります。,関心が分散しすぎると深さや継続力が弱まりやすくなります。,stellium;Gemini;3house;information;learning;communication
Cancer,7,3,cancer_7h_stellium_bonding,情緒的結びつきの集中,人との情緒的なつながりを通して人生が展開しやすい集中配置です。,関係性の中で安心を育てながら自分の居場所を作ることが重要になります。,仕事では対人支援顧客対応育成ケア役で力を発揮しやすいでしょう。,対人面では深い愛着と守ろうとする姿勢が魅力になります。,相手への依存や身内意識が強すぎると関係が重くなりやすいです。,stellium;Cancer;7house;bonding;relationship;care
Leo,10,3,leo_10h_stellium_visibility,社会的存在感と表現の集中,社会の中で自分らしい存在感を発揮し認められることが大きなテーマになりやすい集中配置です。,表に立つこと見せること創ることが人生の推進力になりやすいです。,仕事では表現発信企画教育広報マネジメントで力を発揮しやすいでしょう。,対人面では明るさと誇り高さが魅力になります。,承認欲求が強まりすぎると評価に振り回されやすくなります。,stellium;Leo;10house;visibility;career;expression
Virgo,2,3,virgo_2h_stellium_practical_value,実務力を価値化する集中,役に立つ力や整える力を自分の価値として育てていく集中配置です。,日常の実務や改善力を現実的な価値へ変えていくことが大きなテーマになります。,仕事では事務管理分析編集品質改善で安定した成果を出しやすいでしょう。,対人面では細やかな気配りが信頼につながりやすいです。,不足や欠点ばかりに目が向くと自己価値が不安定になりやすいです。,stellium;Virgo;2house;practical;value;improvement
Libra,10,3,libra_10h_stellium_social_balance,社会調整と洗練の集中,社会の中で人や価値観を調整し美しく整えることが大きなテーマになりやすい集中配置です。,協調と判断のバランスを取りながら役割を果たすことで人生が展開しやすいです。,仕事では交渉広報人事接客デザイン調整役で力を発揮しやすいでしょう。,対人面では上品さと調和感覚が魅力になります。,周囲の評価や空気を優先しすぎると自分の基準が曖昧になりやすいです。,stellium;Libra;10house;social;balance;refinement
Scorpio,2,3,scorpio_2h_stellium_intense_value,深い価値形成の集中,お金能力自己価値に対して深く強いこだわりが生まれやすい集中配置です。,軽く扱えないテーマを通して価値観が鍛えられやすい配置です。,仕事では専門性研究分析投資危機管理など深く扱う分野で力を発揮しやすいでしょう。,対人面では信頼を得るまで慎重になりやすいです。,失う恐れや執着が強まると安心しにくくなります。,stellium;Scorpio;2house;value;intensity;resources
Sagittarius,1,3,sagittarius_1h_stellium_expansion,自由拡大と探求の集中,自由に広がりながら探求していく力が人格全体で強く前面に出やすい集中配置です。,狭い枠に収まるより可能性を広げることで人生が展開しやすいです。,仕事では教育企画海外発信研究営業など広げる役割で力を発揮しやすいでしょう。,対人面では明るさ率直さ開放感が魅力になります。,大きく考えすぎると詰めの甘さや継続不足につながりやすくなります。,stellium;Sagittarius;1house;expansion;freedom;self
Capricorn,6,3,capricorn_6h_stellium_discipline,規律と遂行力の集中,責任感と規律をもって現実を回し続ける力が日常領域で強く出やすい集中配置です。,役割を果たし仕組みを守りながら改善することが人生の重要テーマになります。,仕事では管理運用実務統制品質維持長期遂行で力を発揮しやすいでしょう。,対人面では頼られやすく責任ある立場を担いやすいです。,義務感が強まりすぎると休めず心が硬くなりやすいです。,stellium;Capricorn;6house;discipline;work;responsibility
Aquarius,10,3,aquarius_10h_stellium_reform,社会改革と独自性の集中,社会の中で独自の視点を活かし新しい仕組みを作ることが大きなテーマになりやすい集中配置です。,既存の枠に疑問を持ちよりよい形へ更新していく流れが強まりやすいです。,仕事では企画開発IT制度設計組織改革コミュニティ運営で力を発揮しやすいでしょう。,対人面ではフラットさと個性が魅力になります。,理屈や距離感が強すぎると温度の低さや孤立感につながりやすいです。,stellium;Aquarius;10house;reform;career;innovation
Pisces,6,3,pisces_6h_stellium_healing_service,癒しと奉仕の集中,繊細さや共感力を日常の役割や奉仕に注いでいく集中配置です。,人の痛みや空気を感じ取りながら支えることが人生の重要テーマになりやすいです。,仕事では医療福祉支援芸術セラピー裏方業務で力を発揮しやすいでしょう。,対人面では受容性と優しさが強い魅力になります。,境界が曖昧になると抱え込みや疲弊につながりやすくなります。,stellium;Pisces;6house;healing;service;sensitivity
Aries,7,3,aries_7h_stellium_dynamic_relationship,関係の中で鍛えられる集中,人との関わりの中で勢いや主体性が強く刺激されやすい集中配置です。,対人関係が人生の推進力となり関係の中で自分が鍛えられやすいです。,仕事では交渉営業共同プロジェクト対外対応で力を発揮しやすいでしょう。,対人面ではストレートさと行動力が魅力ですが衝突も起こりやすいです。,勝ち負けにこだわると関係が消耗戦になりやすくなります。,stellium;Aries;7house;relationship;initiative;dynamic
Taurus,6,3,taurus_6h_stellium_steady_work,安定稼働と継続実務の集中,無理なく続く形で日常や仕事を整える力が強く出やすい集中配置です。,安定した習慣と現実的な手順を積み重ねることで人生が整いやすいです。,仕事では継続運用品質維持経理事務制作管理で力を発揮しやすいでしょう。,対人面では穏やかさと誠実さが信頼につながりやすいです。,変化に消極的になりすぎると改善の機会を逃しやすくなります。,stellium;Taurus;6house;steady;work;routine
Gemini,11,3,gemini_11h_stellium_networking,交流と発信ネットワークの集中,仲間やコミュニティの中で情報をつなぎ広げる役割が強く出やすい集中配置です。,一人で抱えるより人と情報を循環させることで人生が発展しやすいです。,仕事ではSNS広報企画連携営業コミュニティ運営で力を発揮しやすいでしょう。,対人面では軽やかな交流力と話題の豊かさが魅力になります。,関係が広く浅くなりすぎると本当に必要な絆が弱まりやすいです。,stellium;Gemini;11house;network;communication;community
Cancer,10,3,cancer_10h_stellium_protective_role,守る役割と社会性の集中,人を守り支える役割を社会の中で担いやすい集中配置です。,安心を提供することや面倒を見ることが社会的役割につながりやすいです。,仕事では教育福祉人事接客管理サポート役で力を発揮しやすいでしょう。,対人面では温かさと包容力が魅力になります。,感情を仕事に持ち込みすぎると消耗しやすくなります。,stellium;Cancer;10house;care;career;protection
Leo,1,3,leo_1h_stellium_presence,存在感と自己表現の集中,自分らしさや華やかさが人格全体で強く前面に出やすい集中配置です。,自分の魅力を隠さず表現することで人生の流れが活性化しやすいです。,仕事では発信企画教育演出マネジメントで力を発揮しやすいでしょう。,対人面では明るさと温かい存在感が大きな魅力になります。,プライドや評価への敏感さが強まると傷つきやすくなります。,stellium;Leo;1house;presence;expression;self
Virgo,10,3,virgo_10h_stellium_professionalism,専門性と改善の社会化,実務改善や専門性を社会的役割として形にしていく集中配置です。,正確さと有用性を高めながら社会で信頼を築くことが大きなテーマになります。,仕事では分析品質管理編集研究事務改善専門職で力を発揮しやすいでしょう。,対人面では有能さと誠実さが信頼につながりやすいです。,細部へのこだわりが強まりすぎると評価不安や神経疲労につながりやすいです。,stellium;Virgo;10house;professional;career;improvement
Libra,1,3,libra_1h_stellium_refined_self,洗練された自己表現の集中,調和美意識対人感覚が人格全体に強くにじみやすい集中配置です。,人との関わりの中で自分を磨き洗練させていく流れが強まりやすいです。,仕事では接客広報デザイン調整交渉連携で力を発揮しやすいでしょう。,対人面では柔らかさ上品さ気配りが魅力になります。,自分の意見を後回しにしすぎると曖昧さが強まりやすいです。,stellium;Libra;1house;refinement;balance;self
Scorpio,10,3,scorpio_10h_stellium_intense_career,深い影響力と社会的変容の集中,社会の中で深い影響力を持ち変化を起こす役割が強く出やすい集中配置です。,表面的に整えるだけでなく本質に切り込み変革する流れが強まりやすいです。,仕事では調査研究金融危機管理再建経営心理分野で力を発揮しやすいでしょう。,対人面では存在感の強さと見抜く力が印象に残りやすいです。,支配欲や極端さが強まると力の使い方が重くなりやすいです。,stellium;Scorpio;10house;career;influence;transformation
Sagittarius,5,3,sagittarius_5h_stellium_playful_expansion,創造的拡大と自由表現の集中,楽しみながら表現し世界を広げていく力が強く出やすい集中配置です。,遊び創作発信冒険が人生の活力になりやすいです。,仕事では教育企画エンタメ発信旅行イベント分野で力を発揮しやすいでしょう。,対人面では明るさ開放感ユーモアが魅力になります。,勢いに任せすぎると継続性や責任感が弱まりやすいです。,stellium;Sagittarius;5house;play;creativity;expansion
Capricorn,2,3,capricorn_2h_stellium_structured_value,価値の構築と堅実性の集中,時間をかけて確かな価値や資源を築くことが大きなテーマになりやすい集中配置です。,短期的な派手さより長期的な蓄積で人生が安定しやすいです。,仕事では経理管理資産形成制度運用長期計画で力を発揮しやすいでしょう。,対人面では信頼できる現実感が安心感につながりやすいです。,不足感や損失への恐れが強まると守りが固くなりやすいです。,stellium;Capricorn;2house;value;structure;resources
Aquarius,1,3,aquarius_1h_stellium_individuality,独自性と自由な自己像の集中,常識にとらわれず独自の生き方を体現しやすい集中配置です。,自分らしい視点を貫くことで人生の流れが生まれやすいです。,仕事では企画開発改革IT研究コミュニティ形成で力を発揮しやすいでしょう。,対人面では個性と距離感のバランスが印象に残りやすいです。,違いを強調しすぎると孤立や反発につながりやすいです。,stellium;Aquarius;1house;individuality;freedom;self
Pisces,8,3,pisces_8h_stellium_empathic_depth,共感的な深さと変容の集中,見えない感情や深い結びつきを通して変容していく力が強く出やすい集中配置です。,理屈では説明しきれない深い感応を通して人生が動きやすいです。,仕事では心理支援福祉芸術医療研究秘密保持が必要な分野で力を発揮しやすいでしょう。,対人面では深い共感と溶け合うような親密さが出やすいです。,境界の曖昧さが強まると依存や混乱につながりやすいです。,stellium;Pisces;8house;depth;empathy;transformation
Aries,4,3,aries_4h_stellium_inner_drive,内的推進力と居場所形成の集中,安心基盤や私的領域の中に強い推進力が集まりやすい集中配置です。,自分の居場所を自力で切り開きながら人生の土台を作っていきやすいです。,仕事では立ち上げ運営現場対応家庭支援不動産管理などで力を発揮しやすいでしょう。,対人面では身内に対して率直で守る力が強く出やすいです。,感情的な反応が早すぎると家庭や身近な関係で衝突が増えやすくなります。,stellium;Aries;4house;home;initiative;foundation
Aries,8,3,aries_8h_stellium_crisis_drive,危機突破と変容の集中,深い共有や危機的状況の中で突破力が強く働きやすい集中配置です。,強いプレッシャーの中で本領を発揮し人生を変化させやすいです。,仕事では危機管理再建交渉調査投資医療など緊張感の高い分野で力を発揮しやすいでしょう。,対人面では親密な関係で情熱と衝突の両方が強く出やすいです。,力で押し切ろうとすると信頼関係が壊れやすくなります。,stellium;Aries;8house;crisis;transformation;shared
Aries,11,3,aries_11h_stellium_collective_push,集団推進と先導の集中,仲間や集団の中で先頭に立ち流れを作りやすい集中配置です。,理想を語るだけでなく周囲を巻き込んで動かすことが大きなテーマになります。,仕事ではチーム推進企画立案営業組織開拓コミュニティ形成で力を発揮しやすいでしょう。,対人面では行動力と決断の速さが魅力になります。,周囲のペースを無視すると独走や対立につながりやすいです。,stellium;Aries;11house;group;leadership;initiative
Taurus,4,3,taurus_4h_stellium_security_base,安心基盤と蓄積の集中,生活基盤や居場所を安定させながら人生を築きやすい集中配置です。,慌てず確実に安心できる土台を作ることが人生の中心テーマになりやすいです。,仕事では住環境管理不動産経理家業運営支援業務で力を発揮しやすいでしょう。,対人面では温かさと安定感が信頼につながりやすいです。,安定へのこだわりが強すぎると閉じた環境に留まりやすくなります。,stellium;Taurus;4house;security;home;stability
Taurus,8,3,taurus_8h_stellium_shared_security,共有資源と安心の集中,共有や深い結びつきの中でも安定を求めやすい集中配置です。,他者との結びつきの中で安心できる形を作ることが人生テーマになりやすいです。,仕事では金融管理資産運用継承支援保険経理などで力を発揮しやすいでしょう。,対人面では一度信頼すると深く長く結びつきやすいです。,執着や所有意識が強まると関係が重くなりやすいです。,stellium;Taurus;8house;shared;security;resources
Taurus,10,3,taurus_10h_stellium_reliable_career,堅実な社会的信頼の集中,社会の中で安定した価値を提供し信頼を築きやすい集中配置です。,急成長よりも着実な積み上げで評価されやすい人生の流れになります。,仕事では品質管理経営補佐製造会計資産管理運営で力を発揮しやすいでしょう。,対人面では落ち着きと誠実さが魅力として伝わりやすいです。,現状維持が強すぎると挑戦のタイミングを逃しやすくなります。,stellium;Taurus;10house;career;reliability;stability
Gemini,6,3,gemini_6h_stellium_adaptive_work,柔軟実務と情報処理の集中,日常や仕事の場で情報処理と柔軟な対応力が強く出やすい集中配置です。,変化の多い環境の中で素早く学び回しながら人生を整えやすいです。,仕事では事務処理編集調整サポート分析連絡業務で力を発揮しやすいでしょう。,対人面では気さくさと話しやすさが安心感につながりやすいです。,気が散りやすいと集中力や継続力が落ちやすくなります。,stellium;Gemini;6house;work;adaptability;information
Gemini,7,3,gemini_7h_stellium_dialogue_relation,対話関係と知的交流の集中,人との対話や知的交流を通して人生が展開しやすい集中配置です。,関係性の中で言葉を交わしながら自分の視野を広げていく流れが強まりやすいです。,仕事では営業接客広報交渉教育連携業務で力を発揮しやすいでしょう。,対人面では会話のテンポの良さと柔軟性が魅力になります。,言葉が多くなりすぎると軽さや一貫性の弱さにつながりやすいです。,stellium;Gemini;7house;relationship;dialogue;communication
Gemini,10,3,gemini_10h_stellium_public_voice,社会的発信と知的機動力の集中,社会の中で情報を扱い発信する役割が強く出やすい集中配置です。,知識や言葉を活かして多方面に働きかけることが人生のテーマになりやすいです。,仕事では広報営業編集教育企画メディア業務で力を発揮しやすいでしょう。,対人面では軽快さと頭の回転の速さが印象に残りやすいです。,興味が分散しすぎると専門性の薄さにつながりやすいです。,stellium;Gemini;10house;career;communication;public
Cancer,1,3,cancer_1h_stellium_sensitive_presence,感受性と保護性の集中,感受性や守ろうとする気質が人格全体に強く表れやすい集中配置です。,自分や大切な人を守りながら安心できる流れを作ることが人生の土台になりやすいです。,仕事ではケア支援教育接客保護管理で力を発揮しやすいでしょう。,対人面では親しみやすさと温かさが大きな魅力になります。,感情防衛が強くなると気分の波や閉鎖性につながりやすいです。,stellium;Cancer;1house;sensitivity;care;self
Cancer,6,3,cancer_6h_stellium_caring_work,支援実務と保護の集中,日常や仕事の場で人を支え守る力が強く出やすい集中配置です。,身近な場を整えながら人の安心を支えることが人生の重要テーマになります。,仕事では医療福祉人事総務接客教育支援で力を発揮しやすいでしょう。,対人面では細やかな気遣いと面倒見の良さが魅力になります。,抱え込みやすいと疲弊や境界の曖昧さにつながりやすいです。,stellium;Cancer;6house;service;care;work
Cancer,8,3,cancer_8h_stellium_emotional_depth,感情的深さと共有の集中,深い感情交流や共有を通して大きく変化しやすい集中配置です。,人との強い結びつきの中で心の深い層が動き人生が変わりやすいです。,仕事では心理支援福祉危機対応財務継承支援で力を発揮しやすいでしょう。,対人面では深い愛着と守ろうとする姿勢が強く出やすいです。,不安や依存が強まると関係が重くなりやすくなります。,stellium;Cancer;8house;depth;bonding;shared
Leo,7,3,leo_7h_stellium_visible_relation,関係の中で輝く集中,対人関係の中で自分らしさや存在感が強く表れやすい集中配置です。,人と関わることで魅力や表現力が引き出され人生が活性化しやすいです。,仕事では接客営業教育広報共同企画マネジメントで力を発揮しやすいでしょう。,対人面では明るさ温かさドラマ性が魅力になります。,認められたい気持ちが強すぎると関係が不安定になりやすいです。,stellium;Leo;7house;relationship;visibility;expression
Leo,11,3,leo_11h_stellium_group_presence,集団の中での存在感の集中,仲間や集団の中で目立つ役割や中心性を持ちやすい集中配置です。,個人の魅力を共同体の中で発揮することが人生テーマになりやすいです。,仕事ではチーム運営発信イベント企画教育コミュニティ形成で力を発揮しやすいでしょう。,対人面では人を明るくする華やかさが魅力になります。,集団の中で承認を求めすぎると競争意識が強まりやすいです。,stellium;Leo;11house;group;presence;leadership
Leo,12,3,leo_12h_stellium_hidden_creativity,内面世界の創造性の集中,表に見えにくい場所で強い創造性や誇りが育ちやすい集中配置です。,表に出る前の準備期間や内面の熟成を通して人生が深まりやすいです。,仕事では制作研究裏方演出支援芸術分野で力を発揮しやすいでしょう。,対人面では静かな誇りと優しさがにじみやすいです。,認められない痛みを溜め込むと自己否定や孤立感につながりやすいです。,stellium;Leo;12house;creativity;inner;hidden
Virgo,1,3,virgo_1h_stellium_precise_self,整える自己像の集中,正確さや整える力が人格全体に強くにじみやすい集中配置です。,観察し調整し改善することが自分らしさの核になりやすいです。,仕事では分析編集管理品質改善実務全般で力を発揮しやすいでしょう。,対人面では気配りと誠実さが信頼につながりやすいです。,自己批判や過度な神経質さが強まると疲れやすくなります。,stellium;Virgo;1house;precision;self;improvement
Virgo,4,3,virgo_4h_stellium_ordered_base,整った基盤づくりの集中,生活基盤や心の土台を整えることに力が集まりやすい集中配置です。,安心できる環境を細やかに整えながら人生を安定させやすいです。,仕事では総務事務運用管理家業支援医療福祉関連で力を発揮しやすいでしょう。,対人面では身近な人への細やかな配慮が魅力になります。,細部へのこだわりが強すぎると家庭内の緊張や不満が増えやすいです。,stellium;Virgo;4house;home;order;support
Virgo,8,3,virgo_8h_stellium_analysis_depth,深い分析と共有課題の集中,共有や深いテーマに対して分析力と改善意識が強く向きやすい集中配置です。,複雑な問題を整理し現実的に扱うことが人生の重要テーマになりやすいです。,仕事では研究調査医療会計保険危機管理分析で力を発揮しやすいでしょう。,対人面では慎重さと誠実さが信頼につながりやすいです。,不安を細かく追いすぎると神経過敏や疑い深さにつながりやすいです。,stellium;Virgo;8house;analysis;depth;shared
Libra,4,3,libra_4h_stellium_harmonious_base,調和的な居場所づくりの集中,家庭や私的領域で美しさと調和を整える力が強く出やすい集中配置です。,心地よい関係性と環境を整えることで人生の土台が安定しやすいです。,仕事では住環境接客調整総務支援デザイン関連で力を発揮しやすいでしょう。,対人面では柔らかさと公平さが安心感につながりやすいです。,対立を避けすぎると本音が溜まりやすくなります。,stellium;Libra;4house;home;harmony;balance
Libra,8,3,libra_8h_stellium_shared_balance,深い関係における均衡の集中,共有や親密さの中でバランス感覚が試されやすい集中配置です。,人との深い結びつきを公平に保つことが人生の大きなテーマになりやすいです。,仕事では交渉財務相談法務支援心理対人調整で力を発揮しやすいでしょう。,対人面では品のある親密さと配慮が魅力になります。,相手に合わせすぎると自分の欲求が見えにくくなりやすいです。,stellium;Libra;8house;shared;balance;relationship
Libra,11,3,libra_11h_stellium_social_link,社会的つながりと協調の集中,仲間や社会とのつながりの中で調整役として機能しやすい集中配置です。,個人の意見を調整しながら共同体を整えることが人生テーマになりやすいです。,仕事では人事広報イベント企画営業コミュニティ運営で力を発揮しやすいでしょう。,対人面では社交性と気配りが強い魅力になります。,全員に良く思われようとすると判断が鈍りやすくなります。,stellium;Libra;11house;social;cooperation;network
Scorpio,1,3,scorpio_1h_stellium_intense_self,強い存在感と深い自己変容の集中,強い存在感や極端さが人格全体に前面化しやすい集中配置です。,深く生きることや本質に迫ることが自分らしさの核になりやすいです。,仕事では研究分析危機対応再建心理金融分野で力を発揮しやすいでしょう。,対人面では見抜く力と濃い存在感が印象に残りやすいです。,警戒や支配欲が強まると人との距離が極端になりやすいです。,stellium;Scorpio;1house;intensity;self;transformation
Scorpio,4,3,scorpio_4h_stellium_deep_foundation,深い心の基盤形成の集中,心の奥深くにある課題や記憶が人生の土台に強く影響しやすい集中配置です。,安心基盤を作るために深い感情や過去と向き合うことが重要になりやすいです。,仕事では心理支援家族支援調査再建保全業務で力を発揮しやすいでしょう。,対人面では身内に対する結びつきが非常に深くなりやすいです。,感情を抱え込みすぎると防衛的で閉鎖的になりやすいです。,stellium;Scorpio;4house;home;depth;inner
Scorpio,11,3,scorpio_11h_stellium_intense_group,濃い仲間関係と集団変容の集中,仲間や集団の中で深い影響力や結束を生みやすい集中配置です。,表面的なつながりより本気で関われる共同体を求めやすいです。,仕事では組織再建戦略立案研究チーム運営危機管理で力を発揮しやすいでしょう。,対人面では少数精鋭の濃い関係を築きやすいです。,疑いや排他性が強まると集団内の緊張が高まりやすいです。,stellium;Scorpio;11house;group;intensity;bonding
Sagittarius,4,3,sagittarius_4h_stellium_belief_base,広い視野を育てる基盤の集中,家庭や内面の基盤に自由さと探求心が強く流れやすい集中配置です。,安心の中に広がりや学びを持ち込むことが人生のテーマになりやすいです。,仕事では教育支援企画住環境運営海外関連業務で力を発揮しやすいでしょう。,対人面では明るさとおおらかさが居心地の良さにつながりやすいです。,自由を優先しすぎると生活基盤の安定が弱まりやすいです。,stellium;Sagittarius;4house;home;freedom;belief
Sagittarius,6,3,sagittarius_6h_stellium_growth_work,成長志向の実務集中,日常や仕事の場で成長志向や向上心が強く出やすい集中配置です。,働きながら学び広げていくことが人生の流れになりやすいです。,仕事では教育企画研修営業研究発信業務で力を発揮しやすいでしょう。,対人面では前向きさと率直さが良い刺激になりやすいです。,理想が先行しすぎると日々の細かな管理が雑になりやすいです。,stellium;Sagittarius;6house;work;growth;learning
Sagittarius,11,3,sagittarius_11h_stellium_vision_network,理想共有と未来拡大の集中,仲間と理想を共有しながら未来を広げていく力が強く出やすい集中配置です。,一人の成功よりも共同体の可能性を広げることに意味を感じやすいです。,仕事では企画教育コミュニティ運営海外連携発信で力を発揮しやすいでしょう。,対人面では開放感と前向きさが周囲を明るくしやすいです。,理想論ばかりになると現実的な実行力が弱まりやすいです。,stellium;Sagittarius;11house;vision;network;expansion
Capricorn,1,3,capricorn_1h_stellium_serious_self,責任感ある自己像の集中,責任感や現実性が人格全体に強く表れやすい集中配置です。,軽さよりも確かさを重視しながら人生を積み上げやすいです。,仕事では管理運営統制計画実務推進で力を発揮しやすいでしょう。,対人面では信頼感と落ち着きが魅力になります。,自分に厳しすぎると柔軟性や余裕を失いやすいです。,stellium;Capricorn;1house;responsibility;self;structure
Capricorn,4,3,capricorn_4h_stellium_responsible_base,責任ある基盤形成の集中,家庭や内面の基盤を堅実に整え維持する力が強く出やすい集中配置です。,安心よりもまず現実を整えることが人生の土台になりやすいです。,仕事では家業運営不動産管理総務経理長期維持業務で力を発揮しやすいでしょう。,対人面では頼られる存在になりやすい一方で弱音を見せにくいです。,感情を抑え込みすぎると孤独感や硬さにつながりやすいです。,stellium;Capricorn;4house;home;responsibility;foundation
Capricorn,8,3,capricorn_8h_stellium_controlled_depth,管理された深さの集中,共有や危機的領域において責任感と統制力が強く働きやすい集中配置です。,混乱の中でも秩序を作り直すことが人生テーマになりやすいです。,仕事では財務管理危機対応保険法務再建監査で力を発揮しやすいでしょう。,対人面では簡単には心を開かず慎重に信頼を築きやすいです。,支配や防衛が強まると関係が冷えやすくなります。,stellium;Capricorn;8house;control;shared;discipline
Aquarius,4,3,aquarius_4h_stellium_independent_base,独立性ある基盤づくりの集中,家庭や私的領域において独立性や独自性が強く表れやすい集中配置です。,一般的な形に縛られず自分なりの居場所を作ることが人生テーマになりやすいです。,仕事では制度改善IT運営研究在宅企画支援で力を発揮しやすいでしょう。,対人面では程よい距離感と自由さが心地よさにつながることがあります。,距離を取りすぎると情緒的な孤立につながりやすいです。,stellium;Aquarius;4house;home;independence;innovation
Aquarius,6,3,aquarius_6h_stellium_system_work,仕組み改善と合理的実務の集中,日常や仕事の場で合理化や仕組み改善の力が強く出やすい集中配置です。,個人の根性よりも仕組みで回す発想が人生の中心テーマになりやすいです。,仕事ではIT改善分析運用設計制度構築チーム改善で力を発揮しやすいでしょう。,対人面ではフラットで公平な接し方が信頼につながりやすいです。,理屈が先行しすぎると人の感情を置き去りにしやすいです。,stellium;Aquarius;6house;work;system;innovation
Aquarius,8,3,aquarius_8h_stellium_unconventional_depth,独自の深い結びつきの集中,深い領域や共有の場で独自の価値観や距離感が強く表れやすい集中配置です。,一般的な親密さの形に収まらず自分なりの深い関わり方を模索しやすいです。,仕事では研究開発データ分析制度改革危機対応で力を発揮しやすいでしょう。,対人面では独特の近さと距離感のバランスが印象に残りやすいです。,理性で処理しすぎると深い感情共有が難しくなりやすいです。,stellium;Aquarius;8house;depth;independence;shared
Pisces,1,3,pisces_1h_stellium_receptive_self,受容的な自己像の集中,柔らかさ共感性直感が人格全体に強くにじみやすい集中配置です。,感じ取る力を通して自然に人生の流れをつかみやすいです。,仕事では支援芸術福祉癒し接客裏方業務で力を発揮しやすいでしょう。,対人面では優しさと受容性が大きな魅力になります。,境界が曖昧だと周囲の影響を受けすぎて不安定になりやすいです。,stellium;Pisces;1house;receptivity;self;empathy
Pisces,4,3,pisces_4h_stellium_soft_base,やわらかな安心基盤の集中,内面や私的領域に繊細さと癒しの力が強く流れやすい集中配置です。,安心できる場所や心の避難所を作ることが人生の土台になりやすいです。,仕事では福祉医療支援芸術住環境ケア分野で力を発揮しやすいでしょう。,対人面では包み込むような優しさが魅力になります。,現実逃避や曖昧さが強まると生活基盤が不安定になりやすいです。,stellium;Pisces;4house;home;healing;security
Pisces,7,3,pisces_7h_stellium_merging_relation,溶け合う関係性の集中,対人関係において共感や一体感が強く出やすい集中配置です。,人との境界を越えて深く理解し合うことが人生テーマになりやすいです。,仕事では対人支援相談接客福祉芸術共同作業で力を発揮しやすいでしょう。,対人面では優しさと共感力が強く相手を癒しやすいです。,境界が曖昧になると依存や巻き込まれにつながりやすいです。,stellium;Pisces;7house;relationship;empathy;merging
Pisces,10,3,pisces_10h_stellium_compassion_role,共感的な社会的役割の集中,社会の中で癒し受容支援の力を役割として発揮しやすい集中配置です。,成果だけでなく人の心や空気を扱うことが人生の仕事になりやすいです。,仕事では医療福祉芸術支援カウンセリング接客分野で力を発揮しやすいでしょう。,対人面では柔らかい包容力が信頼につながりやすいです。,現実との境界が曖昧だと仕事での消耗や混乱につながりやすいです。,stellium;Pisces;10house;career;compassion;service
Pisces,11,3,pisces_11h_stellium_collective_empathy,共感的ネットワークの集中,仲間や共同体の中で共感や癒しの役割を果たしやすい集中配置です。,人をつなぎ優しく包みながら共同体に意味を与えることが人生テーマになりやすいです。,仕事ではコミュニティ支援福祉芸術企画協働分野で力を発揮しやすいでしょう。,対人面では誰も排除しない柔らかさが魅力になります。,境界が薄すぎると集団の感情に飲まれやすくなります。,stellium;Pisces;11house;community;empathy;healing
Aries,1,4,aries_1h_stellium_initiative_strong,自己始動と突破の超集中,自分で始め自分で切り開く力が人格全体の中心軸になりやすい強い集中配置です。,待つより先に動くことが人生そのものを切り開く鍵になりやすく自力で道を作る傾向が非常に強まります。,仕事では新規立ち上げ開拓推進意思決定の場で圧倒的な初動力を発揮しやすいでしょう。,対人面では率直さと勢いが強い魅力になりますが主導権争いも起きやすくなります。,衝動性と短気さが強まると周囲との摩擦や判断ミスが増えやすくなります。,stellium;Aries;1house;initiative;action;self;strong
Taurus,2,4,taurus_2h_stellium_value_strong,価値構築と安定の超集中,自分の価値資源生活基盤を築くことが人生の最重要テーマになりやすい強い集中配置です。,安心できる基盤を自分の手で固めながら人生全体を安定化させていく流れが非常に強まります。,仕事では資産形成経理品質維持制作管理継続運用で大きな成果を出しやすいでしょう。,対人面では誠実さと安定感が安心できる関係づくりにつながりやすいです。,守りが固くなりすぎると変化の波に乗れず停滞しやすくなります。,stellium;Taurus;2house;value;stability;resources;strong
Gemini,3,4,gemini_3h_stellium_information_strong,情報循環と学習の超集中,知識情報発信コミュニケーションが人生の中核機能になりやすい強い集中配置です。,学びながら伝え伝えながら広げることが人生の推進力として非常に強く働きやすいです。,仕事では編集教育営業広報企画連携メディア分野で大量の情報を扱う力を発揮しやすいでしょう。,対人面では会話力理解力柔軟性が大きな魅力になります。,情報過多や関心の拡散により軸の弱さや継続不足が出やすくなります。,stellium;Gemini;3house;information;learning;communication;strong
Cancer,4,4,cancer_4h_stellium_nurture_strong,安心基盤と養育の超集中,心の安心や居場所づくりが人生の土台そのものになりやすい強い集中配置です。,守ること育てること支えることが人生の中心軸として非常に強く流れやすいです。,仕事では教育福祉支援家業運営接客管理など安心を支える分野で力を発揮しやすいでしょう。,対人面では深い愛着と保護本能が強く家族的なつながりを作りやすいです。,身内意識や感情防衛が強まりすぎると閉鎖性と依存が強くなりやすいです。,stellium;Cancer;4house;home;nurture;security;strong
Leo,5,4,leo_5h_stellium_creativity_strong,自己表現と創造性の超集中,自分らしさを見せ創り出すことが人生の中心使命になりやすい強い集中配置です。,表現すること楽しむこと誇りを持って存在することが人生の活力源として非常に強く働きます。,仕事では企画演出教育発信エンタメ表現活動の分野で大きく力を発揮しやすいでしょう。,対人面では華やかさ温かさドラマ性が強い魅力になります。,承認欲求やプライドが過剰になると評価に振り回されやすくなります。,stellium;Leo;5house;creativity;expression;joy;strong
Virgo,6,4,virgo_6h_stellium_work_service_strong,実務改善と奉仕の超集中,実務改善奉仕を通じて自分の価値を形にすることが人生の主軸そのものになりやすい強い集中配置です。,細部を整え役立つ形へ仕上げ続けることが人生全体の使命として非常に強く現れやすいです。,仕事では分析改善品質管理実務最適化編集研究事務運用で専門性を発揮しやすいでしょう。,対人面では言葉より配慮や具体的行動で信頼と愛情を示しやすいです。,完璧主義と自己批判が強まりすぎると慢性的な疲労や安心感の欠如につながりやすいです。,stellium;Virgo;6house;work;service;improvement;strong
Libra,7,4,libra_7h_stellium_relationship_strong,協調と対人調整の超集中,人との関係性そのものが人生の中心舞台になりやすい強い集中配置です。,対話調整協力を通して自分の価値や役割が決まり人生が大きく展開しやすくなります。,仕事では交渉仲介接客人事営業デザイン共同作業で大きな力を発揮しやすいでしょう。,対人面では洗練気配り調和感覚が非常に強い魅力になります。,相手基準が強くなりすぎると主体性の喪失や優柔不断につながりやすいです。,stellium;Libra;7house;relationship;balance;cooperation;strong
Scorpio,8,4,scorpio_8h_stellium_transformation_strong,深い共有と変容の超集中,深い関係性共有喪失再生を通して人生が根本から変容しやすい強い集中配置です。,表面的には済まない体験を通して自分を作り変えていく流れが人生の中心軸として非常に強く現れやすいです。,仕事では研究心理金融危機管理再建医療調査分野で強い集中力と洞察力を発揮しやすいでしょう。,対人面では極めて深い結びつきと強い感情反応が出やすく信頼が重要になります。,執着疑い支配欲が強まると関係も心も極端になりやすくなります。,stellium;Scorpio;8house;transformation;depth;shared_resources;strong
Sagittarius,9,4,sagittarius_9h_stellium_exploration_strong,探求と拡大の超集中,学び探求思想の拡大が人生の方向性を決めるほど強く働きやすい集中配置です。,より大きな意味や可能性を追い求めることが人生の推進力として非常に強く現れやすいです。,仕事では教育研究出版企画戦略海外関連発信分野で視野の広さを活かしやすいでしょう。,対人面では率直さ自由さ理想の高さが魅力になります。,理想が先行しすぎると現実調整や継続的実務が甘くなりやすいです。,stellium;Sagittarius;9house;exploration;learning;expansion;strong
Capricorn,10,4,capricorn_10h_stellium_social_building_strong,社会構築と達成の超集中,責任達成社会的構築を通して存在感を高めることが人生の柱になりやすい強い集中配置です。,時間をかけて実績と信頼を築くことが人生の主軸として非常に強く現れやすいです。,仕事では管理組織運営制度設計経営補佐長期プロジェクトで大きな成果を出しやすいでしょう。,対人面では責任感と役割意識の強さが信頼につながりやすいです。,成果責任評価への偏りが強すぎると感情表現や柔らかさが極端に後回しになりやすいです。,stellium;Capricorn;10house;career;authority;structure;strong
Aquarius,11,4,aquarius_11h_stellium_network_strong,未来志向とネットワークの超集中,理想共有仲間連携を通して未来志向の価値を形にすることが人生の主軸になりやすい強い集中配置です。,個人で完結するより人や仕組みをつなぎながら新しい流れを作ることが非常に重要になります。,仕事では企画開発ITコミュニティ運営制度改善組織改革で大きな力を発揮しやすいでしょう。,対人面では独自性とフラットな関わり方が強い魅力になります。,理屈や距離感が強くなりすぎると冷たさ孤立感分断につながりやすいです。,stellium;Aquarius;11house;network;innovation;future;strong
Pisces,12,4,pisces_12h_stellium_spiritual_strong,感受性と内面世界の超集中,感受性直感内面世界の深さが人生全体を大きく支配しやすい強い集中配置です。,見えない流れや心の奥にあるものを感じ取りながら生きることが人生の中心テーマとして非常に強く現れやすいです。,仕事では癒し支援芸術福祉研究裏方医療分野で深い感受性を活かしやすいでしょう。,対人面では包み込むような共感力と受容性が強い魅力になります。,境界の曖昧さが強まると他者の感情や状況を抱え込みすぎて消耗しやすくなります。,stellium;Pisces;12house;sensitivity;inner;spiritual;strong
Aries,10,4,aries_10h_stellium_leadership_strong,社会的先導と突破の超集中,社会の中で先頭に立ち自ら流れを切り開く役割が極めて強く出やすい集中配置です。,結果を待つのではなく自分から仕掛けることが人生の主軸として非常に強く現れやすいです。,仕事では起業新規事業営業開拓プロジェクト推進現場判断で大きな力を発揮しやすいでしょう。,対人面では頼もしさと決断の速さが魅力になります。,周囲との歩調を無視すると孤立や対立が強まりやすくなります。,stellium;Aries;10house;leadership;career;initiative;strong
Gemini,10,4,gemini_10h_stellium_public_voice_strong,社会的発信と知的機動力の超集中,社会の中で情報を扱い伝え広げる役割が人生の中心になりやすい強い集中配置です。,知識や言葉を使って多方面に働きかけることが人生の軸として非常に強くなります。,仕事では広報営業編集教育企画メディア運営発信分野で高い適応力を発揮しやすいでしょう。,対人面では機転の良さと軽快さが印象に残りやすいです。,興味の分散が激しくなると一貫性や専門性の弱さにつながりやすいです。,stellium;Gemini;10house;career;communication;public;strong
Virgo,10,4,virgo_10h_stellium_professionalism_strong,専門性と改善の社会化の超集中,実務改善や専門性を社会的役割として形にしていくことが人生の中核になりやすい強い集中配置です。,正確さ有用性改善力を使って社会で信頼を築く流れが非常に強く現れやすいです。,仕事では分析品質管理編集研究事務改善専門職分野で高度な適性を発揮しやすいでしょう。,対人面では有能さ誠実さ安定した対応が信頼につながりやすいです。,細部へのこだわりが過剰になると評価不安神経疲労自己批判が強まりやすいです。,stellium;Virgo;10house;professional;career;improvement;strong
Aquarius,10,4,aquarius_10h_stellium_reform_strong,社会改革と独自性の超集中,社会の中で独自の視点を活かし新しい仕組みを作ることが人生の主軸になりやすい強い集中配置です。,既存の枠を疑いよりよい形へ更新していくことが人生の使命として非常に強く現れやすいです。,仕事では企画開発IT制度設計組織改革研究コミュニティ運営で大きな力を発揮しやすいでしょう。,対人面では個性と公平さが魅力になります。,理論優先が強すぎると人間的な温度差や孤立につながりやすいです。,stellium;Aquarius;10house;reform;career;innovation;strong
Pisces,10,4,pisces_10h_stellium_compassion_role_strong,共感的な社会的役割の超集中,社会の中で癒し受容支援の力を役割として大きく発揮しやすい強い集中配置です。,成果だけでなく人の心や空気を扱うことが人生の仕事として非常に強く現れやすいです。,仕事では医療福祉芸術支援カウンセリング接客分野で深い共感力を活かしやすいでしょう。,対人面では柔らかな包容力と安心感が信頼につながりやすいです。,現実との境界が曖昧だと仕事上の消耗や混乱依存関係につながりやすいです。,stellium;Pisces;10house;career;compassion;service;strong
